variant,round,metric,value
task4,1.0,score,1.0
task4,2.0,score,0.5
task4,3.0,score,0.3333
task4,4.0,score,0.25
task4,5.0,score,0.2
task4,6.0,score,0.1667
task4,7.0,score,0.1429
task4,8.0,score,0.125
task4,9.0,score,0.2222
task4,10.0,score,0.2
task4,11.0,score,0.1818
task4,12.0,score,0.25
task4,13.0,score,0.4615
task4,14.0,score,0.4286
task4,15.0,score,0.4
task4,16.0,score,0.375
task4,17.0,score,0.3529
task4,18.0,score,0.3889
task4,19.0,score,0.4211
task4,20.0,score,0.45
task4,21.0,score,0.4762
task4,22.0,score,0.4545
task4,23.0,score,0.4783
task4,24.0,score,0.4583
task4,25.0,score,0.44
task4,26.0,score,0.4615
task4,27.0,score,0.4444
task4,28.0,score,0.4286
task4,29.0,score,0.4828
task4,30.0,score,0.4667
task4,31.0,score,0.4839
task4,32.0,score,0.4688
task4,33.0,score,0.4848
task4,34.0,score,0.4706
task4,35.0,score,0.4571
task4,36.0,score,0.4444
task4,37.0,score,0.4324
task4,38.0,score,0.4211
task4,39.0,score,0.4103
task4,40.0,score,0.425
task4,41.0,score,0.4146
task4,42.0,score,0.4048
task4,43.0,score,0.4186
task4,44.0,score,0.4318
task4,45.0,score,0.5333
task4,46.0,score,0.5217
task4,47.0,score,0.5319
task4,48.0,score,0.5625
task4,49.0,score,0.551
task4,50.0,score,0.54
task4,51.0,score,0.549
task4,52.0,score,0.5577
task4,53.0,score,0.566
task4,54.0,score,0.5556
task4,55.0,score,0.5818
task4,56.0,score,0.5893
task4,57.0,score,0.5965
task4,58.0,score,0.5862
task4,59.0,score,0.5763
task4,60.0,score,0.5833
task4,61.0,score,0.5738
task4,62.0,score,0.5645
task4,63.0,score,0.5556
task4,64.0,score,0.5469
task4,65.0,score,0.5385
task4,66.0,score,0.5303
task4,67.0,score,0.5224
task4,68.0,score,0.5147
task4,69.0,score,0.5072
task4,70.0,score,0.5
task4,71.0,score,0.507
task4,72.0,score,0.5
task4,73.0,score,0.4932
task4,74.0,score,0.4865
task4,75.0,score,0.48
task4,76.0,score,0.4737
task4,77.0,score,0.4675
task4,78.0,score,0.4615
task4,79.0,score,0.4557
task4,80.0,score,0.45
task4,81.0,score,0.4444
task4,82.0,score,0.4512
task4,83.0,score,0.4458
task4,84.0,score,0.4524
task4,85.0,score,0.4471
task4,86.0,score,0.4535
task4,87.0,score,0.4483
task4,88.0,score,0.4432
task4,89.0,score,0.4382
task4,90.0,score,0.4333
task4,91.0,score,0.4396
task4,92.0,score,0.4457
task4,93.0,score,0.4624
task4,94.0,score,0.4574
task4,95.0,score,0.4526
task4,96.0,score,0.4583
task4,97.0,score,0.4536
task4,98.0,score,0.449
task4,99.0,score,0.4444
task4,100.0,score,0.44
task4,101.0,score,0.43
task4,102.0,score,0.43
task4,103.0,score,0.43
task4,104.0,score,0.43
task4,105.0,score,0.43
task4,106.0,score,0.43
task4,107.0,score,0.43
task4,108.0,score,0.43
task4,109.0,score,0.42
task4,110.0,score,0.42
task4,111.0,score,0.42
task4,112.0,score,0.41
task4,113.0,score,0.38
task4,114.0,score,0.38
task4,115.0,score,0.39
task4,116.0,score,0.39
task4,117.0,score,0.42
task4,118.0,score,0.41
task4,119.0,score,0.4
task4,120.0,score,0.41
task4,121.0,score,0.4
task4,122.0,score,0.4
task4,123.0,score,0.4
task4,124.0,score,0.4
task4,125.0,score,0.4
task4,126.0,score,0.39
task4,127.0,score,0.39
task4,128.0,score,0.39
task4,129.0,score,0.37
task4,130.0,score,0.37
task4,131.0,score,0.36
task4,132.0,score,0.36
task4,133.0,score,0.35
task4,134.0,score,0.35
task4,135.0,score,0.35
task4,136.0,score,0.35
task4,137.0,score,0.35
task4,138.0,score,0.37
task4,139.0,score,0.37
task4,140.0,score,0.36
task4,141.0,score,0.38
task4,142.0,score,0.38
task4,143.0,score,0.37
task4,144.0,score,0.36
task4,145.0,score,0.32
task4,146.0,score,0.32
task4,147.0,score,0.32
task4,148.0,score,0.3
task4,149.0,score,0.3
task4,150.0,score,0.3
task4,151.0,score,0.29
task4,152.0,score,0.3
task4,153.0,score,0.29
task4,154.0,score,0.29
task4,155.0,score,0.27
task4,156.0,score,0.26
task4,157.0,score,0.25
task4,158.0,score,0.25
task4,159.0,score,0.25
task4,160.0,score,0.24
task4,161.0,score,0.24
task4,162.0,score,0.24
task4,163.0,score,0.24
task4,164.0,score,0.24
task4,165.0,score,0.26
task4,166.0,score,0.26
task4,167.0,score,0.26
task4,168.0,score,0.28
task4,169.0,score,0.28
task4,170.0,score,0.28
task4,171.0,score,0.27
task4,172.0,score,0.27
task4,173.0,score,0.27
task4,174.0,score,0.27
task4,175.0,score,0.27
task4,176.0,score,0.29
task4,177.0,score,0.31
task4,178.0,score,0.31
task4,179.0,score,0.31
task4,180.0,score,0.31
task4,181.0,score,0.31
task4,182.0,score,0.3
task4,183.0,score,0.31
task4,184.0,score,0.3
task4,185.0,score,0.31
task4,186.0,score,0.31
task4,187.0,score,0.31
task4,188.0,score,0.31
task4,189.0,score,0.31
task4,190.0,score,0.32
task4,191.0,score,0.32
task4,192.0,score,0.31
task4,193.0,score,0.29
task4,194.0,score,0.3
task4,195.0,score,0.3
task4,196.0,score,0.29
task4,197.0,score,0.29
task4,198.0,score,0.29
task4,199.0,score,0.29
task4,200.0,score,0.29
task4,201.0,score,0.29
task4,202.0,score,0.29
task4,203.0,score,0.29
task4,204.0,score,0.29
task4,205.0,score,0.29
task4,206.0,score,0.29
task4,207.0,score,0.29
task4,208.0,score,0.29
task4,209.0,score,0.3
task4,210.0,score,0.3
task4,211.0,score,0.3
task4,212.0,score,0.3
task4,213.0,score,0.3
task4,214.0,score,0.33
task4,215.0,score,0.33
task4,216.0,score,0.34
task4,217.0,score,0.31
task4,218.0,score,0.32
task4,219.0,score,0.32
task4,220.0,score,0.3
task4,221.0,score,0.31
task4,222.0,score,0.31
task4,223.0,score,0.3
task4,224.0,score,0.31
task4,225.0,score,0.31
task4,226.0,score,0.31
task4,227.0,score,0.32
task4,228.0,score,0.32
task4,229.0,score,0.33
task4,230.0,score,0.33
task4,231.0,score,0.33
task4,232.0,score,0.34
task4,233.0,score,0.35
task4,234.0,score,0.35
task4,235.0,score,0.35
task4,236.0,score,0.36
task4,237.0,score,0.37
task4,238.0,score,0.35
task4,239.0,score,0.35
task4,240.0,score,0.35
task4,241.0,score,0.33
task4,242.0,score,0.33
task4,243.0,score,0.34
task4,244.0,score,0.34
task4,245.0,score,0.33
task4,246.0,score,0.33
task4,247.0,score,0.33
task4,248.0,score,0.33
task4,249.0,score,0.33
task4,250.0,score,0.33
task4,251.0,score,0.34
task4,252.0,score,0.33
task4,253.0,score,0.34
task4,254.0,score,0.34
task4,255.0,score,0.34
task4,256.0,score,0.34
task4,257.0,score,0.34
task4,258.0,score,0.34
task4,259.0,score,0.34
task4,260.0,score,0.34
task4,261.0,score,0.34
task4,262.0,score,0.34
task4,263.0,score,0.34
task4,264.0,score,0.36
task4,265.0,score,0.34
task4,266.0,score,0.34
task4,267.0,score,0.34
task4,268.0,score,0.32
task4,269.0,score,0.33
task4,270.0,score,0.33
task4,271.0,score,0.33
task4,272.0,score,0.33
task4,273.0,score,0.33
task4,274.0,score,0.33
task4,275.0,score,0.34
task4,276.0,score,0.32
task4,277.0,score,0.31
task4,278.0,score,0.31
task4,279.0,score,0.31
task4,280.0,score,0.31
task4,281.0,score,0.31
task4,282.0,score,0.31
task4,283.0,score,0.3
task4,284.0,score,0.3
task4,285.0,score,0.29
task4,286.0,score,0.28
task4,287.0,score,0.28
task4,288.0,score,0.28
task4,289.0,score,0.28
task4,290.0,score,0.27
task4,291.0,score,0.26
task4,292.0,score,0.26
task4,293.0,score,0.28
task4,294.0,score,0.27
task4,295.0,score,0.27
task4,296.0,score,0.28
task4,297.0,score,0.28
task4,298.0,score,0.28
task4,299.0,score,0.28
task4,300.0,score,0.28
task4,301.0,score,0.29
task4,302.0,score,0.29
task4,303.0,score,0.29
task4,304.0,score,0.29
task4,305.0,score,0.29
task4,306.0,score,0.29
task4,307.0,score,0.29
task4,308.0,score,0.3
task4,309.0,score,0.29
task4,310.0,score,0.3
task4,311.0,score,0.3
task4,312.0,score,0.3
task4,313.0,score,0.36
task4,314.0,score,0.33
task4,315.0,score,0.32
task4,316.0,score,0.31
task4,317.0,score,0.31
task4,318.0,score,0.3
task4,319.0,score,0.3
task4,320.0,score,0.3
task4,321.0,score,0.29
task4,322.0,score,0.29
task4,323.0,score,0.3
task4,324.0,score,0.3
task4,325.0,score,0.3
task4,326.0,score,0.3
task4,327.0,score,0.29
task4,328.0,score,0.3
task4,329.0,score,0.29
task4,330.0,score,0.29
task4,331.0,score,0.29
task4,332.0,score,0.28
task4,333.0,score,0.27
task4,334.0,score,0.27
task4,335.0,score,0.28
task4,336.0,score,0.27
task4,337.0,score,0.26
task4,338.0,score,0.26
task4,339.0,score,0.27
task4,340.0,score,0.27
task4,341.0,score,0.28
task4,342.0,score,0.28
task4,343.0,score,0.27
task4,344.0,score,0.27
task4,345.0,score,0.27
task4,346.0,score,0.28
task4,347.0,score,0.27
task4,348.0,score,0.27
task4,349.0,score,0.27
task4,350.0,score,0.27
task4,351.0,score,0.26
task4,352.0,score,0.26
task4,353.0,score,0.25
task4,354.0,score,0.25
task4,355.0,score,0.26
task4,356.0,score,0.28
task4,357.0,score,0.28
task4,358.0,score,0.28
task4,359.0,score,0.28
task4,360.0,score,0.28
task4,361.0,score,0.29
task4,362.0,score,0.29
task4,363.0,score,0.29
task4,364.0,score,0.27
task4,365.0,score,0.27
task4,366.0,score,0.29
task4,367.0,score,0.29
task4,368.0,score,0.29
task4,369.0,score,0.28
task4,370.0,score,0.28
task4,371.0,score,0.28
task4,372.0,score,0.28
task4,373.0,score,0.28
task4,374.0,score,0.28
task4,375.0,score,0.27
task4,376.0,score,0.27
task4,377.0,score,0.27
task4,378.0,score,0.27
task4,379.0,score,0.27
task4,380.0,score,0.27
task4,381.0,score,0.27
task4,382.0,score,0.27
task4,383.0,score,0.28
task4,384.0,score,0.28
task4,385.0,score,0.28
task4,386.0,score,0.33
task4,387.0,score,0.33
task4,388.0,score,0.33
task4,389.0,score,0.33
task4,390.0,score,0.33
task4,391.0,score,0.33
task4,392.0,score,0.35
task4,393.0,score,0.33
task4,394.0,score,0.34
task4,395.0,score,0.34
task4,396.0,score,0.33
task4,397.0,score,0.33
task4,398.0,score,0.35
task4,399.0,score,0.35
task4,400.0,score,0.35
task4,401.0,score,0.34
task4,402.0,score,0.34
task4,403.0,score,0.34
task4,404.0,score,0.34
task4,405.0,score,0.35
task4,406.0,score,0.35
task4,407.0,score,0.35
task4,408.0,score,0.34
task4,409.0,score,0.35
task4,410.0,score,0.34
task4,411.0,score,0.35
task4,412.0,score,0.35
task4,413.0,score,0.3
task4,414.0,score,0.32
task4,415.0,score,0.32
task4,416.0,score,0.36
task4,417.0,score,0.37
task4,418.0,score,0.37
task4,419.0,score,0.38
task4,420.0,score,0.38
task4,421.0,score,0.38
task4,422.0,score,0.38
task4,423.0,score,0.38
task4,424.0,score,0.4
task4,425.0,score,0.41
task4,426.0,score,0.41
task4,427.0,score,0.46
task4,428.0,score,0.46
task4,429.0,score,0.46
task4,430.0,score,0.46
task4,431.0,score,0.46
task4,432.0,score,0.46
task4,433.0,score,0.51
task4,434.0,score,0.51
task4,435.0,score,0.51
task4,436.0,score,0.52
task4,437.0,score,0.52
task4,438.0,score,0.52
task4,439.0,score,0.51
task4,440.0,score,0.52
task4,441.0,score,0.51
task4,442.0,score,0.51
task4,443.0,score,0.52
task4,444.0,score,0.52
task4,445.0,score,0.52
task4,446.0,score,0.53
task4,447.0,score,0.54
task4,448.0,score,0.56
task4,449.0,score,0.56
task4,450.0,score,0.57
task4,451.0,score,0.58
task4,452.0,score,0.57
task4,453.0,score,0.57
task4,454.0,score,0.59
task4,455.0,score,0.59
task4,456.0,score,0.57
task4,457.0,score,0.57
task4,458.0,score,0.57
task4,459.0,score,0.57
task4,460.0,score,0.57
task4,461.0,score,0.56
task4,462.0,score,0.56
task4,463.0,score,0.56
task4,464.0,score,0.56
task4,465.0,score,0.57
task4,466.0,score,0.55
task4,467.0,score,0.56
task4,468.0,score,0.57
task4,469.0,score,0.57
task4,470.0,score,0.57
task4,471.0,score,0.59
task4,472.0,score,0.59
task4,473.0,score,0.59
task4,474.0,score,0.6
task4,475.0,score,0.64
task4,476.0,score,0.64
task4,477.0,score,0.63
task4,478.0,score,0.64
task4,479.0,score,0.64
task4,480.0,score,0.65
task4,481.0,score,0.66
task4,482.0,score,0.66
task4,483.0,score,0.65
task4,484.0,score,0.65
task4,485.0,score,0.65
task4,486.0,score,0.61
task4,487.0,score,0.62
task4,488.0,score,0.65
task4,489.0,score,0.65
task4,490.0,score,0.66
task4,491.0,score,0.67
task4,492.0,score,0.65
task4,493.0,score,0.65
task4,494.0,score,0.64
task4,495.0,score,0.64
task4,496.0,score,0.64
task4,497.0,score,0.64
task4,498.0,score,0.64
task4,499.0,score,0.64
task4,500.0,score,0.65
task4,501.0,score,0.66
task4,502.0,score,0.66
task4,503.0,score,0.66
task4,504.0,score,0.67
task4,505.0,score,0.67
task4,506.0,score,0.67
task4,507.0,score,0.67
task4,508.0,score,0.67
task4,509.0,score,0.72
task4,510.0,score,0.72
task4,511.0,score,0.71
task4,512.0,score,0.71
task4,513.0,score,0.71
task4,514.0,score,0.7
task4,515.0,score,0.7
task4,516.0,score,0.66
task4,517.0,score,0.66
task4,518.0,score,0.66
task4,519.0,score,0.65
task4,520.0,score,0.66
task4,521.0,score,0.66
task4,522.0,score,0.68
task4,523.0,score,0.67
task4,524.0,score,0.64
task4,525.0,score,0.66
task4,526.0,score,0.66
task4,527.0,score,0.61
task4,528.0,score,0.62
task4,529.0,score,0.62
task4,530.0,score,0.63
task4,531.0,score,0.63
task4,532.0,score,0.63
task4,533.0,score,0.59
task4,534.0,score,0.6
task4,535.0,score,0.59
task4,536.0,score,0.58
task4,537.0,score,0.59
task4,538.0,score,0.59
task4,539.0,score,0.59
task4,540.0,score,0.58
task4,541.0,score,0.59
task4,542.0,score,0.59
task4,543.0,score,0.58
task4,544.0,score,0.58
task4,545.0,score,0.58
task4,546.0,score,0.56
task4,547.0,score,0.55
task4,548.0,score,0.53
task4,549.0,score,0.53
task4,550.0,score,0.52
task4,551.0,score,0.52
task4,552.0,score,0.52
task4,553.0,score,0.53
task4,554.0,score,0.51
task4,555.0,score,0.51
task4,556.0,score,0.51
task4,557.0,score,0.51
task4,558.0,score,0.51
task4,559.0,score,0.51
task4,560.0,score,0.51
task4,561.0,score,0.51
task4,562.0,score,0.53
task4,563.0,score,0.53
task4,564.0,score,0.53
task4,565.0,score,0.53
task4,566.0,score,0.53
task4,567.0,score,0.52
task4,568.0,score,0.52
task4,569.0,score,0.53
task4,570.0,score,0.53
task4,571.0,score,0.51
task4,572.0,score,0.52
task4,573.0,score,0.52
task4,574.0,score,0.52
task4,575.0,score,0.48
task4,576.0,score,0.49
task4,577.0,score,0.49
task4,578.0,score,0.48
task4,579.0,score,0.48
task4,580.0,score,0.48
task4,581.0,score,0.47
task4,582.0,score,0.47
task4,583.0,score,0.47
task4,584.0,score,0.47
task4,585.0,score,0.47
task4,586.0,score,0.46
task4,587.0,score,0.45
task4,588.0,score,0.43
task4,589.0,score,0.43
task4,590.0,score,0.42
task4,591.0,score,0.41
task4,592.0,score,0.42
task4,593.0,score,0.42
task4,594.0,score,0.42
task4,595.0,score,0.43
task4,596.0,score,0.44
task4,597.0,score,0.44
task4,598.0,score,0.43
task4,599.0,score,0.48
task4,600.0,score,0.47
task4,601.0,score,0.46
task4,602.0,score,0.46
task4,603.0,score,0.47
task4,604.0,score,0.46
task4,605.0,score,0.46
task4,606.0,score,0.47
task4,607.0,score,0.47
task4,608.0,score,0.47
task4,609.0,score,0.41
task4,610.0,score,0.41
task4,611.0,score,0.41
task4,612.0,score,0.42
task4,613.0,score,0.41
task4,614.0,score,0.4
task4,615.0,score,0.4
task4,616.0,score,0.4
task4,617.0,score,0.4
task4,618.0,score,0.4
task4,619.0,score,0.41
task4,620.0,score,0.4
task4,621.0,score,0.4
task4,622.0,score,0.38
task4,623.0,score,0.39
task4,624.0,score,0.39
task4,625.0,score,0.36
task4,626.0,score,0.36
task4,627.0,score,0.36
task4,628.0,score,0.35
task4,629.0,score,0.36
task4,630.0,score,0.36
task4,631.0,score,0.37
task4,632.0,score,0.37
task4,633.0,score,0.36
task4,634.0,score,0.35
task4,635.0,score,0.36
task4,636.0,score,0.36
task4,637.0,score,0.35
task4,638.0,score,0.35
task4,639.0,score,0.35
task4,640.0,score,0.36
task4,641.0,score,0.35
task4,642.0,score,0.36
task4,643.0,score,0.37
task4,644.0,score,0.38
task4,645.0,score,0.38
task4,646.0,score,0.38
task4,647.0,score,0.38
task4,648.0,score,0.38
task4,649.0,score,0.38
task4,650.0,score,0.39
task4,651.0,score,0.38
task4,652.0,score,0.38
task4,653.0,score,0.37
task4,654.0,score,0.37
task4,655.0,score,0.37
task4,656.0,score,0.37
task4,657.0,score,0.38
task4,658.0,score,0.38
task4,659.0,score,0.38
task4,660.0,score,0.38
task4,661.0,score,0.38
task4,662.0,score,0.38
task4,663.0,score,0.39
task4,664.0,score,0.39
task4,665.0,score,0.39
task4,666.0,score,0.39
task4,667.0,score,0.42
task4,668.0,score,0.41
task4,669.0,score,0.41
task4,670.0,score,0.41
task4,671.0,score,0.42
task4,672.0,score,0.41
task4,673.0,score,0.41
task4,674.0,score,0.4
task4,675.0,score,0.4
task4,676.0,score,0.39
task4,677.0,score,0.39
task4,678.0,score,0.39
task4,679.0,score,0.4
task4,680.0,score,0.39
task4,681.0,score,0.39
task4,682.0,score,0.4
task4,683.0,score,0.4
task4,684.0,score,0.4
task4,685.0,score,0.4
task4,686.0,score,0.46
task4,687.0,score,0.48
task4,688.0,score,0.48
task4,689.0,score,0.53
task4,690.0,score,0.53
task4,691.0,score,0.61
task4,692.0,score,0.6
task4,693.0,score,0.6
task4,694.0,score,0.6
task4,695.0,score,0.6
task4,696.0,score,0.59
task4,697.0,score,0.59
task4,698.0,score,0.58
task4,699.0,score,0.53
task4,700.0,score,0.53
task4,701.0,score,0.53
task4,702.0,score,0.53
task4,703.0,score,0.52
task4,704.0,score,0.53
task4,705.0,score,0.52
task4,706.0,score,0.51
task4,707.0,score,0.51
task4,708.0,score,0.51
task4,709.0,score,0.52
task4,710.0,score,0.53
task4,711.0,score,0.53
task4,712.0,score,0.52
task4,713.0,score,0.52
task4,714.0,score,0.52
task4,715.0,score,0.52
task4,716.0,score,0.53
task4,717.0,score,0.53
task4,718.0,score,0.53
task4,719.0,score,0.52
task4,720.0,score,0.52
task4,721.0,score,0.52
task4,722.0,score,0.52
task4,723.0,score,0.51
task4,724.0,score,0.52
task4,725.0,score,0.53
task4,726.0,score,0.53
task4,727.0,score,0.55
task4,728.0,score,0.54
task4,729.0,score,0.53
task4,730.0,score,0.53
task4,731.0,score,0.55
task4,732.0,score,0.55
task4,733.0,score,0.56
task4,734.0,score,0.56
task4,735.0,score,0.55
task4,736.0,score,0.55
task4,737.0,score,0.55
task4,738.0,score,0.55
task4,739.0,score,0.55
task4,740.0,score,0.54
task4,741.0,score,0.55
task4,742.0,score,0.54
task4,743.0,score,0.54
task4,744.0,score,0.53
task4,745.0,score,0.54
task4,746.0,score,0.54
task4,747.0,score,0.56
task4,748.0,score,0.56
task4,749.0,score,0.57
task4,750.0,score,0.56
task4,751.0,score,0.57
task4,752.0,score,0.58
task4,753.0,score,0.58
task4,754.0,score,0.58
task4,755.0,score,0.57
task4,756.0,score,0.57
task4,757.0,score,0.56
task4,758.0,score,0.57
task4,759.0,score,0.57
task4,760.0,score,0.57
task4,761.0,score,0.57
task4,762.0,score,0.55
task4,763.0,score,0.55
task4,764.0,score,0.56
task4,765.0,score,0.55
task4,766.0,score,0.55
task4,767.0,score,0.52
task4,768.0,score,0.52
task4,769.0,score,0.52
task4,770.0,score,0.52
task4,771.0,score,0.51
task4,772.0,score,0.51
task4,773.0,score,0.52
task4,774.0,score,0.52
task4,775.0,score,0.53
task4,776.0,score,0.53
task4,777.0,score,0.53
task4,778.0,score,0.56
task4,779.0,score,0.55
task4,780.0,score,0.56
task4,781.0,score,0.56
task4,782.0,score,0.55
task4,783.0,score,0.61
task4,784.0,score,0.61
task4,785.0,score,0.62
task4,786.0,score,0.56
task4,787.0,score,0.54
task4,788.0,score,0.53
task4,789.0,score,0.48
task4,790.0,score,0.48
task4,791.0,score,0.4
task4,792.0,score,0.4
task4,793.0,score,0.4
task4,794.0,score,0.4
task4,795.0,score,0.4
task4,796.0,score,0.4
task4,797.0,score,0.4
task4,798.0,score,0.4
task4,799.0,score,0.4
task4,800.0,score,0.4
task4,801.0,score,0.4
task4,802.0,score,0.4
task4,803.0,score,0.4
task4,804.0,score,0.39
task4,805.0,score,0.4
task4,806.0,score,0.41
task4,807.0,score,0.41
task4,808.0,score,0.41
task4,809.0,score,0.41
task4,810.0,score,0.41
task4,811.0,score,0.41
task4,812.0,score,0.41
task4,813.0,score,0.41
task4,814.0,score,0.41
task4,815.0,score,0.41
task4,816.0,score,0.4
task4,817.0,score,0.39
task4,818.0,score,0.39
task4,819.0,score,0.39
task4,820.0,score,0.4
task4,821.0,score,0.4
task4,822.0,score,0.4
task4,823.0,score,0.42
task4,824.0,score,0.41
task4,825.0,score,0.4
task4,826.0,score,0.41
task4,827.0,score,0.39
task4,828.0,score,0.4
task4,829.0,score,0.42
task4,830.0,score,0.41
task4,831.0,score,0.38
task4,832.0,score,0.38
task4,833.0,score,0.37
task4,834.0,score,0.37
task4,835.0,score,0.38
task4,836.0,score,0.4
task4,837.0,score,0.42
task4,838.0,score,0.42
task4,839.0,score,0.42
task4,840.0,score,0.42
task4,841.0,score,0.41
task4,842.0,score,0.42
task4,843.0,score,0.42
task4,844.0,score,0.42
task4,845.0,score,0.42
task4,846.0,score,0.43
task4,847.0,score,0.42
task4,848.0,score,0.42
task4,849.0,score,0.41
task4,850.0,score,0.41
task4,851.0,score,0.4
task4,852.0,score,0.39
task4,853.0,score,0.39
task4,854.0,score,0.39
task4,855.0,score,0.39
task4,856.0,score,0.39
task4,857.0,score,0.39
task4,858.0,score,0.38
task4,859.0,score,0.38
task4,860.0,score,0.38
task4,861.0,score,0.38
task4,862.0,score,0.39
task4,863.0,score,0.38
task4,864.0,score,0.38
task4,865.0,score,0.38
task4,866.0,score,0.4
task4,867.0,score,0.4
task4,868.0,score,0.4
task4,869.0,score,0.39
task4,870.0,score,0.39
task4,871.0,score,0.4
task4,872.0,score,0.41
task4,873.0,score,0.41
task4,874.0,score,0.42
task4,875.0,score,0.41
task4,876.0,score,0.41
task4,877.0,score,0.41
task4,878.0,score,0.38
task4,879.0,score,0.39
task4,880.0,score,0.38
task4,881.0,score,0.38
task4,882.0,score,0.39
task4,883.0,score,0.33
task4,884.0,score,0.35
task4,885.0,score,0.34
task4,886.0,score,0.34
task4,887.0,score,0.37
task4,888.0,score,0.37
task4,889.0,score,0.37
task4,890.0,score,0.38
task4,891.0,score,0.38
task4,892.0,score,0.39
task4,893.0,score,0.39
task4,894.0,score,0.39
task4,895.0,score,0.38
task4,896.0,score,0.38
task4,897.0,score,0.38
task4,898.0,score,0.38
task4,899.0,score,0.38
task4,900.0,score,0.38
task4,901.0,score,0.38
task4,902.0,score,0.38
task4,903.0,score,0.38
task4,904.0,score,0.38
task4,905.0,score,0.38
task4,906.0,score,0.37
task4,907.0,score,0.37
task4,908.0,score,0.37
task4,909.0,score,0.36
task4,910.0,score,0.35
task4,911.0,score,0.35
task4,912.0,score,0.35
task4,913.0,score,0.37
task4,914.0,score,0.37
task4,915.0,score,0.37
task4,916.0,score,0.38
task4,917.0,score,0.38
task4,918.0,score,0.38
task4,919.0,score,0.39
task4,920.0,score,0.38
task4,921.0,score,0.38
task4,922.0,score,0.38
task4,923.0,score,0.37
task4,924.0,score,0.37
task4,925.0,score,0.37
task4,926.0,score,0.36
task4,927.0,score,0.36
task4,928.0,score,0.35
task4,929.0,score,0.33
task4,930.0,score,0.34
task4,931.0,score,0.34
task4,932.0,score,0.34
task4,933.0,score,0.34
task4,934.0,score,0.35
task4,935.0,score,0.39
task4,936.0,score,0.37
task4,937.0,score,0.35
task4,938.0,score,0.35
task4,939.0,score,0.35
task4,940.0,score,0.35
task4,941.0,score,0.37
task4,942.0,score,0.36
task4,943.0,score,0.35
task4,944.0,score,0.36
task4,945.0,score,0.35
task4,946.0,score,0.35
task4,947.0,score,0.41
task4,948.0,score,0.41
task4,949.0,score,0.41
task4,950.0,score,0.42
task4,951.0,score,0.42
task4,952.0,score,0.43
task4,953.0,score,0.43
task4,954.0,score,0.43
task4,955.0,score,0.43
task4,956.0,score,0.44
task4,957.0,score,0.44
task4,958.0,score,0.44
task4,959.0,score,0.44
task4,960.0,score,0.44
task4,961.0,score,0.44
task4,962.0,score,0.43
task4,963.0,score,0.43
task4,964.0,score,0.48
task4,965.0,score,0.48
task4,966.0,score,0.46
task4,967.0,score,0.46
task4,968.0,score,0.46
task4,969.0,score,0.46
task4,970.0,score,0.47
task4,971.0,score,0.47
task4,972.0,score,0.46
task4,973.0,score,0.47
task4,974.0,score,0.46
task4,975.0,score,0.46
task4,976.0,score,0.46
task4,977.0,score,0.46
task4,978.0,score,0.46
task4,979.0,score,0.45
task4,980.0,score,0.45
task4,981.0,score,0.45
task4,982.0,score,0.44
task4,983.0,score,0.44
task4,984.0,score,0.42
task4,985.0,score,0.42
task4,986.0,score,0.42
task4,987.0,score,0.39
task4,988.0,score,0.39
task4,989.0,score,0.39
task4,990.0,score,0.41
task4,991.0,score,0.41
task4,992.0,score,0.4
task4,993.0,score,0.41
task4,994.0,score,0.41
task4,995.0,score,0.42
task4,996.0,score,0.43
task4,997.0,score,0.45
task4,998.0,score,0.46
task4,999.0,score,0.46
task4,1000.0,score,0.46
task4,1001.0,score,0.47
task4,1002.0,score,0.47
task4,1003.0,score,0.48
task4,1004.0,score,0.49
task4,1005.0,score,0.48
task4,1006.0,score,0.48
task4,1007.0,score,0.48
task4,1008.0,score,0.48
task4,1009.0,score,0.48
task4,1010.0,score,0.48
task4,1011.0,score,0.48
task4,1012.0,score,0.48
task4,1013.0,score,0.46
task4,1014.0,score,0.48
task4,1015.0,score,0.51
task4,1016.0,score,0.5
task4,1017.0,score,0.5
task4,1018.0,score,0.5
task4,1019.0,score,0.49
task4,1020.0,score,0.5
task4,1021.0,score,0.5
task4,1022.0,score,0.5
task4,1023.0,score,0.49
task4,1024.0,score,0.49
task4,1025.0,score,0.5
task4,1026.0,score,0.56
task4,1027.0,score,0.56
task4,1028.0,score,0.56
task4,1029.0,score,0.56
task4,1030.0,score,0.55
task4,1031.0,score,0.55
task4,1032.0,score,0.55
task4,1033.0,score,0.55
task4,1034.0,score,0.54
task4,1035.0,score,0.49
task4,1036.0,score,0.49
task4,1037.0,score,0.5
task4,1038.0,score,0.5
task4,1039.0,score,0.53
task4,1040.0,score,0.54
task4,1041.0,score,0.52
task4,1042.0,score,0.53
task4,1043.0,score,0.53
task4,1044.0,score,0.52
task4,1045.0,score,0.52
task4,1046.0,score,0.51
task4,1047.0,score,0.44
task4,1048.0,score,0.46
task4,1049.0,score,0.46
task4,1050.0,score,0.46
task4,1051.0,score,0.46
task4,1052.0,score,0.45
task4,1053.0,score,0.45
task4,1054.0,score,0.45
task4,1055.0,score,0.46
task4,1056.0,score,0.46
task4,1057.0,score,0.46
task4,1058.0,score,0.46
task4,1059.0,score,0.46
task4,1060.0,score,0.47
task4,1061.0,score,0.47
task4,1062.0,score,0.47
task4,1063.0,score,0.48
task4,1064.0,score,0.42
task4,1065.0,score,0.43
task4,1066.0,score,0.43
task4,1067.0,score,0.43
task4,1068.0,score,0.44
task4,1069.0,score,0.45
task4,1070.0,score,0.44
task4,1071.0,score,0.43
task4,1072.0,score,0.43
task4,1073.0,score,0.41
task4,1074.0,score,0.41
task4,1075.0,score,0.41
task4,1076.0,score,0.41
task4,1077.0,score,0.43
task4,1078.0,score,0.44
task4,1079.0,score,0.46
task4,1080.0,score,0.46
task4,1081.0,score,0.47
task4,1082.0,score,0.47
task4,1083.0,score,0.47
task4,1084.0,score,0.49
task4,1085.0,score,0.49
task4,1086.0,score,0.49
task4,1087.0,score,0.49
task4,1088.0,score,0.49
task4,1089.0,score,0.49
task4,1090.0,score,0.47
task4,1091.0,score,0.47
task4,1092.0,score,0.48
task4,1093.0,score,0.48
task4,1094.0,score,0.48
task4,1095.0,score,0.47
task4,1096.0,score,0.46
task4,1097.0,score,0.49
task4,1098.0,score,0.48
task4,1099.0,score,0.56
task4,1100.0,score,0.59
task4,1101.0,score,0.58
task4,1102.0,score,0.58
task4,1103.0,score,0.58
task4,1104.0,score,0.57
task4,1105.0,score,0.57
task4,1106.0,score,0.57
task4,1107.0,score,0.57
task4,1108.0,score,0.57
task4,1109.0,score,0.57
task4,1110.0,score,0.58
task4,1111.0,score,0.58
task4,1112.0,score,0.58
task4,1113.0,score,0.58
task4,1114.0,score,0.56
task4,1115.0,score,0.53
task4,1116.0,score,0.54
task4,1117.0,score,0.54
task4,1118.0,score,0.54
task4,1119.0,score,0.55
task4,1120.0,score,0.56
task4,1121.0,score,0.56
task4,1122.0,score,0.56
task4,1123.0,score,0.56
task4,1124.0,score,0.56
task4,1125.0,score,0.55
task4,1126.0,score,0.5
task4,1127.0,score,0.5
task4,1128.0,score,0.5
task4,1129.0,score,0.5
task4,1130.0,score,0.5
task4,1131.0,score,0.51
task4,1132.0,score,0.51
task4,1133.0,score,0.52
task4,1134.0,score,0.52
task4,1135.0,score,0.54
task4,1136.0,score,0.54
task4,1137.0,score,0.53
task4,1138.0,score,0.54
task4,1139.0,score,0.51
task4,1140.0,score,0.51
task4,1141.0,score,0.51
task4,1142.0,score,0.51
task4,1143.0,score,0.52
task4,1144.0,score,0.52
task4,1145.0,score,0.52
task4,1146.0,score,0.52
task4,1147.0,score,0.53
task4,1148.0,score,0.51
task4,1149.0,score,0.51
task4,1150.0,score,0.5
task4,1151.0,score,0.52
task4,1152.0,score,0.52
task4,1153.0,score,0.53
task4,1154.0,score,0.53
task4,1155.0,score,0.52
task4,1156.0,score,0.52
task4,1157.0,score,0.52
task4,1158.0,score,0.52
task4,1159.0,score,0.52
task4,1160.0,score,0.52
task4,1161.0,score,0.52
task4,1162.0,score,0.52
task4,1163.0,score,0.51
task4,1164.0,score,0.51
task4,1165.0,score,0.5
task4,1166.0,score,0.5
task4,1167.0,score,0.52
task4,1168.0,score,0.51
task4,1169.0,score,0.52
task4,1170.0,score,0.52
task4,1171.0,score,0.54
task4,1172.0,score,0.54
task4,1173.0,score,0.54
task4,1174.0,score,0.54
task4,1175.0,score,0.54
task4,1176.0,score,0.55
task4,1177.0,score,0.53
task4,1178.0,score,0.52
task4,1179.0,score,0.5
task4,1180.0,score,0.5
task4,1181.0,score,0.49
task4,1182.0,score,0.49
task4,1183.0,score,0.51
task4,1184.0,score,0.49
task4,1185.0,score,0.49
task4,1186.0,score,0.49
task4,1187.0,score,0.49
task4,1188.0,score,0.49
task4,1189.0,score,0.49
task4,1190.0,score,0.48
task4,1191.0,score,0.5
task4,1192.0,score,0.49
task4,1193.0,score,0.49
task4,1194.0,score,0.49
task4,1195.0,score,0.49
task4,1196.0,score,0.5
task4,1197.0,score,0.46
task4,1198.0,score,0.46
task4,1199.0,score,0.42
task4,1200.0,score,0.39
task4,1201.0,score,0.4
task4,1202.0,score,0.4
task4,1203.0,score,0.39
task4,1204.0,score,0.39
task4,1205.0,score,0.39
task4,1206.0,score,0.4
task4,1207.0,score,0.4
task4,1208.0,score,0.4
task4,1209.0,score,0.4
task4,1210.0,score,0.39
task4,1211.0,score,0.39
task4,1212.0,score,0.39
task4,1213.0,score,0.39
task4,1214.0,score,0.39
task4,1215.0,score,0.39
task4,1216.0,score,0.38
task4,1217.0,score,0.38
task4,1218.0,score,0.38
task4,1219.0,score,0.37
task4,1220.0,score,0.35
task4,1221.0,score,0.38
task4,1222.0,score,0.38
task4,1223.0,score,0.44
task4,1224.0,score,0.44
task4,1225.0,score,0.44
task4,1226.0,score,0.43
task4,1227.0,score,0.43
task4,1228.0,score,0.43
task4,1229.0,score,0.43
task4,1230.0,score,0.43
task4,1231.0,score,0.42
task4,1232.0,score,0.44
task4,1233.0,score,0.43
task4,1234.0,score,0.49
task4,1235.0,score,0.47
task4,1236.0,score,0.47
task4,1237.0,score,0.47
task4,1238.0,score,0.48
task4,1239.0,score,0.48
task4,1240.0,score,0.49
task4,1241.0,score,0.51
task4,1242.0,score,0.5
task4,1243.0,score,0.51
task4,1244.0,score,0.51
task4,1245.0,score,0.51
task4,1246.0,score,0.51
task4,1247.0,score,0.5
task4,1248.0,score,0.5
task4,1249.0,score,0.51
task4,1250.0,score,0.51
task4,1251.0,score,0.49
task4,1252.0,score,0.49
task4,1253.0,score,0.48
task4,1254.0,score,0.49
task4,1255.0,score,0.49
task4,1256.0,score,0.48
task4,1257.0,score,0.48
task4,1258.0,score,0.48
task4,1259.0,score,0.49
task4,1260.0,score,0.5
task4,1261.0,score,0.51
task4,1262.0,score,0.51
task4,1263.0,score,0.51
task4,1264.0,score,0.51
task4,1265.0,score,0.51
task4,1266.0,score,0.51
task4,1267.0,score,0.49
task4,1268.0,score,0.49
task4,1269.0,score,0.5
task4,1270.0,score,0.5
task4,1271.0,score,0.48
task4,1272.0,score,0.49
task4,1273.0,score,0.49
task4,1274.0,score,0.49
task4,1275.0,score,0.49
task4,1276.0,score,0.48
task4,1277.0,score,0.48
task4,1278.0,score,0.48
task4,1279.0,score,0.49
task4,1280.0,score,0.49
task4,1281.0,score,0.5
task4,1282.0,score,0.5
task4,1283.0,score,0.5
task4,1284.0,score,0.55
task4,1285.0,score,0.56
task4,1286.0,score,0.56
task4,1287.0,score,0.56
task4,1288.0,score,0.56
task4,1289.0,score,0.56
task4,1290.0,score,0.57
task4,1291.0,score,0.56
task4,1292.0,score,0.57
task4,1293.0,score,0.56
task4,1294.0,score,0.56
task4,1295.0,score,0.56
task4,1296.0,score,0.55
task4,1297.0,score,0.62
task4,1298.0,score,0.62
task4,1299.0,score,0.58
task4,1300.0,score,0.58
task4,1301.0,score,0.57
task4,1302.0,score,0.58
task4,1303.0,score,0.58
task4,1304.0,score,0.58
task4,1305.0,score,0.58
task4,1306.0,score,0.58
task4,1307.0,score,0.58
task4,1308.0,score,0.58
task4,1309.0,score,0.58
task4,1310.0,score,0.58
task4,1311.0,score,0.58
task4,1312.0,score,0.58
task4,1313.0,score,0.58
task4,1314.0,score,0.58
task4,1315.0,score,0.58
task4,1316.0,score,0.59
task4,1317.0,score,0.61
task4,1318.0,score,0.63
task4,1319.0,score,0.63
task4,1320.0,score,0.63
task4,1321.0,score,0.6
task4,1322.0,score,0.6
task4,1323.0,score,0.55
task4,1324.0,score,0.55
task4,1325.0,score,0.56
task4,1326.0,score,0.57
task4,1327.0,score,0.57
task4,1328.0,score,0.58
task4,1329.0,score,0.6
task4,1330.0,score,0.6
task4,1331.0,score,0.6
task4,1332.0,score,0.59
task4,1333.0,score,0.59
task4,1334.0,score,0.54
task4,1335.0,score,0.55
task4,1336.0,score,0.55
task4,1337.0,score,0.56
task4,1338.0,score,0.54
task4,1339.0,score,0.54
task4,1340.0,score,0.52
task4,1341.0,score,0.51
task4,1342.0,score,0.52
task4,1343.0,score,0.5
task4,1344.0,score,0.51
task4,1345.0,score,0.52
task4,1346.0,score,0.52
task4,1347.0,score,0.53
task4,1348.0,score,0.53
task4,1349.0,score,0.52
task4,1350.0,score,0.52
task4,1351.0,score,0.52
task4,1352.0,score,0.58
task4,1353.0,score,0.58
task4,1354.0,score,0.57
task4,1355.0,score,0.57
task4,1356.0,score,0.57
task4,1357.0,score,0.57
task4,1358.0,score,0.57
task4,1359.0,score,0.56
task4,1360.0,score,0.54
task4,1361.0,score,0.53
task4,1362.0,score,0.53
task4,1363.0,score,0.53
task4,1364.0,score,0.54
task4,1365.0,score,0.55
task4,1366.0,score,0.55
task4,1367.0,score,0.56
task4,1368.0,score,0.56
task4,1369.0,score,0.54
task4,1370.0,score,0.54
task4,1371.0,score,0.54
task4,1372.0,score,0.53
task4,1373.0,score,0.53
task4,1374.0,score,0.53
task4,1375.0,score,0.53
task4,1376.0,score,0.54
task4,1377.0,score,0.54
task4,1378.0,score,0.54
task4,1379.0,score,0.53
task4,1380.0,score,0.53
task4,1381.0,score,0.52
task4,1382.0,score,0.53
task4,1383.0,score,0.52
task4,1384.0,score,0.47
task4,1385.0,score,0.46
task4,1386.0,score,0.46
task4,1387.0,score,0.46
task4,1388.0,score,0.46
task4,1389.0,score,0.46
task4,1390.0,score,0.45
task4,1391.0,score,0.45
task4,1392.0,score,0.46
task4,1393.0,score,0.46
task4,1394.0,score,0.46
task4,1395.0,score,0.46
task4,1396.0,score,0.46
task4,1397.0,score,0.39
task4,1398.0,score,0.39
task4,1399.0,score,0.39
task4,1400.0,score,0.39
task4,1401.0,score,0.39
task4,1402.0,score,0.39
task4,1403.0,score,0.39
task4,1404.0,score,0.39
task4,1405.0,score,0.44
task4,1406.0,score,0.43
task4,1407.0,score,0.44
task4,1408.0,score,0.44
task4,1409.0,score,0.44
task4,1410.0,score,0.45
task4,1411.0,score,0.46
task4,1412.0,score,0.46
task4,1413.0,score,0.46
task4,1414.0,score,0.46
task4,1415.0,score,0.46
task4,1416.0,score,0.45
task4,1417.0,score,0.43
task4,1418.0,score,0.43
task4,1419.0,score,0.43
task4,1420.0,score,0.43
task4,1421.0,score,0.44
task4,1422.0,score,0.44
task4,1423.0,score,0.43
task4,1424.0,score,0.43
task4,1425.0,score,0.42
task4,1426.0,score,0.42
task4,1427.0,score,0.42
task4,1428.0,score,0.41
task4,1429.0,score,0.39
task4,1430.0,score,0.4
task4,1431.0,score,0.4
task4,1432.0,score,0.39
task4,1433.0,score,0.39
task4,1434.0,score,0.39
task4,1435.0,score,0.39
task4,1436.0,score,0.4
task4,1437.0,score,0.4
task4,1438.0,score,0.42
task4,1439.0,score,0.43
task4,1440.0,score,0.44
task4,1441.0,score,0.43
task4,1442.0,score,0.42
task4,1443.0,score,0.42
task4,1444.0,score,0.41
task4,1445.0,score,0.42
task4,1446.0,score,0.44
task4,1447.0,score,0.43
task4,1448.0,score,0.43
task4,1449.0,score,0.43
task4,1450.0,score,0.43
task4,1451.0,score,0.5
task4,1452.0,score,0.44
task4,1453.0,score,0.44
task4,1454.0,score,0.44
task4,1455.0,score,0.44
task4,1456.0,score,0.44
task4,1457.0,score,0.44
task4,1458.0,score,0.44
task4,1459.0,score,0.44
task4,1460.0,score,0.44
task4,1461.0,score,0.44
task4,1462.0,score,0.46
task4,1463.0,score,0.46
task4,1464.0,score,0.47
task4,1465.0,score,0.46
task4,1466.0,score,0.46
task4,1467.0,score,0.45
task4,1468.0,score,0.45
task4,1469.0,score,0.44
task4,1470.0,score,0.44
task4,1471.0,score,0.44
task4,1472.0,score,0.44
task4,1473.0,score,0.45
task4,1474.0,score,0.45
task4,1475.0,score,0.45
task4,1476.0,score,0.44
task4,1477.0,score,0.44
task4,1478.0,score,0.44
task4,1479.0,score,0.44
task4,1480.0,score,0.44
task4,1481.0,score,0.44
task4,1482.0,score,0.45
task4,1483.0,score,0.46
task4,1484.0,score,0.47
task4,1485.0,score,0.47
task4,1486.0,score,0.48
task4,1487.0,score,0.48
task4,1488.0,score,0.48
task4,1489.0,score,0.49
task4,1490.0,score,0.49
task4,1491.0,score,0.49
task4,1492.0,score,0.48
task4,1493.0,score,0.48
task4,1494.0,score,0.48
task4,1495.0,score,0.49
task4,1496.0,score,0.5
task4,1497.0,score,0.49
task4,1498.0,score,0.49
task4,1499.0,score,0.49
task4,1500.0,score,0.49
task4,1501.0,score,0.5
task4,1502.0,score,0.49
task4,1503.0,score,0.5
task4,1504.0,score,0.51
task4,1505.0,score,0.47
task4,1506.0,score,0.47
task4,1507.0,score,0.47
task4,1508.0,score,0.48
task4,1509.0,score,0.48
task4,1510.0,score,0.47
task4,1511.0,score,0.46
task4,1512.0,score,0.47
task4,1513.0,score,0.47
task4,1514.0,score,0.47
task4,1515.0,score,0.47
task4,1516.0,score,0.47
task4,1517.0,score,0.48
task4,1518.0,score,0.46
task4,1519.0,score,0.46
task4,1520.0,score,0.46
task4,1521.0,score,0.46
task4,1522.0,score,0.47
task4,1523.0,score,0.48
task4,1524.0,score,0.49
task4,1525.0,score,0.49
task4,1526.0,score,0.48
task4,1527.0,score,0.48
task4,1528.0,score,0.49
task4,1529.0,score,0.49
task4,1530.0,score,0.5
task4,1531.0,score,0.5
task4,1532.0,score,0.5
task4,1533.0,score,0.5
task4,1534.0,score,0.49
task4,1535.0,score,0.48
task4,1536.0,score,0.48
task4,1537.0,score,0.47
task4,1538.0,score,0.45
task4,1539.0,score,0.44
task4,1540.0,score,0.44
task4,1541.0,score,0.44
task4,1542.0,score,0.45
task4,1543.0,score,0.45
task4,1544.0,score,0.45
task4,1545.0,score,0.44
task4,1546.0,score,0.43
task4,1547.0,score,0.43
task4,1548.0,score,0.44
task4,1549.0,score,0.49
task4,1550.0,score,0.49
task4,1551.0,score,0.42
task4,1552.0,score,0.42
task4,1553.0,score,0.43
task4,1554.0,score,0.43
task4,1555.0,score,0.45
task4,1556.0,score,0.45
task4,1557.0,score,0.47
task4,1558.0,score,0.47
task4,1559.0,score,0.47
task4,1560.0,score,0.47
task4,1561.0,score,0.47
task4,1562.0,score,0.46
task4,1563.0,score,0.48
task4,1564.0,score,0.46
task4,1565.0,score,0.46
task4,1566.0,score,0.47
task4,1567.0,score,0.47
task4,1568.0,score,0.47
task4,1569.0,score,0.48
task4,1570.0,score,0.48
task4,1571.0,score,0.48
task4,1572.0,score,0.48
task4,1573.0,score,0.47
task4,1574.0,score,0.47
task4,1575.0,score,0.47
task4,1576.0,score,0.47
task4,1577.0,score,0.47
task4,1578.0,score,0.47
task4,1579.0,score,0.48
task4,1580.0,score,0.5
task4,1581.0,score,0.51
task4,1582.0,score,0.49
task4,1583.0,score,0.47
task4,1584.0,score,0.47
task4,1585.0,score,0.47
task4,1586.0,score,0.48
task4,1587.0,score,0.5
task4,1588.0,score,0.5
task4,1589.0,score,0.49
task4,1590.0,score,0.49
task4,1591.0,score,0.54
task4,1592.0,score,0.53
task4,1593.0,score,0.54
task4,1594.0,score,0.54
task4,1595.0,score,0.53
task4,1596.0,score,0.55
task4,1597.0,score,0.55
task4,1598.0,score,0.55
task4,1599.0,score,0.55
task4,1600.0,score,0.55
task4,1601.0,score,0.56
task4,1602.0,score,0.56
task4,1603.0,score,0.55
task4,1604.0,score,0.56
task4,1605.0,score,0.61
task4,1606.0,score,0.62
task4,1607.0,score,0.61
task4,1608.0,score,0.65
task4,1609.0,score,0.65
task4,1610.0,score,0.65
task4,1611.0,score,0.65
task4,1612.0,score,0.64
task4,1613.0,score,0.64
task4,1614.0,score,0.65
task4,1615.0,score,0.65
task4,1616.0,score,0.71
task4,1617.0,score,0.7
task4,1618.0,score,0.7
task4,1619.0,score,0.7
task4,1620.0,score,0.7
task4,1621.0,score,0.69
task4,1622.0,score,0.68
task4,1623.0,score,0.67
task4,1624.0,score,0.66
task4,1625.0,score,0.68
task4,1626.0,score,0.68
task4,1627.0,score,0.68
task4,1628.0,score,0.67
task4,1629.0,score,0.68
task4,1630.0,score,0.66
task4,1631.0,score,0.66
task4,1632.0,score,0.69
task4,1633.0,score,0.69
task4,1634.0,score,0.71
task4,1635.0,score,0.71
task4,1636.0,score,0.7
task4,1637.0,score,0.71
task4,1638.0,score,0.72
task4,1639.0,score,0.72
task4,1640.0,score,0.72
task4,1641.0,score,0.72
task4,1642.0,score,0.74
task4,1643.0,score,0.75
task4,1644.0,score,0.76
task4,1645.0,score,0.76
task4,1646.0,score,0.75
task4,1647.0,score,0.75
task4,1648.0,score,0.74
task4,1649.0,score,0.69
task4,1650.0,score,0.7
task4,1651.0,score,0.71
task4,1652.0,score,0.71
task4,1653.0,score,0.71
task4,1654.0,score,0.76
task4,1655.0,score,0.74
task4,1656.0,score,0.74
task4,1657.0,score,0.72
task4,1658.0,score,0.72
task4,1659.0,score,0.75
task4,1660.0,score,0.75
task4,1661.0,score,0.82
task4,1662.0,score,0.81
task4,1663.0,score,0.8
task4,1664.0,score,0.8
task4,1665.0,score,0.81
task4,1666.0,score,0.8
task4,1667.0,score,0.81
task4,1668.0,score,0.81
task4,1669.0,score,0.8
task4,1670.0,score,0.8
task4,1671.0,score,0.8
task4,1672.0,score,0.81
task4,1673.0,score,0.81
task4,1674.0,score,0.81
task4,1675.0,score,0.82
task4,1676.0,score,0.83
task4,1677.0,score,0.83
task4,1678.0,score,0.83
task4,1679.0,score,0.82
task4,1680.0,score,0.8
task4,1681.0,score,0.79
task4,1682.0,score,0.79
task4,1683.0,score,0.79
task4,1684.0,score,0.78
task4,1685.0,score,0.8
task4,1686.0,score,0.78
task4,1687.0,score,0.76
task4,1688.0,score,0.76
task4,1689.0,score,0.76
task4,1690.0,score,0.76
task4,1691.0,score,0.71
task4,1692.0,score,0.73
task4,1693.0,score,0.72
task4,1694.0,score,0.72
task4,1695.0,score,0.72
task4,1696.0,score,0.69
task4,1697.0,score,0.69
task4,1698.0,score,0.71
task4,1699.0,score,0.73
task4,1700.0,score,0.73
task4,1701.0,score,0.71
task4,1702.0,score,0.71
task4,1703.0,score,0.71
task4,1704.0,score,0.72
task4,1705.0,score,0.66
task4,1706.0,score,0.65
task4,1707.0,score,0.65
task4,1708.0,score,0.61
task4,1709.0,score,0.61
task4,1710.0,score,0.61
task4,1711.0,score,0.61
task4,1712.0,score,0.61
task4,1713.0,score,0.63
task4,1714.0,score,0.65
task4,1715.0,score,0.65
task4,1716.0,score,0.59
task4,1717.0,score,0.62
task4,1718.0,score,0.63
task4,1719.0,score,0.64
task4,1720.0,score,0.64
task4,1721.0,score,0.67
task4,1722.0,score,0.67
task4,1723.0,score,0.67
task4,1724.0,score,0.68
task4,1725.0,score,0.66
task4,1726.0,score,0.66
task4,1727.0,score,0.66
task4,1728.0,score,0.67
task4,1729.0,score,0.66
task4,1730.0,score,0.68
task4,1731.0,score,0.68
task4,1732.0,score,0.65
task4,1733.0,score,0.65
task4,1734.0,score,0.63
task4,1735.0,score,0.63
task4,1736.0,score,0.68
task4,1737.0,score,0.68
task4,1738.0,score,0.67
task4,1739.0,score,0.67
task4,1740.0,score,0.66
task4,1741.0,score,0.66
task4,1742.0,score,0.64
task4,1743.0,score,0.63
task4,1744.0,score,0.62
task4,1745.0,score,0.62
task4,1746.0,score,0.63
task4,1747.0,score,0.63
task4,1748.0,score,0.64
task4,1749.0,score,0.65
task4,1750.0,score,0.64
task4,1751.0,score,0.63
task4,1752.0,score,0.64
task4,1753.0,score,0.64
task4,1754.0,score,0.59
task4,1755.0,score,0.59
task4,1756.0,score,0.6
task4,1757.0,score,0.6
task4,1758.0,score,0.6
task4,1759.0,score,0.59
task4,1760.0,score,0.59
task4,1761.0,score,0.53
task4,1762.0,score,0.53
task4,1763.0,score,0.52
task4,1764.0,score,0.53
task4,1765.0,score,0.52
task4,1766.0,score,0.52
task4,1767.0,score,0.51
task4,1768.0,score,0.53
task4,1769.0,score,0.53
task4,1770.0,score,0.53
task4,1771.0,score,0.58
task4,1772.0,score,0.57
task4,1773.0,score,0.57
task4,1774.0,score,0.57
task4,1775.0,score,0.56
task4,1776.0,score,0.55
task4,1777.0,score,0.55
task4,1778.0,score,0.55
task4,1779.0,score,0.55
task4,1780.0,score,0.56
task4,1781.0,score,0.56
task4,1782.0,score,0.56
task4,1783.0,score,0.56
task4,1784.0,score,0.56
task4,1785.0,score,0.56
task4,1786.0,score,0.56
task4,1787.0,score,0.56
task4,1788.0,score,0.56
task4,1789.0,score,0.57
task4,1790.0,score,0.57
task4,1791.0,score,0.57
task4,1792.0,score,0.57
task4,1793.0,score,0.57
task4,1794.0,score,0.58
task4,1795.0,score,0.58
task4,1796.0,score,0.6
task4,1797.0,score,0.6
task4,1798.0,score,0.58
task4,1799.0,score,0.56
task4,1800.0,score,0.58
task4,1801.0,score,0.58
task4,1802.0,score,0.6
task4,1803.0,score,0.6
task4,1804.0,score,0.57
task4,1805.0,score,0.57
task4,1806.0,score,0.57
task4,1807.0,score,0.59
task4,1808.0,score,0.58
task4,1809.0,score,0.59
task4,1810.0,score,0.59
task4,1811.0,score,0.59
task4,1812.0,score,0.59
task4,1813.0,score,0.57
task4,1814.0,score,0.54
task4,1815.0,score,0.54
task4,1816.0,score,0.54
task4,1817.0,score,0.51
task4,1818.0,score,0.51
task4,1819.0,score,0.5
task4,1820.0,score,0.5
task4,1821.0,score,0.48
task4,1822.0,score,0.51
task4,1823.0,score,0.52
task4,1824.0,score,0.51
task4,1825.0,score,0.51
task4,1826.0,score,0.51
task4,1827.0,score,0.52
task4,1828.0,score,0.52
task4,1829.0,score,0.52
task4,1830.0,score,0.52
task4,1831.0,score,0.52
task4,1832.0,score,0.52
task4,1833.0,score,0.55
task4,1834.0,score,0.57
task4,1835.0,score,0.57
task4,1836.0,score,0.52
task4,1837.0,score,0.51
task4,1838.0,score,0.51
task4,1839.0,score,0.51
task4,1840.0,score,0.51
task4,1841.0,score,0.51
task4,1842.0,score,0.5
task4,1843.0,score,0.52
task4,1844.0,score,0.52
task4,1845.0,score,0.52
task4,1846.0,score,0.51
task4,1847.0,score,0.52
task4,1848.0,score,0.51
task4,1849.0,score,0.5
task4,1850.0,score,0.5
task4,1851.0,score,0.5
task4,1852.0,score,0.51
task4,1853.0,score,0.5
task4,1854.0,score,0.5
task4,1855.0,score,0.53
task4,1856.0,score,0.54
task4,1857.0,score,0.56
task4,1858.0,score,0.56
task4,1859.0,score,0.54
task4,1860.0,score,0.57
task4,1861.0,score,0.56
task4,1862.0,score,0.56
task4,1863.0,score,0.57
task4,1864.0,score,0.56
task4,1865.0,score,0.62
task4,1866.0,score,0.62
task4,1867.0,score,0.62
task4,1868.0,score,0.6
task4,1869.0,score,0.6
task4,1870.0,score,0.6
task4,1871.0,score,0.55
task4,1872.0,score,0.55
task4,1873.0,score,0.55
task4,1874.0,score,0.55
task4,1875.0,score,0.57
task4,1876.0,score,0.57
task4,1877.0,score,0.58
task4,1878.0,score,0.58
task4,1879.0,score,0.59
task4,1880.0,score,0.58
task4,1881.0,score,0.58
task4,1882.0,score,0.59
task4,1883.0,score,0.59
task4,1884.0,score,0.59
task4,1885.0,score,0.57
task4,1886.0,score,0.59
task4,1887.0,score,0.59
task4,1888.0,score,0.59
task4,1889.0,score,0.58
task4,1890.0,score,0.58
task4,1891.0,score,0.58
task4,1892.0,score,0.56
task4,1893.0,score,0.56
task4,1894.0,score,0.56
task4,1895.0,score,0.56
task4,1896.0,score,0.55
task4,1897.0,score,0.56
task4,1898.0,score,0.56
task4,1899.0,score,0.56
task4,1900.0,score,0.54
task4,1901.0,score,0.55
task4,1902.0,score,0.53
task4,1903.0,score,0.53
task4,1904.0,score,0.54
task4,1905.0,score,0.54
task4,1906.0,score,0.54
task4,1907.0,score,0.54
task4,1908.0,score,0.54
task4,1909.0,score,0.55
task4,1910.0,score,0.55
task4,1911.0,score,0.55
task4,1912.0,score,0.55
task4,1913.0,score,0.55
task4,1914.0,score,0.55
task4,1915.0,score,0.56
task4,1916.0,score,0.56
task4,1917.0,score,0.56
task4,1918.0,score,0.55
task4,1919.0,score,0.57
task4,1920.0,score,0.57
task4,1921.0,score,0.57
task4,1922.0,score,0.55
task4,1923.0,score,0.54
task4,1924.0,score,0.54
task4,1925.0,score,0.54
task4,1926.0,score,0.54
task4,1927.0,score,0.53
task4,1928.0,score,0.53
task4,1929.0,score,0.54
task4,1930.0,score,0.52
task4,1931.0,score,0.52
task4,1932.0,score,0.52
task4,1933.0,score,0.49
task4,1934.0,score,0.47
task4,1935.0,score,0.49
task4,1936.0,score,0.49
task4,1937.0,score,0.5
task4,1938.0,score,0.5
task4,1939.0,score,0.51
task4,1940.0,score,0.51
task4,1941.0,score,0.51
task4,1942.0,score,0.53
task4,1943.0,score,0.53
task4,1944.0,score,0.53
task4,1945.0,score,0.52
task4,1946.0,score,0.52
task4,1947.0,score,0.51
task4,1948.0,score,0.51
task4,1949.0,score,0.51
task4,1950.0,score,0.51
task4,1951.0,score,0.51
task4,1952.0,score,0.49
task4,1953.0,score,0.49
task4,1954.0,score,0.49
task4,1955.0,score,0.47
task4,1956.0,score,0.47
task4,1957.0,score,0.45
task4,1958.0,score,0.45
task4,1959.0,score,0.47
task4,1960.0,score,0.44
task4,1961.0,score,0.51
task4,1962.0,score,0.51
task4,1963.0,score,0.52
task4,1964.0,score,0.52
task4,1965.0,score,0.46
task4,1966.0,score,0.46
task4,1967.0,score,0.47
task4,1968.0,score,0.47
task4,1969.0,score,0.47
task4,1970.0,score,0.47
task4,1971.0,score,0.47
task4,1972.0,score,0.48
task4,1973.0,score,0.49
task4,1974.0,score,0.54
task4,1975.0,score,0.52
task4,1976.0,score,0.54
task4,1977.0,score,0.54
task4,1978.0,score,0.57
task4,1979.0,score,0.58
task4,1980.0,score,0.6
task4,1981.0,score,0.6
task4,1982.0,score,0.6
task4,1983.0,score,0.62
task4,1984.0,score,0.63
task4,1985.0,score,0.63
task4,1986.0,score,0.63
task4,1987.0,score,0.63
task4,1988.0,score,0.64
task4,1989.0,score,0.64
task4,1990.0,score,0.66
task4,1991.0,score,0.65
task4,1992.0,score,0.71
task4,1993.0,score,0.71
task4,1994.0,score,0.7
task4,1995.0,score,0.7
task4,1996.0,score,0.69
task4,1997.0,score,0.68
task4,1998.0,score,0.7
task4,1999.0,score,0.7
task4,2000.0,score,0.71
task4,2001.0,score,0.72
task4,2002.0,score,0.72
task4,2003.0,score,0.73
task4,2004.0,score,0.73
task4,2005.0,score,0.74
task4,2006.0,score,0.74
task4,2007.0,score,0.72
task4,2008.0,score,0.72
task4,2009.0,score,0.7
task4,2010.0,score,0.7
task4,2011.0,score,0.7
task4,2012.0,score,0.72
task4,2013.0,score,0.72
task4,2014.0,score,0.72
task4,2015.0,score,0.72
task4,2016.0,score,0.72
task4,2017.0,score,0.73
task4,2018.0,score,0.74
task4,2019.0,score,0.73
task4,2020.0,score,0.73
task4,2021.0,score,0.72
task4,2022.0,score,0.71
task4,2023.0,score,0.72
task4,2024.0,score,0.72
task4,2025.0,score,0.72
task4,2026.0,score,0.72
task4,2027.0,score,0.72
task4,2028.0,score,0.72
task4,2029.0,score,0.71
task4,2030.0,score,0.71
task4,2031.0,score,0.71
task4,2032.0,score,0.71
task4,2033.0,score,0.71
task4,2034.0,score,0.71
task4,2035.0,score,0.7
task4,2036.0,score,0.72
task4,2037.0,score,0.71
task4,2038.0,score,0.78
task4,2039.0,score,0.77
task4,2040.0,score,0.78
task4,2041.0,score,0.78
task4,2042.0,score,0.79
task4,2043.0,score,0.77
task4,2044.0,score,0.78
task4,2045.0,score,0.79
task4,2046.0,score,0.87
task4,2047.0,score,0.88
task4,2048.0,score,0.88
task4,2049.0,score,0.88
task4,2050.0,score,0.88
task4,2051.0,score,0.88
task4,2052.0,score,0.89
task4,2053.0,score,0.9
task4,2054.0,score,0.9
task4,2055.0,score,0.9
task4,2056.0,score,0.88
task4,2057.0,score,0.88
task4,2058.0,score,0.88
task4,2059.0,score,0.86
task4,2060.0,score,0.86
task4,2061.0,score,0.79
task4,2062.0,score,0.79
task4,2063.0,score,0.77
task4,2064.0,score,0.77
task4,2065.0,score,0.77
task4,2066.0,score,0.77
task4,2067.0,score,0.76
task4,2068.0,score,0.76
task4,2069.0,score,0.77
task4,2070.0,score,0.77
task4,2071.0,score,0.78
task4,2072.0,score,0.77
task4,2073.0,score,0.77
task4,2074.0,score,0.72
task4,2075.0,score,0.76
task4,2076.0,score,0.74
task4,2077.0,score,0.76
task4,2078.0,score,0.73
task4,2079.0,score,0.71
task4,2080.0,score,0.71
task4,2081.0,score,0.71
task4,2082.0,score,0.72
task4,2083.0,score,0.7
task4,2084.0,score,0.69
task4,2085.0,score,0.69
task4,2086.0,score,0.68
task4,2087.0,score,0.68
task4,2088.0,score,0.68
task4,2089.0,score,0.7
task4,2090.0,score,0.68
task4,2091.0,score,0.68
task4,2092.0,score,0.62
task4,2093.0,score,0.63
task4,2094.0,score,0.63
task4,2095.0,score,0.63
task4,2096.0,score,0.64
task4,2097.0,score,0.64
task4,2098.0,score,0.63
task4,2099.0,score,0.64
task4,2100.0,score,0.63
task4,2101.0,score,0.61
task4,2102.0,score,0.61
task4,2103.0,score,0.62
task4,2104.0,score,0.61
task4,2105.0,score,0.6
task4,2106.0,score,0.6
task4,2107.0,score,0.61
task4,2108.0,score,0.61
task4,2109.0,score,0.61
task4,2110.0,score,0.64
task4,2111.0,score,0.65
task4,2112.0,score,0.71
task4,2113.0,score,0.74
task4,2114.0,score,0.76
task4,2115.0,score,0.75
task4,2116.0,score,0.75
task4,2117.0,score,0.74
task4,2118.0,score,0.73
task4,2119.0,score,0.73
task4,2120.0,score,0.73
task4,2121.0,score,0.73
task4,2122.0,score,0.73
task4,2123.0,score,0.73
task4,2124.0,score,0.73
task4,2125.0,score,0.73
task4,2126.0,score,0.79
task4,2127.0,score,0.8
task4,2128.0,score,0.79
task4,2129.0,score,0.79
task4,2130.0,score,0.79
task4,2131.0,score,0.79
task4,2132.0,score,0.8
task4,2133.0,score,0.8
task4,2134.0,score,0.8
task4,2135.0,score,0.79
task4,2136.0,score,0.78
task4,2137.0,score,0.78
task4,2138.0,score,0.71
task4,2139.0,score,0.71
task4,2140.0,score,0.7
task4,2141.0,score,0.7
task4,2142.0,score,0.69
task4,2143.0,score,0.7
task4,2144.0,score,0.7
task4,2145.0,score,0.7
task4,2146.0,score,0.62
task4,2147.0,score,0.61
task4,2148.0,score,0.61
task4,2149.0,score,0.68
task4,2150.0,score,0.68
task4,2151.0,score,0.71
task4,2152.0,score,0.7
task4,2153.0,score,0.69
task4,2154.0,score,0.69
task4,2155.0,score,0.68
task4,2156.0,score,0.74
task4,2157.0,score,0.74
task4,2158.0,score,0.75
task4,2159.0,score,0.75
task4,2160.0,score,0.75
task4,2161.0,score,0.75
task4,2162.0,score,0.76
task4,2163.0,score,0.76
task4,2164.0,score,0.76
task4,2165.0,score,0.78
task4,2166.0,score,0.78
task4,2167.0,score,0.79
task4,2168.0,score,0.83
task4,2169.0,score,0.83
task4,2170.0,score,0.83
task4,2171.0,score,0.85
task4,2172.0,score,0.85
task4,2173.0,score,0.84
task4,2174.0,score,0.87
task4,2175.0,score,0.86
task4,2176.0,score,0.86
task4,2177.0,score,0.83
task4,2178.0,score,0.84
task4,2179.0,score,0.85
task4,2180.0,score,0.83
task4,2181.0,score,0.83
task4,2182.0,score,0.81
task4,2183.0,score,0.82
task4,2184.0,score,0.83
task4,2185.0,score,0.83
task4,2186.0,score,0.87
task4,2187.0,score,0.87
task4,2188.0,score,0.86
task4,2189.0,score,0.84
task4,2190.0,score,0.87
task4,2191.0,score,0.87
task4,2192.0,score,0.87
task4,2193.0,score,0.87
task4,2194.0,score,0.87
task4,2195.0,score,0.87
task4,2196.0,score,0.86
task4,2197.0,score,0.86
task4,2198.0,score,0.88
task4,2199.0,score,0.87
task4,2200.0,score,0.87
task4,2201.0,score,0.87
task4,2202.0,score,0.87
task4,2203.0,score,0.85
task4,2204.0,score,0.85
task4,2205.0,score,0.85
task4,2206.0,score,0.92
task4,2207.0,score,0.91
task4,2208.0,score,0.93
task4,2209.0,score,0.93
task4,2210.0,score,0.91
task4,2211.0,score,0.9
task4,2212.0,score,0.82
task4,2213.0,score,0.8
task4,2214.0,score,0.8
task4,2215.0,score,0.83
task4,2216.0,score,0.84
task4,2217.0,score,0.86
task4,2218.0,score,0.89
task4,2219.0,score,0.89
task4,2220.0,score,0.89
task4,2221.0,score,0.92
task4,2222.0,score,0.92
task4,2223.0,score,0.92
task4,2224.0,score,0.93
task4,2225.0,score,0.93
task4,2226.0,score,0.87
task4,2227.0,score,0.86
task4,2228.0,score,0.86
task4,2229.0,score,0.88
task4,2230.0,score,0.88
task4,2231.0,score,0.89
task4,2232.0,score,0.88
task4,2233.0,score,0.88
task4,2234.0,score,0.89
task4,2235.0,score,0.9
task4,2236.0,score,0.89
task4,2237.0,score,0.89
task4,2238.0,score,0.89
task4,2239.0,score,0.89
task4,2240.0,score,0.89
task4,2241.0,score,0.9
task4,2242.0,score,0.9
task4,2243.0,score,0.89
task4,2244.0,score,0.9
task4,2245.0,score,0.94
task4,2246.0,score,0.94
task4,2247.0,score,0.94
task4,2248.0,score,0.94
task4,2249.0,score,0.87
task4,2250.0,score,0.88
task4,2251.0,score,0.85
task4,2252.0,score,0.86
task4,2253.0,score,0.86
task4,2254.0,score,0.86
task4,2255.0,score,0.88
task4,2256.0,score,0.82
task4,2257.0,score,0.82
task4,2258.0,score,0.81
task4,2259.0,score,0.84
task4,2260.0,score,0.84
task4,2261.0,score,0.84
task4,2262.0,score,0.84
task4,2263.0,score,0.84
task4,2264.0,score,0.88
task4,2265.0,score,0.86
task4,2266.0,score,0.87
task4,2267.0,score,0.86
task4,2268.0,score,0.84
task4,2269.0,score,0.9
task4,2270.0,score,0.95
task4,2271.0,score,0.99
task4,2272.0,score,1.0
task4,2273.0,score,1.01
task4,2274.0,score,0.98
task4,2275.0,score,0.96
task4,2276.0,score,0.96
task4,2277.0,score,0.97
task4,2278.0,score,1.0
task4,2279.0,score,1.0
task4,2280.0,score,1.0
task4,2281.0,score,1.0
task4,2282.0,score,1.0
task4,2283.0,score,0.99
task4,2284.0,score,0.99
task4,2285.0,score,0.99
task4,2286.0,score,0.94
task4,2287.0,score,0.94
task4,2288.0,score,0.94
task4,2289.0,score,0.94
task4,2290.0,score,0.91
task4,2291.0,score,0.92
task4,2292.0,score,0.92
task4,2293.0,score,0.91
task4,2294.0,score,0.91
task4,2295.0,score,0.92
task4,2296.0,score,0.92
task4,2297.0,score,0.92
task4,2298.0,score,0.89
task4,2299.0,score,0.94
task4,2300.0,score,0.94
task4,2301.0,score,0.94
task4,2302.0,score,0.94
task4,2303.0,score,0.95
task4,2304.0,score,0.96
task4,2305.0,score,0.96
task4,2306.0,score,0.89
task4,2307.0,score,0.89
task4,2308.0,score,0.87
task4,2309.0,score,0.87
task4,2310.0,score,0.86
task4,2311.0,score,0.86
task4,2312.0,score,0.88
task4,2313.0,score,0.87
task4,2314.0,score,0.85
task4,2315.0,score,0.82
task4,2316.0,score,0.81
task4,2317.0,score,0.8
task4,2318.0,score,0.77
task4,2319.0,score,0.76
task4,2320.0,score,0.78
task4,2321.0,score,0.75
task4,2322.0,score,0.75
task4,2323.0,score,0.74
task4,2324.0,score,0.73
task4,2325.0,score,0.75
task4,2326.0,score,0.76
task4,2327.0,score,0.76
task4,2328.0,score,0.78
task4,2329.0,score,0.76
task4,2330.0,score,0.76
task4,2331.0,score,0.79
task4,2332.0,score,0.8
task4,2333.0,score,0.81
task4,2334.0,score,0.81
task4,2335.0,score,0.8
task4,2336.0,score,0.8
task4,2337.0,score,0.8
task4,2338.0,score,0.83
task4,2339.0,score,0.84
task4,2340.0,score,0.87
task4,2341.0,score,0.87
task4,2342.0,score,0.85
task4,2343.0,score,0.85
task4,2344.0,score,0.83
task4,2345.0,score,0.79
task4,2346.0,score,0.79
task4,2347.0,score,0.79
task4,2348.0,score,0.8
task4,2349.0,score,0.8
task4,2350.0,score,0.79
task4,2351.0,score,0.83
task4,2352.0,score,0.82
task4,2353.0,score,0.83
task4,2354.0,score,0.83
task4,2355.0,score,0.81
task4,2356.0,score,0.81
task4,2357.0,score,0.82
task4,2358.0,score,0.82
task4,2359.0,score,0.8
task4,2360.0,score,0.8
task4,2361.0,score,0.8
task4,2362.0,score,0.79
task4,2363.0,score,0.8
task4,2364.0,score,0.76
task4,2365.0,score,0.76
task4,2366.0,score,0.75
task4,2367.0,score,0.75
task4,2368.0,score,0.75
task4,2369.0,score,0.68
task4,2370.0,score,0.64
task4,2371.0,score,0.57
task4,2372.0,score,0.56
task4,2373.0,score,0.57
task4,2374.0,score,0.57
task4,2375.0,score,0.57
task4,2376.0,score,0.57
task4,2377.0,score,0.57
task4,2378.0,score,0.53
task4,2379.0,score,0.52
task4,2380.0,score,0.53
task4,2381.0,score,0.53
task4,2382.0,score,0.63
task4,2383.0,score,0.66
task4,2384.0,score,0.66
task4,2385.0,score,0.69
task4,2386.0,score,0.69
task4,2387.0,score,0.7
task4,2388.0,score,0.7
task4,2389.0,score,0.72
task4,2390.0,score,0.72
task4,2391.0,score,0.71
task4,2392.0,score,0.71
task4,2393.0,score,0.71
task4,2394.0,score,0.71
task4,2395.0,score,0.72
task4,2396.0,score,0.73
task4,2397.0,score,0.74
task4,2398.0,score,0.74
task4,2399.0,score,0.69
task4,2400.0,score,0.69
task4,2401.0,score,0.69
task4,2402.0,score,0.69
task4,2403.0,score,0.7
task4,2404.0,score,0.71
task4,2405.0,score,0.79
task4,2406.0,score,0.8
task4,2407.0,score,0.82
task4,2408.0,score,0.82
task4,2409.0,score,0.83
task4,2410.0,score,0.83
task4,2411.0,score,0.83
task4,2412.0,score,0.83
task4,2413.0,score,0.83
task4,2414.0,score,0.83
task4,2415.0,score,0.83
task4,2416.0,score,0.83
task4,2417.0,score,0.83
task4,2418.0,score,0.83
task4,2419.0,score,0.83
task4,2420.0,score,0.81
task4,2421.0,score,0.81
task4,2422.0,score,0.88
task4,2423.0,score,0.88
task4,2424.0,score,0.88
task4,2425.0,score,0.86
task4,2426.0,score,0.85
task4,2427.0,score,0.86
task4,2428.0,score,0.85
task4,2429.0,score,0.87
task4,2430.0,score,0.89
task4,2431.0,score,0.85
task4,2432.0,score,0.84
task4,2433.0,score,0.84
task4,2434.0,score,0.83
task4,2435.0,score,0.84
task4,2436.0,score,0.84
task4,2437.0,score,0.84
task4,2438.0,score,0.81
task4,2439.0,score,0.87
task4,2440.0,score,0.86
task4,2441.0,score,0.9
task4,2442.0,score,0.9
task4,2443.0,score,0.9
task4,2444.0,score,0.92
task4,2445.0,score,0.91
task4,2446.0,score,0.91
task4,2447.0,score,0.91
task4,2448.0,score,0.9
task4,2449.0,score,0.9
task4,2450.0,score,0.9
task4,2451.0,score,0.86
task4,2452.0,score,0.86
task4,2453.0,score,0.85
task4,2454.0,score,0.85
task4,2455.0,score,0.85
task4,2456.0,score,0.86
task4,2457.0,score,0.85
task4,2458.0,score,0.87
task4,2459.0,score,0.86
task4,2460.0,score,0.86
task4,2461.0,score,0.87
task4,2462.0,score,0.89
task4,2463.0,score,0.88
task4,2464.0,score,0.93
task4,2465.0,score,0.97
task4,2466.0,score,1.0
task4,2467.0,score,1.0
task4,2468.0,score,0.99
task4,2469.0,score,1.01
task4,2470.0,score,1.0
task4,2471.0,score,1.01
task4,2472.0,score,1.01
task4,2473.0,score,1.0
task4,2474.0,score,1.0
task4,2475.0,score,0.99
task4,2476.0,score,1.0
task4,2477.0,score,0.99
task4,2478.0,score,0.99
task4,2479.0,score,0.99
task4,2480.0,score,0.99
task4,2481.0,score,0.99
task4,2482.0,score,0.89
task4,2483.0,score,0.86
task4,2484.0,score,0.86
task4,2485.0,score,0.84
task4,2486.0,score,0.84
task4,2487.0,score,0.83
task4,2488.0,score,0.83
task4,2489.0,score,0.81
task4,2490.0,score,0.82
task4,2491.0,score,0.82
task4,2492.0,score,0.87
task4,2493.0,score,0.87
task4,2494.0,score,0.87
task4,2495.0,score,0.85
task4,2496.0,score,0.84
task4,2497.0,score,0.85
task4,2498.0,score,0.86
task4,2499.0,score,0.88
task4,2500.0,score,0.9
task4,2501.0,score,0.91
task4,2502.0,score,0.91
task4,2503.0,score,0.89
task4,2504.0,score,0.87
task4,2505.0,score,0.8
task4,2506.0,score,0.79
task4,2507.0,score,0.77
task4,2508.0,score,0.79
task4,2509.0,score,0.79
task4,2510.0,score,0.79
task4,2511.0,score,0.79
task4,2512.0,score,0.77
task4,2513.0,score,0.77
task4,2514.0,score,0.84
task4,2515.0,score,0.84
task4,2516.0,score,0.85
task4,2517.0,score,0.86
task4,2518.0,score,0.87
task4,2519.0,score,0.87
task4,2520.0,score,0.87
task4,2521.0,score,0.88
task4,2522.0,score,0.81
task4,2523.0,score,0.81
task4,2524.0,score,0.83
task4,2525.0,score,0.83
task4,2526.0,score,0.83
task4,2527.0,score,0.85
task4,2528.0,score,0.85
task4,2529.0,score,0.84
task4,2530.0,score,0.82
task4,2531.0,score,0.82
task4,2532.0,score,0.82
task4,2533.0,score,0.84
task4,2534.0,score,0.85
task4,2535.0,score,0.84
task4,2536.0,score,0.84
task4,2537.0,score,0.84
task4,2538.0,score,0.9
task4,2539.0,score,0.84
task4,2540.0,score,0.82
task4,2541.0,score,0.79
task4,2542.0,score,0.84
task4,2543.0,score,0.84
task4,2544.0,score,0.83
task4,2545.0,score,0.83
task4,2546.0,score,0.83
task4,2547.0,score,0.84
task4,2548.0,score,0.84
task4,2549.0,score,0.84
task4,2550.0,score,0.84
task4,2551.0,score,0.84
task4,2552.0,score,0.86
task4,2553.0,score,0.86
task4,2554.0,score,0.88
task4,2555.0,score,0.88
task4,2556.0,score,0.87
task4,2557.0,score,0.88
task4,2558.0,score,0.86
task4,2559.0,score,0.87
task4,2560.0,score,0.87
task4,2561.0,score,0.89
task4,2562.0,score,0.9
task4,2563.0,score,0.9
task4,2564.0,score,0.86
task4,2565.0,score,0.82
task4,2566.0,score,0.79
task4,2567.0,score,0.79
task4,2568.0,score,0.79
task4,2569.0,score,0.77
task4,2570.0,score,0.79
task4,2571.0,score,0.78
task4,2572.0,score,0.78
task4,2573.0,score,0.79
task4,2574.0,score,0.8
task4,2575.0,score,0.87
task4,2576.0,score,0.87
task4,2577.0,score,0.87
task4,2578.0,score,0.89
task4,2579.0,score,0.89
task4,2580.0,score,0.88
task4,2581.0,score,0.88
task4,2582.0,score,0.88
task4,2583.0,score,0.89
task4,2584.0,score,0.88
task4,2585.0,score,0.9
task4,2586.0,score,0.92
task4,2587.0,score,0.95
task4,2588.0,score,0.97
task4,2589.0,score,0.97
task4,2590.0,score,0.97
task4,2591.0,score,1.0
task4,2592.0,score,0.95
task4,2593.0,score,0.95
task4,2594.0,score,0.96
task4,2595.0,score,0.96
task4,2596.0,score,1.02
task4,2597.0,score,1.02
task4,2598.0,score,1.02
task4,2599.0,score,1.02
task4,2600.0,score,1.03
task4,2601.0,score,1.03
task4,2602.0,score,1.03
task4,2603.0,score,1.03
task4,2604.0,score,1.03
task4,2605.0,score,1.03
task4,2606.0,score,1.04
task4,2607.0,score,1.04
task4,2608.0,score,1.02
task4,2609.0,score,1.01
task4,2610.0,score,1.02
task4,2611.0,score,1.02
task4,2612.0,score,1.05
task4,2613.0,score,1.05
task4,2614.0,score,1.01
task4,2615.0,score,1.01
task4,2616.0,score,1.01
task4,2617.0,score,0.99
task4,2618.0,score,0.98
task4,2619.0,score,0.98
task4,2620.0,score,0.99
task4,2621.0,score,0.98
task4,2622.0,score,0.98
task4,2623.0,score,0.98
task4,2624.0,score,1.02
task4,2625.0,score,1.03
task4,2626.0,score,1.03
task4,2627.0,score,1.02
task4,2628.0,score,1.01
task4,2629.0,score,1.0
task4,2630.0,score,1.0
task4,2631.0,score,1.0
task4,2632.0,score,1.0
task4,2633.0,score,0.98
task4,2634.0,score,0.97
task4,2635.0,score,0.97
task4,2636.0,score,0.98
task4,2637.0,score,1.02
task4,2638.0,score,0.96
task4,2639.0,score,0.96
task4,2640.0,score,0.96
task4,2641.0,score,0.94
task4,2642.0,score,0.89
task4,2643.0,score,0.89
task4,2644.0,score,0.89
task4,2645.0,score,0.89
task4,2646.0,score,0.89
task4,2647.0,score,0.88
task4,2648.0,score,0.88
task4,2649.0,score,0.89
task4,2650.0,score,0.89
task4,2651.0,score,0.89
task4,2652.0,score,0.87
task4,2653.0,score,0.88
task4,2654.0,score,0.86
task4,2655.0,score,0.86
task4,2656.0,score,0.86
task4,2657.0,score,0.85
task4,2658.0,score,0.86
task4,2659.0,score,0.85
task4,2660.0,score,0.85
task4,2661.0,score,0.83
task4,2662.0,score,0.87
task4,2663.0,score,0.87
task4,2664.0,score,0.86
task4,2665.0,score,0.87
task4,2666.0,score,0.87
task4,2667.0,score,0.89
task4,2668.0,score,0.89
task4,2669.0,score,0.9
task4,2670.0,score,0.88
task4,2671.0,score,0.9
task4,2672.0,score,0.9
task4,2673.0,score,0.9
task4,2674.0,score,0.89
task4,2675.0,score,0.82
task4,2676.0,score,0.81
task4,2677.0,score,0.81
task4,2678.0,score,0.79
task4,2679.0,score,0.79
task4,2680.0,score,0.79
task4,2681.0,score,0.79
task4,2682.0,score,0.79
task4,2683.0,score,0.78
task4,2684.0,score,0.88
task4,2685.0,score,0.85
task4,2686.0,score,0.83
task4,2687.0,score,0.8
task4,2688.0,score,0.78
task4,2689.0,score,0.78
task4,2690.0,score,0.77
task4,2691.0,score,0.74
task4,2692.0,score,0.77
task4,2693.0,score,0.85
task4,2694.0,score,0.84
task4,2695.0,score,0.84
task4,2696.0,score,0.79
task4,2697.0,score,0.77
task4,2698.0,score,0.77
task4,2699.0,score,0.76
task4,2700.0,score,0.75
task4,2701.0,score,0.81
task4,2702.0,score,0.81
task4,2703.0,score,0.82
task4,2704.0,score,0.82
task4,2705.0,score,0.82
task4,2706.0,score,0.82
task4,2707.0,score,0.83
task4,2708.0,score,0.83
task4,2709.0,score,0.83
task4,2710.0,score,0.82
task4,2711.0,score,0.84
task4,2712.0,score,0.81
task4,2713.0,score,0.82
task4,2714.0,score,0.79
task4,2715.0,score,0.79
task4,2716.0,score,0.78
task4,2717.0,score,0.79
task4,2718.0,score,0.8
task4,2719.0,score,0.8
task4,2720.0,score,0.87
task4,2721.0,score,0.87
task4,2722.0,score,0.9
task4,2723.0,score,0.9
task4,2724.0,score,0.84
task4,2725.0,score,0.84
task4,2726.0,score,0.84
task4,2727.0,score,0.86
task4,2728.0,score,0.86
task4,2729.0,score,0.86
task4,2730.0,score,0.86
task4,2731.0,score,0.88
task4,2732.0,score,0.89
task4,2733.0,score,0.88
task4,2734.0,score,0.88
task4,2735.0,score,0.88
task4,2736.0,score,0.88
task4,2737.0,score,0.84
task4,2738.0,score,0.87
task4,2739.0,score,0.87
task4,2740.0,score,0.89
task4,2741.0,score,0.92
task4,2742.0,score,0.95
task4,2743.0,score,0.95
task4,2744.0,score,0.94
task4,2745.0,score,0.94
task4,2746.0,score,0.95
task4,2747.0,score,0.95
task4,2748.0,score,0.97
task4,2749.0,score,0.97
task4,2750.0,score,1.03
task4,2751.0,score,1.03
task4,2752.0,score,1.03
task4,2753.0,score,1.08
task4,2754.0,score,1.08
task4,2755.0,score,1.1
task4,2756.0,score,1.12
task4,2757.0,score,1.12
task4,2758.0,score,1.12
task4,2759.0,score,1.14
task4,2760.0,score,1.16
task4,2761.0,score,1.17
task4,2762.0,score,1.15
task4,2763.0,score,1.16
task4,2764.0,score,1.17
task4,2765.0,score,1.16
task4,2766.0,score,1.16
task4,2767.0,score,1.14
task4,2768.0,score,1.13
task4,2769.0,score,1.12
task4,2770.0,score,1.13
task4,2771.0,score,1.11
task4,2772.0,score,1.11
task4,2773.0,score,1.09
task4,2774.0,score,1.1
task4,2775.0,score,1.1
task4,2776.0,score,1.1
task4,2777.0,score,1.1
task4,2778.0,score,1.1
task4,2779.0,score,1.1
task4,2780.0,score,1.11
task4,2781.0,score,1.11
task4,2782.0,score,1.13
task4,2783.0,score,1.13
task4,2784.0,score,1.03
task4,2785.0,score,1.03
task4,2786.0,score,1.07
task4,2787.0,score,1.07
task4,2788.0,score,1.08
task4,2789.0,score,1.09
task4,2790.0,score,1.09
task4,2791.0,score,1.11
task4,2792.0,score,1.08
task4,2793.0,score,1.03
task4,2794.0,score,1.04
task4,2795.0,score,1.06
task4,2796.0,score,1.05
task4,2797.0,score,1.07
task4,2798.0,score,1.08
task4,2799.0,score,1.07
task4,2800.0,score,1.07
task4,2801.0,score,1.0
task4,2802.0,score,1.06
task4,2803.0,score,1.05
task4,2804.0,score,1.05
task4,2805.0,score,1.06
task4,2806.0,score,1.05
task4,2807.0,score,1.05
task4,2808.0,score,1.05
task4,2809.0,score,1.12
task4,2810.0,score,1.12
task4,2811.0,score,1.1
task4,2812.0,score,1.11
task4,2813.0,score,1.11
task4,2814.0,score,1.12
task4,2815.0,score,1.12
task4,2816.0,score,1.13
task4,2817.0,score,1.12
task4,2818.0,score,1.12
task4,2819.0,score,1.12
task4,2820.0,score,1.04
task4,2821.0,score,1.05
task4,2822.0,score,1.02
task4,2823.0,score,1.02
task4,2824.0,score,1.05
task4,2825.0,score,1.04
task4,2826.0,score,1.04
task4,2827.0,score,1.0
task4,2828.0,score,1.02
task4,2829.0,score,1.02
task4,2830.0,score,1.07
task4,2831.0,score,1.06
task4,2832.0,score,1.06
task4,2833.0,score,1.07
task4,2834.0,score,1.07
task4,2835.0,score,1.07
task4,2836.0,score,1.06
task4,2837.0,score,1.08
task4,2838.0,score,1.07
task4,2839.0,score,1.07
task4,2840.0,score,1.05
task4,2841.0,score,1.04
task4,2842.0,score,1.01
task4,2843.0,score,1.01
task4,2844.0,score,1.02
task4,2845.0,score,1.03
task4,2846.0,score,1.02
task4,2847.0,score,1.02
task4,2848.0,score,1.02
task4,2849.0,score,1.01
task4,2850.0,score,0.97
task4,2851.0,score,0.97
task4,2852.0,score,0.97
task4,2853.0,score,0.92
task4,2854.0,score,0.92
task4,2855.0,score,0.9
task4,2856.0,score,0.9
task4,2857.0,score,0.9
task4,2858.0,score,0.89
task4,2859.0,score,0.87
task4,2860.0,score,0.85
task4,2861.0,score,0.84
task4,2862.0,score,0.79
task4,2863.0,score,0.78
task4,2864.0,score,0.77
task4,2865.0,score,0.77
task4,2866.0,score,0.77
task4,2867.0,score,0.78
task4,2868.0,score,0.78
task4,2869.0,score,0.79
task4,2870.0,score,0.78
task4,2871.0,score,0.78
task4,2872.0,score,0.83
task4,2873.0,score,0.84
task4,2874.0,score,0.83
task4,2875.0,score,0.83
task4,2876.0,score,0.83
task4,2877.0,score,0.83
task4,2878.0,score,0.83
task4,2879.0,score,0.84
task4,2880.0,score,0.84
task4,2881.0,score,0.85
task4,2882.0,score,0.83
task4,2883.0,score,0.85
task4,2884.0,score,0.87
task4,2885.0,score,0.87
task4,2886.0,score,0.83
task4,2887.0,score,0.85
task4,2888.0,score,0.85
task4,2889.0,score,0.88
task4,2890.0,score,0.9
task4,2891.0,score,0.89
task4,2892.0,score,0.89
task4,2893.0,score,0.86
task4,2894.0,score,0.85
task4,2895.0,score,0.83
task4,2896.0,score,0.86
task4,2897.0,score,0.85
task4,2898.0,score,0.83
task4,2899.0,score,0.83
task4,2900.0,score,0.85
task4,2901.0,score,0.85
task4,2902.0,score,0.8
task4,2903.0,score,0.8
task4,2904.0,score,0.8
task4,2905.0,score,0.78
task4,2906.0,score,0.78
task4,2907.0,score,0.78
task4,2908.0,score,0.78
task4,2909.0,score,0.75
task4,2910.0,score,0.76
task4,2911.0,score,0.77
task4,2912.0,score,0.76
task4,2913.0,score,0.77
task4,2914.0,score,0.77
task4,2915.0,score,0.78
task4,2916.0,score,0.78
task4,2917.0,score,0.78
task4,2918.0,score,0.79
task4,2919.0,score,0.88
task4,2920.0,score,0.88
task4,2921.0,score,0.93
task4,2922.0,score,0.94
task4,2923.0,score,0.94
task4,2924.0,score,0.93
task4,2925.0,score,0.93
task4,2926.0,score,0.93
task4,2927.0,score,0.94
task4,2928.0,score,0.92
task4,2929.0,score,0.92
task4,2930.0,score,0.87
task4,2931.0,score,0.86
task4,2932.0,score,0.85
task4,2933.0,score,0.84
task4,2934.0,score,0.84
task4,2935.0,score,0.85
task4,2936.0,score,0.85
task4,2937.0,score,0.85
task4,2938.0,score,0.85
task4,2939.0,score,0.86
task4,2940.0,score,0.86
task4,2941.0,score,0.84
task4,2942.0,score,0.85
task4,2943.0,score,0.87
task4,2944.0,score,0.87
task4,2945.0,score,0.86
task4,2946.0,score,0.86
task4,2947.0,score,0.87
task4,2948.0,score,0.86
task4,2949.0,score,0.87
task4,2950.0,score,0.89
task4,2951.0,score,0.91
task4,2952.0,score,0.91
task4,2953.0,score,0.93
task4,2954.0,score,0.93
task4,2955.0,score,0.94
task4,2956.0,score,0.95
task4,2957.0,score,0.95
task4,2958.0,score,0.95
task4,2959.0,score,0.95
task4,2960.0,score,0.95
task4,2961.0,score,0.95
task4,2962.0,score,0.96
task4,2963.0,score,0.96
task4,2964.0,score,0.97
task4,2965.0,score,0.97
task4,2966.0,score,0.99
task4,2967.0,score,0.98
task4,2968.0,score,1.0
task4,2969.0,score,1.0
task4,2970.0,score,1.01
task4,2971.0,score,1.03
task4,2972.0,score,0.98
task4,2973.0,score,1.03
task4,2974.0,score,1.03
task4,2975.0,score,1.04
task4,2976.0,score,1.05
task4,2977.0,score,1.07
task4,2978.0,score,1.07
task4,2979.0,score,1.08
task4,2980.0,score,1.09
task4,2981.0,score,1.08
task4,2982.0,score,1.09
task4,2983.0,score,1.08
task4,2984.0,score,1.07
task4,2985.0,score,1.07
task4,2986.0,score,1.07
task4,2987.0,score,1.05
task4,2988.0,score,1.05
task4,2989.0,score,1.01
task4,2990.0,score,0.99
task4,2991.0,score,0.98
task4,2992.0,score,0.98
task4,2993.0,score,0.99
task4,2994.0,score,1.0
task4,2995.0,score,1.0
task4,2996.0,score,0.97
task4,2997.0,score,0.96
task4,2998.0,score,0.96
task4,2999.0,score,0.96
task4,3000.0,score,0.93
task4,3001.0,score,0.97
task4,3002.0,score,0.97
task4,3003.0,score,0.97
task4,3004.0,score,0.98
task4,3005.0,score,0.98
task4,3006.0,score,0.98
task4,3007.0,score,0.97
task4,3008.0,score,0.97
task4,3009.0,score,0.96
task4,3010.0,score,0.97
task4,3011.0,score,0.96
task4,3012.0,score,0.96
task4,3013.0,score,0.95
task4,3014.0,score,0.94
task4,3015.0,score,0.93
task4,3016.0,score,0.94
task4,3017.0,score,0.94
task4,3018.0,score,0.93
task4,3019.0,score,0.85
task4,3020.0,score,0.86
task4,3021.0,score,0.8
task4,3022.0,score,0.79
task4,3023.0,score,0.79
task4,3024.0,score,0.8
task4,3025.0,score,0.8
task4,3026.0,score,0.8
task4,3027.0,score,0.8
task4,3028.0,score,0.8
task4,3029.0,score,0.8
task4,3030.0,score,0.8
task4,3031.0,score,0.8
task4,3032.0,score,0.8
task4,3033.0,score,0.8
task4,3034.0,score,0.8
task4,3035.0,score,0.79
task4,3036.0,score,0.8
task4,3037.0,score,0.8
task4,3038.0,score,0.78
task4,3039.0,score,0.77
task4,3040.0,score,0.77
task4,3041.0,score,0.8
task4,3042.0,score,0.8
task4,3043.0,score,0.79
task4,3044.0,score,0.81
task4,3045.0,score,0.81
task4,3046.0,score,0.82
task4,3047.0,score,0.88
task4,3048.0,score,0.87
task4,3049.0,score,0.86
task4,3050.0,score,0.84
task4,3051.0,score,0.84
task4,3052.0,score,0.86
task4,3053.0,score,0.83
task4,3054.0,score,0.84
task4,3055.0,score,0.83
task4,3056.0,score,0.8
task4,3057.0,score,0.8
task4,3058.0,score,0.82
task4,3059.0,score,0.9
task4,3060.0,score,0.92
task4,3061.0,score,0.93
task4,3062.0,score,0.92
task4,3063.0,score,0.94
task4,3064.0,score,0.94
task4,3065.0,score,0.94
task4,3066.0,score,0.92
task4,3067.0,score,0.93
task4,3068.0,score,0.92
task4,3069.0,score,0.91
task4,3070.0,score,0.9
task4,3071.0,score,0.89
task4,3072.0,score,0.9
task4,3073.0,score,0.84
task4,3074.0,score,0.84
task4,3075.0,score,0.83
task4,3076.0,score,0.84
task4,3077.0,score,0.82
task4,3078.0,score,0.82
task4,3079.0,score,0.8
task4,3080.0,score,0.79
task4,3081.0,score,0.8
task4,3082.0,score,0.84
task4,3083.0,score,0.83
task4,3084.0,score,0.82
task4,3085.0,score,0.82
task4,3086.0,score,0.82
task4,3087.0,score,0.83
task4,3088.0,score,0.82
task4,3089.0,score,0.83
task4,3090.0,score,0.83
task4,3091.0,score,0.83
task4,3092.0,score,0.86
task4,3093.0,score,0.86
task4,3094.0,score,0.85
task4,3095.0,score,0.87
task4,3096.0,score,0.87
task4,3097.0,score,0.88
task4,3098.0,score,0.88
task4,3099.0,score,0.88
task4,3100.0,score,0.89
task4,3101.0,score,0.85
task4,3102.0,score,0.84
task4,3103.0,score,0.84
task4,3104.0,score,0.84
task4,3105.0,score,0.84
task4,3106.0,score,0.84
task4,3107.0,score,0.84
task4,3108.0,score,0.84
task4,3109.0,score,0.81
task4,3110.0,score,0.79
task4,3111.0,score,0.8
task4,3112.0,score,0.82
task4,3113.0,score,0.82
task4,3114.0,score,0.82
task4,3115.0,score,0.82
task4,3116.0,score,0.8
task4,3117.0,score,0.8
task4,3118.0,score,0.79
task4,3119.0,score,0.78
task4,3120.0,score,0.77
task4,3121.0,score,0.77
task4,3122.0,score,0.77
task4,3123.0,score,0.78
task4,3124.0,score,0.75
task4,3125.0,score,0.75
task4,3126.0,score,0.75
task4,3127.0,score,0.74
task4,3128.0,score,0.76
task4,3129.0,score,0.76
task4,3130.0,score,0.76
task4,3131.0,score,0.76
task4,3132.0,score,0.77
task4,3133.0,score,0.78
task4,3134.0,score,0.8
task4,3135.0,score,0.8
task4,3136.0,score,0.79
task4,3137.0,score,0.78
task4,3138.0,score,0.78
task4,3139.0,score,0.78
task4,3140.0,score,0.78
task4,3141.0,score,0.75
task4,3142.0,score,0.75
task4,3143.0,score,0.74
task4,3144.0,score,0.73
task4,3145.0,score,0.75
task4,3146.0,score,0.74
task4,3147.0,score,0.8
task4,3148.0,score,0.87
task4,3149.0,score,0.88
task4,3150.0,score,0.88
task4,3151.0,score,0.92
task4,3152.0,score,0.9
task4,3153.0,score,0.91
task4,3154.0,score,0.91
task4,3155.0,score,0.91
task4,3156.0,score,0.91
task4,3157.0,score,0.92
task4,3158.0,score,0.9
task4,3159.0,score,0.85
task4,3160.0,score,0.85
task4,3161.0,score,0.84
task4,3162.0,score,0.87
task4,3163.0,score,0.85
task4,3164.0,score,0.84
task4,3165.0,score,0.86
task4,3166.0,score,0.87
task4,3167.0,score,0.86
task4,3168.0,score,0.85
task4,3169.0,score,0.88
task4,3170.0,score,0.89
task4,3171.0,score,0.93
task4,3172.0,score,0.94
task4,3173.0,score,0.94
task4,3174.0,score,0.95
task4,3175.0,score,0.95
task4,3176.0,score,0.94
task4,3177.0,score,0.95
task4,3178.0,score,0.95
task4,3179.0,score,0.95
task4,3180.0,score,0.94
task4,3181.0,score,0.93
task4,3182.0,score,0.88
task4,3183.0,score,0.88
task4,3184.0,score,0.89
task4,3185.0,score,0.91
task4,3186.0,score,0.93
task4,3187.0,score,0.93
task4,3188.0,score,0.99
task4,3189.0,score,0.99
task4,3190.0,score,1.0
task4,3191.0,score,1.0
task4,3192.0,score,0.97
task4,3193.0,score,1.0
task4,3194.0,score,1.01
task4,3195.0,score,1.0
task4,3196.0,score,1.0
task4,3197.0,score,1.0
task4,3198.0,score,1.0
task4,3199.0,score,1.0
task4,3200.0,score,0.99
task4,3201.0,score,1.01
task4,3202.0,score,1.01
task4,3203.0,score,1.02
task4,3204.0,score,1.01
task4,3205.0,score,1.01
task4,3206.0,score,1.01
task4,3207.0,score,1.02
task4,3208.0,score,1.05
task4,3209.0,score,1.06
task4,3210.0,score,1.07
task4,3211.0,score,1.07
task4,3212.0,score,1.07
task4,3213.0,score,1.09
task4,3214.0,score,1.09
task4,3215.0,score,1.09
task4,3216.0,score,1.09
task4,3217.0,score,1.09
task4,3218.0,score,1.09
task4,3219.0,score,1.2
task4,3220.0,score,1.21
task4,3221.0,score,1.22
task4,3222.0,score,1.24
task4,3223.0,score,1.23
task4,3224.0,score,1.23
task4,3225.0,score,1.24
task4,3226.0,score,1.24
task4,3227.0,score,1.24
task4,3228.0,score,1.23
task4,3229.0,score,1.26
task4,3230.0,score,1.29
task4,3231.0,score,1.29
task4,3232.0,score,1.31
task4,3233.0,score,1.3
task4,3234.0,score,1.34
task4,3235.0,score,1.34
task4,3236.0,score,1.34
task4,3237.0,score,1.34
task4,3238.0,score,1.35
task4,3239.0,score,1.34
task4,3240.0,score,1.4
task4,3241.0,score,1.4
task4,3242.0,score,1.39
task4,3243.0,score,1.4
task4,3244.0,score,1.39
task4,3245.0,score,1.37
task4,3246.0,score,1.38
task4,3247.0,score,1.25
task4,3248.0,score,1.23
task4,3249.0,score,1.23
task4,3250.0,score,1.23
task4,3251.0,score,1.19
task4,3252.0,score,1.19
task4,3253.0,score,1.18
task4,3254.0,score,1.19
task4,3255.0,score,1.19
task4,3256.0,score,1.19
task4,3257.0,score,1.19
task4,3258.0,score,1.19
task4,3259.0,score,1.16
task4,3260.0,score,1.15
task4,3261.0,score,1.16
task4,3262.0,score,1.15
task4,3263.0,score,1.16
task4,3264.0,score,1.19
task4,3265.0,score,1.17
task4,3266.0,score,1.16
task4,3267.0,score,1.16
task4,3268.0,score,1.17
task4,3269.0,score,1.14
task4,3270.0,score,1.13
task4,3271.0,score,1.08
task4,3272.0,score,1.06
task4,3273.0,score,1.06
task4,3274.0,score,1.05
task4,3275.0,score,1.05
task4,3276.0,score,1.05
task4,3277.0,score,1.04
task4,3278.0,score,1.06
task4,3279.0,score,1.07
task4,3280.0,score,1.08
task4,3281.0,score,1.09
task4,3282.0,score,1.09
task4,3283.0,score,1.1
task4,3284.0,score,1.09
task4,3285.0,score,1.1
task4,3286.0,score,1.15
task4,3287.0,score,1.15
task4,3288.0,score,1.09
task4,3289.0,score,1.16
task4,3290.0,score,1.15
task4,3291.0,score,1.16
task4,3292.0,score,1.17
task4,3293.0,score,1.13
task4,3294.0,score,1.13
task4,3295.0,score,1.13
task4,3296.0,score,1.15
task4,3297.0,score,1.19
task4,3298.0,score,1.2
task4,3299.0,score,1.2
task4,3300.0,score,1.19
task4,3301.0,score,1.18
task4,3302.0,score,1.25
task4,3303.0,score,1.24
task4,3304.0,score,1.25
task4,3305.0,score,1.26
task4,3306.0,score,1.26
task4,3307.0,score,1.26
task4,3308.0,score,1.29
task4,3309.0,score,1.3
task4,3310.0,score,1.3
task4,3311.0,score,1.35
task4,3312.0,score,1.36
task4,3313.0,score,1.33
task4,3314.0,score,1.33
task4,3315.0,score,1.33
task4,3316.0,score,1.34
task4,3317.0,score,1.36
task4,3318.0,score,1.38
task4,3319.0,score,1.3
task4,3320.0,score,1.29
task4,3321.0,score,1.28
task4,3322.0,score,1.27
task4,3323.0,score,1.29
task4,3324.0,score,1.32
task4,3325.0,score,1.31
task4,3326.0,score,1.33
task4,3327.0,score,1.34
task4,3328.0,score,1.36
task4,3329.0,score,1.33
task4,3330.0,score,1.3
task4,3331.0,score,1.3
task4,3332.0,score,1.28
task4,3333.0,score,1.28
task4,3334.0,score,1.22
task4,3335.0,score,1.23
task4,3336.0,score,1.23
task4,3337.0,score,1.22
task4,3338.0,score,1.21
task4,3339.0,score,1.23
task4,3340.0,score,1.17
task4,3341.0,score,1.17
task4,3342.0,score,1.17
task4,3343.0,score,1.16
task4,3344.0,score,1.15
task4,3345.0,score,1.16
task4,3346.0,score,1.16
task4,3347.0,score,1.17
task4,3348.0,score,1.14
task4,3349.0,score,1.13
task4,3350.0,score,1.12
task4,3351.0,score,1.11
task4,3352.0,score,1.16
task4,3353.0,score,1.2
task4,3354.0,score,1.19
task4,3355.0,score,1.19
task4,3356.0,score,1.19
task4,3357.0,score,1.18
task4,3358.0,score,1.19
task4,3359.0,score,1.19
task4,3360.0,score,1.18
task4,3361.0,score,1.17
task4,3362.0,score,1.15
task4,3363.0,score,1.14
task4,3364.0,score,1.11
task4,3365.0,score,1.12
task4,3366.0,score,1.12
task4,3367.0,score,1.13
task4,3368.0,score,1.14
task4,3369.0,score,1.17
task4,3370.0,score,1.19
task4,3371.0,score,1.24
task4,3372.0,score,1.27
task4,3373.0,score,1.28
task4,3374.0,score,1.28
task4,3375.0,score,1.29
task4,3376.0,score,1.28
task4,3377.0,score,1.28
task4,3378.0,score,1.29
task4,3379.0,score,1.3
task4,3380.0,score,1.29
task4,3381.0,score,1.31
task4,3382.0,score,1.31
task4,3383.0,score,1.3
task4,3384.0,score,1.3
task4,3385.0,score,1.29
task4,3386.0,score,1.23
task4,3387.0,score,1.23
task4,3388.0,score,1.24
task4,3389.0,score,1.18
task4,3390.0,score,1.18
task4,3391.0,score,1.2
task4,3392.0,score,1.21
task4,3393.0,score,1.21
task4,3394.0,score,1.2
task4,3395.0,score,1.2
task4,3396.0,score,1.18
task4,3397.0,score,1.13
task4,3398.0,score,1.14
task4,3399.0,score,1.14
task4,3400.0,score,1.15
task4,3401.0,score,1.18
task4,3402.0,score,1.11
task4,3403.0,score,1.11
task4,3404.0,score,1.17
task4,3405.0,score,1.18
task4,3406.0,score,1.18
task4,3407.0,score,1.17
task4,3408.0,score,1.13
task4,3409.0,score,1.11
task4,3410.0,score,1.12
task4,3411.0,score,1.07
task4,3412.0,score,1.04
task4,3413.0,score,1.06
task4,3414.0,score,1.06
task4,3415.0,score,1.09
task4,3416.0,score,1.1
task4,3417.0,score,1.08
task4,3418.0,score,1.06
task4,3419.0,score,1.03
task4,3420.0,score,1.04
task4,3421.0,score,1.04
task4,3422.0,score,1.05
task4,3423.0,score,1.04
task4,3424.0,score,1.01
task4,3425.0,score,1.04
task4,3426.0,score,1.03
task4,3427.0,score,1.07
task4,3428.0,score,1.04
task4,3429.0,score,1.05
task4,3430.0,score,1.08
task4,3431.0,score,1.08
task4,3432.0,score,1.09
task4,3433.0,score,1.09
task4,3434.0,score,1.09
task4,3435.0,score,1.1
task4,3436.0,score,1.11
task4,3437.0,score,1.11
task4,3438.0,score,1.11
task4,3439.0,score,1.09
task4,3440.0,score,1.11
task4,3441.0,score,1.12
task4,3442.0,score,1.12
task4,3443.0,score,1.14
task4,3444.0,score,1.15
task4,3445.0,score,1.15
task4,3446.0,score,1.15
task4,3447.0,score,1.21
task4,3448.0,score,1.21
task4,3449.0,score,1.23
task4,3450.0,score,1.23
task4,3451.0,score,1.22
task4,3452.0,score,1.17
task4,3453.0,score,1.14
task4,3454.0,score,1.14
task4,3455.0,score,1.18
task4,3456.0,score,1.18
task4,3457.0,score,1.18
task4,3458.0,score,1.17
task4,3459.0,score,1.17
task4,3460.0,score,1.17
task4,3461.0,score,1.16
task4,3462.0,score,1.16
task4,3463.0,score,1.16
task4,3464.0,score,1.16
task4,3465.0,score,1.16
task4,3466.0,score,1.16
task4,3467.0,score,1.17
task4,3468.0,score,1.17
task4,3469.0,score,1.14
task4,3470.0,score,1.13
task4,3471.0,score,1.11
task4,3472.0,score,1.09
task4,3473.0,score,1.09
task4,3474.0,score,1.11
task4,3475.0,score,1.11
task4,3476.0,score,1.14
task4,3477.0,score,1.14
task4,3478.0,score,1.11
task4,3479.0,score,1.09
task4,3480.0,score,1.1
task4,3481.0,score,1.07
task4,3482.0,score,1.07
task4,3483.0,score,1.07
task4,3484.0,score,1.07
task4,3485.0,score,1.07
task4,3486.0,score,1.07
task4,3487.0,score,1.06
task4,3488.0,score,1.07
task4,3489.0,score,1.05
task4,3490.0,score,1.05
task4,3491.0,score,1.02
task4,3492.0,score,1.01
task4,3493.0,score,1.02
task4,3494.0,score,1.03
task4,3495.0,score,1.04
task4,3496.0,score,1.04
task4,3497.0,score,1.04
task4,3498.0,score,1.02
task4,3499.0,score,1.04
task4,3500.0,score,1.03
task4,3501.0,score,0.99
task4,3502.0,score,1.02
task4,3503.0,score,1.02
task4,3504.0,score,0.95
task4,3505.0,score,0.93
task4,3506.0,score,0.96
task4,3507.0,score,0.98
task4,3508.0,score,0.99
task4,3509.0,score,1.02
task4,3510.0,score,1.0
task4,3511.0,score,0.99
task4,3512.0,score,1.0
task4,3513.0,score,1.01
task4,3514.0,score,1.03
task4,3515.0,score,1.01
task4,3516.0,score,0.99
task4,3517.0,score,1.01
task4,3518.0,score,1.02
task4,3519.0,score,1.02
task4,3520.0,score,1.03
task4,3521.0,score,1.03
task4,3522.0,score,1.01
task4,3523.0,score,1.0
task4,3524.0,score,1.0
task4,3525.0,score,0.99
task4,3526.0,score,0.99
task4,3527.0,score,0.96
task4,3528.0,score,0.97
task4,3529.0,score,0.96
task4,3530.0,score,1.01
task4,3531.0,score,1.07
task4,3532.0,score,1.05
task4,3533.0,score,1.07
task4,3534.0,score,1.07
task4,3535.0,score,1.07
task4,3536.0,score,1.06
task4,3537.0,score,1.07
task4,3538.0,score,1.1
task4,3539.0,score,1.1
task4,3540.0,score,1.09
task4,3541.0,score,1.09
task4,3542.0,score,1.1
task4,3543.0,score,1.14
task4,3544.0,score,1.14
task4,3545.0,score,1.14
task4,3546.0,score,1.13
task4,3547.0,score,1.09
task4,3548.0,score,1.07
task4,3549.0,score,1.05
task4,3550.0,score,1.04
task4,3551.0,score,1.04
task4,3552.0,score,1.04
task4,3553.0,score,1.04
task4,3554.0,score,1.16
task4,3555.0,score,1.15
task4,3556.0,score,1.15
task4,3557.0,score,1.16
task4,3558.0,score,1.16
task4,3559.0,score,1.16
task4,3560.0,score,1.17
task4,3561.0,score,1.2
task4,3562.0,score,1.21
task4,3563.0,score,1.22
task4,3564.0,score,1.29
task4,3565.0,score,1.28
task4,3566.0,score,1.37
task4,3567.0,score,1.38
task4,3568.0,score,1.36
task4,3569.0,score,1.37
task4,3570.0,score,1.38
task4,3571.0,score,1.35
task4,3572.0,score,1.34
task4,3573.0,score,1.36
task4,3574.0,score,1.34
task4,3575.0,score,1.35
task4,3576.0,score,1.33
task4,3577.0,score,1.33
task4,3578.0,score,1.35
task4,3579.0,score,1.35
task4,3580.0,score,1.34
task4,3581.0,score,1.34
task4,3582.0,score,1.35
task4,3583.0,score,1.36
task4,3584.0,score,1.36
task4,3585.0,score,1.35
task4,3586.0,score,1.35
task4,3587.0,score,1.35
task4,3588.0,score,1.33
task4,3589.0,score,1.33
task4,3590.0,score,1.33
task4,3591.0,score,1.33
task4,3592.0,score,1.32
task4,3593.0,score,1.32
task4,3594.0,score,1.31
task4,3595.0,score,1.31
task4,3596.0,score,1.32
task4,3597.0,score,1.32
task4,3598.0,score,1.33
task4,3599.0,score,1.31
task4,3600.0,score,1.32
task4,3601.0,score,1.32
task4,3602.0,score,1.29
task4,3603.0,score,1.3
task4,3604.0,score,1.31
task4,3605.0,score,1.38
task4,3606.0,score,1.35
task4,3607.0,score,1.34
task4,3608.0,score,1.33
task4,3609.0,score,1.3
task4,3610.0,score,1.3
task4,3611.0,score,1.32
task4,3612.0,score,1.32
task4,3613.0,score,1.29
task4,3614.0,score,1.33
task4,3615.0,score,1.34
task4,3616.0,score,1.34
task4,3617.0,score,1.33
task4,3618.0,score,1.32
task4,3619.0,score,1.33
task4,3620.0,score,1.32
task4,3621.0,score,1.32
task4,3622.0,score,1.32
task4,3623.0,score,1.32
task4,3624.0,score,1.33
task4,3625.0,score,1.36
task4,3626.0,score,1.36
task4,3627.0,score,1.35
task4,3628.0,score,1.34
task4,3629.0,score,1.35
task4,3630.0,score,1.28
task4,3631.0,score,1.22
task4,3632.0,score,1.25
task4,3633.0,score,1.23
task4,3634.0,score,1.23
task4,3635.0,score,1.21
task4,3636.0,score,1.21
task4,3637.0,score,1.21
task4,3638.0,score,1.18
task4,3639.0,score,1.18
task4,3640.0,score,1.17
task4,3641.0,score,1.16
task4,3642.0,score,1.15
task4,3643.0,score,1.1
task4,3644.0,score,1.09
task4,3645.0,score,1.13
task4,3646.0,score,1.13
task4,3647.0,score,1.11
task4,3648.0,score,1.12
task4,3649.0,score,1.12
task4,3650.0,score,1.13
task4,3651.0,score,1.15
task4,3652.0,score,1.16
task4,3653.0,score,1.15
task4,3654.0,score,1.02
task4,3655.0,score,0.99
task4,3656.0,score,1.0
task4,3657.0,score,0.99
task4,3658.0,score,1.0
task4,3659.0,score,1.01
task4,3660.0,score,1.05
task4,3661.0,score,1.02
task4,3662.0,score,1.01
task4,3663.0,score,1.01
task4,3664.0,score,0.94
task4,3665.0,score,0.95
task4,3666.0,score,0.86
task4,3667.0,score,0.84
task4,3668.0,score,0.84
task4,3669.0,score,0.83
task4,3670.0,score,0.81
task4,3671.0,score,0.83
task4,3672.0,score,0.83
task4,3673.0,score,0.81
task4,3674.0,score,0.82
task4,3675.0,score,0.81
task4,3676.0,score,0.8
task4,3677.0,score,0.82
task4,3678.0,score,0.8
task4,3679.0,score,0.82
task4,3680.0,score,0.83
task4,3681.0,score,0.83
task4,3682.0,score,0.82
task4,3683.0,score,0.81
task4,3684.0,score,0.81
task4,3685.0,score,0.8
task4,3686.0,score,0.79
task4,3687.0,score,0.83
task4,3688.0,score,0.83
task4,3689.0,score,0.85
task4,3690.0,score,0.85
task4,3691.0,score,0.89
task4,3692.0,score,0.89
task4,3693.0,score,0.89
task4,3694.0,score,0.91
task4,3695.0,score,0.89
task4,3696.0,score,0.88
task4,3697.0,score,0.89
task4,3698.0,score,0.88
task4,3699.0,score,0.88
task4,3700.0,score,0.91
task4,3701.0,score,0.91
task4,3702.0,score,0.91
task4,3703.0,score,0.93
task4,3704.0,score,0.92
task4,3705.0,score,0.86
task4,3706.0,score,0.87
task4,3707.0,score,0.87
task4,3708.0,score,0.87
task4,3709.0,score,0.93
task4,3710.0,score,0.96
task4,3711.0,score,0.95
task4,3712.0,score,0.94
task4,3713.0,score,0.94
task4,3714.0,score,0.88
task4,3715.0,score,0.88
task4,3716.0,score,0.88
task4,3717.0,score,0.95
task4,3718.0,score,0.95
task4,3719.0,score,0.96
task4,3720.0,score,0.97
task4,3721.0,score,1.01
task4,3722.0,score,1.02
task4,3723.0,score,1.07
task4,3724.0,score,1.07
task4,3725.0,score,1.02
task4,3726.0,score,1.04
task4,3727.0,score,1.05
task4,3728.0,score,1.06
task4,3729.0,score,1.06
task4,3730.0,score,1.05
task4,3731.0,score,1.05
task4,3732.0,score,1.02
task4,3733.0,score,1.02
task4,3734.0,score,1.03
task4,3735.0,score,1.03
task4,3736.0,score,1.03
task4,3737.0,score,1.07
task4,3738.0,score,1.1
task4,3739.0,score,1.11
task4,3740.0,score,1.11
task4,3741.0,score,1.11
task4,3742.0,score,1.12
task4,3743.0,score,1.12
task4,3744.0,score,1.14
task4,3745.0,score,1.11
task4,3746.0,score,1.12
task4,3747.0,score,1.12
task4,3748.0,score,1.12
task4,3749.0,score,1.18
task4,3750.0,score,1.19
task4,3751.0,score,1.19
task4,3752.0,score,1.2
task4,3753.0,score,1.2
task4,3754.0,score,1.21
task4,3755.0,score,1.21
task4,3756.0,score,1.21
task4,3757.0,score,1.22
task4,3758.0,score,1.21
task4,3759.0,score,1.21
task4,3760.0,score,1.16
task4,3761.0,score,1.18
task4,3762.0,score,1.19
task4,3763.0,score,1.19
task4,3764.0,score,1.19
task4,3765.0,score,1.18
task4,3766.0,score,1.18
task4,3767.0,score,1.18
task4,3768.0,score,1.19
task4,3769.0,score,1.2
task4,3770.0,score,1.22
task4,3771.0,score,1.23
task4,3772.0,score,1.24
task4,3773.0,score,1.23
task4,3774.0,score,1.23
task4,3775.0,score,1.23
task4,3776.0,score,1.23
task4,3777.0,score,1.23
task4,3778.0,score,1.23
task4,3779.0,score,1.21
task4,3780.0,score,1.2
task4,3781.0,score,1.2
task4,3782.0,score,1.21
task4,3783.0,score,1.23
task4,3784.0,score,1.26
task4,3785.0,score,1.26
task4,3786.0,score,1.27
task4,3787.0,score,1.23
task4,3788.0,score,1.23
task4,3789.0,score,1.23
task4,3790.0,score,1.24
task4,3791.0,score,1.21
task4,3792.0,score,1.23
task4,3793.0,score,1.22
task4,3794.0,score,1.2
task4,3795.0,score,1.2
task4,3796.0,score,1.23
task4,3797.0,score,1.22
task4,3798.0,score,1.22
task4,3799.0,score,1.23
task4,3800.0,score,1.19
task4,3801.0,score,1.19
task4,3802.0,score,1.19
task4,3803.0,score,1.17
task4,3804.0,score,1.17
task4,3805.0,score,1.16
task4,3806.0,score,1.18
task4,3807.0,score,1.17
task4,3808.0,score,1.16
task4,3809.0,score,1.11
task4,3810.0,score,1.08
task4,3811.0,score,1.07
task4,3812.0,score,1.07
task4,3813.0,score,1.08
task4,3814.0,score,1.08
task4,3815.0,score,1.07
task4,3816.0,score,1.07
task4,3817.0,score,1.0
task4,3818.0,score,1.04
task4,3819.0,score,1.04
task4,3820.0,score,1.05
task4,3821.0,score,1.01
task4,3822.0,score,1.02
task4,3823.0,score,0.97
task4,3824.0,score,0.96
task4,3825.0,score,0.99
task4,3826.0,score,0.97
task4,3827.0,score,1.01
task4,3828.0,score,1.0
task4,3829.0,score,1.0
task4,3830.0,score,1.02
task4,3831.0,score,1.02
task4,3832.0,score,1.04
task4,3833.0,score,1.04
task4,3834.0,score,1.04
task4,3835.0,score,1.06
task4,3836.0,score,1.07
task4,3837.0,score,1.02
task4,3838.0,score,1.03
task4,3839.0,score,1.03
task4,3840.0,score,1.06
task4,3841.0,score,1.07
task4,3842.0,score,1.07
task4,3843.0,score,1.07
task4,3844.0,score,1.07
task4,3845.0,score,1.2
task4,3846.0,score,1.21
task4,3847.0,score,1.2
task4,3848.0,score,1.19
task4,3849.0,score,1.15
task4,3850.0,score,1.13
task4,3851.0,score,1.11
task4,3852.0,score,1.09
task4,3853.0,score,1.1
task4,3854.0,score,1.09
task4,3855.0,score,1.09
task4,3856.0,score,1.09
task4,3857.0,score,1.08
task4,3858.0,score,1.1
task4,3859.0,score,1.1
task4,3860.0,score,1.1
task4,3861.0,score,1.08
task4,3862.0,score,1.07
task4,3863.0,score,1.08
task4,3864.0,score,1.09
task4,3865.0,score,1.11
task4,3866.0,score,1.11
task4,3867.0,score,1.1
task4,3868.0,score,1.09
task4,3869.0,score,1.09
task4,3870.0,score,1.1
task4,3871.0,score,1.08
task4,3872.0,score,1.07
task4,3873.0,score,1.09
task4,3874.0,score,1.08
task4,3875.0,score,1.08
task4,3876.0,score,1.08
task4,3877.0,score,1.08
task4,3878.0,score,1.1
task4,3879.0,score,1.16
task4,3880.0,score,1.16
task4,3881.0,score,1.16
task4,3882.0,score,1.15
task4,3883.0,score,1.13
task4,3884.0,score,1.12
task4,3885.0,score,1.15
task4,3886.0,score,1.15
task4,3887.0,score,1.16
task4,3888.0,score,1.17
task4,3889.0,score,1.15
task4,3890.0,score,1.17
task4,3891.0,score,1.19
task4,3892.0,score,1.18
task4,3893.0,score,1.18
task4,3894.0,score,1.18
task4,3895.0,score,1.2
task4,3896.0,score,1.23
task4,3897.0,score,1.23
task4,3898.0,score,1.25
task4,3899.0,score,1.24
task4,3900.0,score,1.25
task4,3901.0,score,1.25
task4,3902.0,score,1.25
task4,3903.0,score,1.25
task4,3904.0,score,1.27
task4,3905.0,score,1.27
task4,3906.0,score,1.24
task4,3907.0,score,1.26
task4,3908.0,score,1.25
task4,3909.0,score,1.25
task4,3910.0,score,1.25
task4,3911.0,score,1.25
task4,3912.0,score,1.25
task4,3913.0,score,1.25
task4,3914.0,score,1.25
task4,3915.0,score,1.24
task4,3916.0,score,1.3
task4,3917.0,score,1.32
task4,3918.0,score,1.29
task4,3919.0,score,1.29
task4,3920.0,score,1.26
task4,3921.0,score,1.26
task4,3922.0,score,1.26
task4,3923.0,score,1.26
task4,3924.0,score,1.26
task4,3925.0,score,1.24
task4,3926.0,score,1.23
task4,3927.0,score,1.24
task4,3928.0,score,1.25
task4,3929.0,score,1.24
task4,3930.0,score,1.22
task4,3931.0,score,1.23
task4,3932.0,score,1.22
task4,3933.0,score,1.23
task4,3934.0,score,1.24
task4,3935.0,score,1.22
task4,3936.0,score,1.22
task4,3937.0,score,1.22
task4,3938.0,score,1.19
task4,3939.0,score,1.18
task4,3940.0,score,1.15
task4,3941.0,score,1.16
task4,3942.0,score,1.17
task4,3943.0,score,1.17
task4,3944.0,score,1.15
task4,3945.0,score,1.0
task4,3946.0,score,0.98
task4,3947.0,score,0.98
task4,3948.0,score,1.01
task4,3949.0,score,1.02
task4,3950.0,score,1.02
task4,3951.0,score,1.04
task4,3952.0,score,1.05
task4,3953.0,score,1.06
task4,3954.0,score,1.09
task4,3955.0,score,1.11
task4,3956.0,score,1.1
task4,3957.0,score,1.11
task4,3958.0,score,1.1
task4,3959.0,score,1.11
task4,3960.0,score,1.12
task4,3961.0,score,1.14
task4,3962.0,score,1.14
task4,3963.0,score,1.12
task4,3964.0,score,1.12
task4,3965.0,score,1.11
task4,3966.0,score,1.13
task4,3967.0,score,1.13
task4,3968.0,score,1.13
task4,3969.0,score,1.13
task4,3970.0,score,1.11
task4,3971.0,score,1.17
task4,3972.0,score,1.17
task4,3973.0,score,1.16
task4,3974.0,score,1.16
task4,3975.0,score,1.15
task4,3976.0,score,1.16
task4,3977.0,score,1.14
task4,3978.0,score,1.12
task4,3979.0,score,1.06
task4,3980.0,score,1.06
task4,3981.0,score,1.06
task4,3982.0,score,1.06
task4,3983.0,score,1.09
task4,3984.0,score,1.14
task4,3985.0,score,1.11
task4,3986.0,score,1.13
task4,3987.0,score,1.12
task4,3988.0,score,1.12
task4,3989.0,score,1.13
task4,3990.0,score,1.1
task4,3991.0,score,1.08
task4,3992.0,score,1.08
task4,3993.0,score,1.08
task4,3994.0,score,1.08
task4,3995.0,score,1.08
task4,3996.0,score,1.02
task4,3997.0,score,1.02
task4,3998.0,score,1.0
task4,3999.0,score,1.03
task4,4000.0,score,1.02
task4,4001.0,score,1.02
task4,4002.0,score,1.05
task4,4003.0,score,1.08
task4,4004.0,score,1.06
task4,4005.0,score,1.06
task4,4006.0,score,1.06
task4,4007.0,score,1.04
task4,4008.0,score,1.04
task4,4009.0,score,1.1
task4,4010.0,score,1.12
task4,4011.0,score,1.13
task4,4012.0,score,1.14
task4,4013.0,score,1.14
task4,4014.0,score,1.16
task4,4015.0,score,1.17
task4,4016.0,score,1.14
task4,4017.0,score,1.12
task4,4018.0,score,1.11
task4,4019.0,score,1.09
task4,4020.0,score,1.1
task4,4021.0,score,1.1
task4,4022.0,score,1.11
task4,4023.0,score,1.11
task4,4024.0,score,1.11
task4,4025.0,score,1.14
task4,4026.0,score,1.16
task4,4027.0,score,1.1
task4,4028.0,score,1.12
task4,4029.0,score,1.14
task4,4030.0,score,1.15
task4,4031.0,score,1.14
task4,4032.0,score,1.13
task4,4033.0,score,1.14
task4,4034.0,score,1.12
task4,4035.0,score,1.12
task4,4036.0,score,1.12
task4,4037.0,score,1.12
task4,4038.0,score,1.13
task4,4039.0,score,1.13
task4,4040.0,score,1.15
task4,4041.0,score,1.13
task4,4042.0,score,1.18
task4,4043.0,score,1.18
task4,4044.0,score,1.18
task4,4045.0,score,1.2
task4,4046.0,score,1.21
task4,4047.0,score,1.21
task4,4048.0,score,1.18
task4,4049.0,score,1.16
task4,4050.0,score,1.17
task4,4051.0,score,1.17
task4,4052.0,score,1.17
task4,4053.0,score,1.15
task4,4054.0,score,1.24
task4,4055.0,score,1.24
task4,4056.0,score,1.29
task4,4057.0,score,1.34
task4,4058.0,score,1.33
task4,4059.0,score,1.31
task4,4060.0,score,1.3
task4,4061.0,score,1.31
task4,4062.0,score,1.31
task4,4063.0,score,1.32
task4,4064.0,score,1.31
task4,4065.0,score,1.3
task4,4066.0,score,1.29
task4,4067.0,score,1.29
task4,4068.0,score,1.3
task4,4069.0,score,1.3
task4,4070.0,score,1.29
task4,4071.0,score,1.24
task4,4072.0,score,1.24
task4,4073.0,score,1.23
task4,4074.0,score,1.23
task4,4075.0,score,1.23
task4,4076.0,score,1.24
task4,4077.0,score,1.24
task4,4078.0,score,1.25
task4,4079.0,score,1.28
task4,4080.0,score,1.28
task4,4081.0,score,1.29
task4,4082.0,score,1.29
task4,4083.0,score,1.27
task4,4084.0,score,1.2
task4,4085.0,score,1.2
task4,4086.0,score,1.17
task4,4087.0,score,1.18
task4,4088.0,score,1.18
task4,4089.0,score,1.18
task4,4090.0,score,1.18
task4,4091.0,score,1.19
task4,4092.0,score,1.18
task4,4093.0,score,1.18
task4,4094.0,score,1.18
task4,4095.0,score,1.17
task4,4096.0,score,1.19
task4,4097.0,score,1.19
task4,4098.0,score,1.19
task4,4099.0,score,1.16
task4,4100.0,score,1.17
task4,4101.0,score,1.18
task4,4102.0,score,1.15
task4,4103.0,score,1.11
task4,4104.0,score,1.13
task4,4105.0,score,1.13
task4,4106.0,score,1.16
task4,4107.0,score,1.18
task4,4108.0,score,1.21
task4,4109.0,score,1.22
task4,4110.0,score,1.2
task4,4111.0,score,1.19
task4,4112.0,score,1.19
task4,4113.0,score,1.18
task4,4114.0,score,1.16
task4,4115.0,score,1.17
task4,4116.0,score,1.19
task4,4117.0,score,1.2
task4,4118.0,score,1.21
task4,4119.0,score,1.21
task4,4120.0,score,1.21
task4,4121.0,score,1.22
task4,4122.0,score,1.2
task4,4123.0,score,1.21
task4,4124.0,score,1.28
task4,4125.0,score,1.24
task4,4126.0,score,1.23
task4,4127.0,score,1.23
task4,4128.0,score,1.2
task4,4129.0,score,1.2
task4,4130.0,score,1.2
task4,4131.0,score,1.2
task4,4132.0,score,1.2
task4,4133.0,score,1.18
task4,4134.0,score,1.18
task4,4135.0,score,1.19
task4,4136.0,score,1.25
task4,4137.0,score,1.28
task4,4138.0,score,1.27
task4,4139.0,score,1.28
task4,4140.0,score,1.26
task4,4141.0,score,1.27
task4,4142.0,score,1.24
task4,4143.0,score,1.23
task4,4144.0,score,1.23
task4,4145.0,score,1.22
task4,4146.0,score,1.21
task4,4147.0,score,1.21
task4,4148.0,score,1.22
task4,4149.0,score,1.21
task4,4150.0,score,1.2
task4,4151.0,score,1.26
task4,4152.0,score,1.27
task4,4153.0,score,1.27
task4,4154.0,score,1.15
task4,4155.0,score,1.13
task4,4156.0,score,1.08
task4,4157.0,score,1.02
task4,4158.0,score,1.04
task4,4159.0,score,1.04
task4,4160.0,score,1.07
task4,4161.0,score,1.04
task4,4162.0,score,1.04
task4,4163.0,score,1.03
task4,4164.0,score,1.04
task4,4165.0,score,1.04
task4,4166.0,score,1.03
task4,4167.0,score,1.03
task4,4168.0,score,1.02
task4,4169.0,score,1.02
task4,4170.0,score,1.04
task4,4171.0,score,1.07
task4,4172.0,score,1.09
task4,4173.0,score,1.09
task4,4174.0,score,1.09
task4,4175.0,score,1.11
task4,4176.0,score,1.09
task4,4177.0,score,1.1
task4,4178.0,score,1.1
task4,4179.0,score,1.08
task4,4180.0,score,1.08
task4,4181.0,score,1.11
task4,4182.0,score,1.11
task4,4183.0,score,1.1
task4,4184.0,score,1.1
task4,4185.0,score,1.12
task4,4186.0,score,1.15
task4,4187.0,score,1.14
task4,4188.0,score,1.16
task4,4189.0,score,1.17
task4,4190.0,score,1.19
task4,4191.0,score,1.17
task4,4192.0,score,1.18
task4,4193.0,score,1.19
task4,4194.0,score,1.19
task4,4195.0,score,1.18
task4,4196.0,score,1.17
task4,4197.0,score,1.19
task4,4198.0,score,1.19
task4,4199.0,score,1.2
task4,4200.0,score,1.22
task4,4201.0,score,1.24
task4,4202.0,score,1.25
task4,4203.0,score,1.26
task4,4204.0,score,1.24
task4,4205.0,score,1.27
task4,4206.0,score,1.26
task4,4207.0,score,1.26
task4,4208.0,score,1.3
task4,4209.0,score,1.24
task4,4210.0,score,1.25
task4,4211.0,score,1.26
task4,4212.0,score,1.26
task4,4213.0,score,1.26
task4,4214.0,score,1.26
task4,4215.0,score,1.25
task4,4216.0,score,1.21
task4,4217.0,score,1.19
task4,4218.0,score,1.19
task4,4219.0,score,1.19
task4,4220.0,score,1.18
task4,4221.0,score,1.17
task4,4222.0,score,1.16
task4,4223.0,score,1.16
task4,4224.0,score,1.1
task4,4225.0,score,1.12
task4,4226.0,score,1.18
task4,4227.0,score,1.18
task4,4228.0,score,1.2
task4,4229.0,score,1.2
task4,4230.0,score,1.21
task4,4231.0,score,1.23
task4,4232.0,score,1.23
task4,4233.0,score,1.23
task4,4234.0,score,1.23
task4,4235.0,score,1.23
task4,4236.0,score,1.17
task4,4237.0,score,1.17
task4,4238.0,score,1.16
task4,4239.0,score,1.15
task4,4240.0,score,1.15
task4,4241.0,score,1.14
task4,4242.0,score,1.12
task4,4243.0,score,1.13
task4,4244.0,score,1.16
task4,4245.0,score,1.16
task4,4246.0,score,1.17
task4,4247.0,score,1.24
task4,4248.0,score,1.24
task4,4249.0,score,1.24
task4,4250.0,score,1.24
task4,4251.0,score,1.19
task4,4252.0,score,1.17
task4,4253.0,score,1.17
task4,4254.0,score,1.17
task4,4255.0,score,1.17
task4,4256.0,score,1.18
task4,4257.0,score,1.18
task4,4258.0,score,1.19
task4,4259.0,score,1.23
task4,4260.0,score,1.2
task4,4261.0,score,1.2
task4,4262.0,score,1.2
task4,4263.0,score,1.2
task4,4264.0,score,1.19
task4,4265.0,score,1.22
task4,4266.0,score,1.22
task4,4267.0,score,1.22
task4,4268.0,score,1.25
task4,4269.0,score,1.24
task4,4270.0,score,1.24
task4,4271.0,score,1.19
task4,4272.0,score,1.17
task4,4273.0,score,1.18
task4,4274.0,score,1.19
task4,4275.0,score,1.19
task4,4276.0,score,1.19
task4,4277.0,score,1.21
task4,4278.0,score,1.23
task4,4279.0,score,1.26
task4,4280.0,score,1.27
task4,4281.0,score,1.23
task4,4282.0,score,1.24
task4,4283.0,score,1.25
task4,4284.0,score,1.25
task4,4285.0,score,1.26
task4,4286.0,score,1.23
task4,4287.0,score,1.25
task4,4288.0,score,1.33
task4,4289.0,score,1.32
task4,4290.0,score,1.32
task4,4291.0,score,1.32
task4,4292.0,score,1.31
task4,4293.0,score,1.33
task4,4294.0,score,1.37
task4,4295.0,score,1.37
task4,4296.0,score,1.36
task4,4297.0,score,1.34
task4,4298.0,score,1.35
task4,4299.0,score,1.34
task4,4300.0,score,1.32
task4,4301.0,score,1.29
task4,4302.0,score,1.31
task4,4303.0,score,1.31
task4,4304.0,score,1.32
task4,4305.0,score,1.36
task4,4306.0,score,1.38
task4,4307.0,score,1.36
task4,4308.0,score,1.3
task4,4309.0,score,1.3
task4,4310.0,score,1.3
task4,4311.0,score,1.3
task4,4312.0,score,1.29
task4,4313.0,score,1.36
task4,4314.0,score,1.38
task4,4315.0,score,1.39
task4,4316.0,score,1.39
task4,4317.0,score,1.4
task4,4318.0,score,1.39
task4,4319.0,score,1.41
task4,4320.0,score,1.48
task4,4321.0,score,1.51
task4,4322.0,score,1.51
task4,4323.0,score,1.5
task4,4324.0,score,1.51
task4,4325.0,score,1.49
task4,4326.0,score,1.42
task4,4327.0,score,1.42
task4,4328.0,score,1.41
task4,4329.0,score,1.39
task4,4330.0,score,1.39
task4,4331.0,score,1.41
task4,4332.0,score,1.44
task4,4333.0,score,1.44
task4,4334.0,score,1.47
task4,4335.0,score,1.46
task4,4336.0,score,1.45
task4,4337.0,score,1.44
task4,4338.0,score,1.44
task4,4339.0,score,1.45
task4,4340.0,score,1.47
task4,4341.0,score,1.48
task4,4342.0,score,1.46
task4,4343.0,score,1.45
task4,4344.0,score,1.42
task4,4345.0,score,1.41
task4,4346.0,score,1.41
task4,4347.0,score,1.37
task4,4348.0,score,1.37
task4,4349.0,score,1.38
task4,4350.0,score,1.38
task4,4351.0,score,1.37
task4,4352.0,score,1.39
task4,4353.0,score,1.43
task4,4354.0,score,1.44
task4,4355.0,score,1.44
task4,4356.0,score,1.44
task4,4357.0,score,1.45
task4,4358.0,score,1.43
task4,4359.0,score,1.45
task4,4360.0,score,1.52
task4,4361.0,score,1.53
task4,4362.0,score,1.55
task4,4363.0,score,1.55
task4,4364.0,score,1.55
task4,4365.0,score,1.53
task4,4366.0,score,1.55
task4,4367.0,score,1.56
task4,4368.0,score,1.54
task4,4369.0,score,1.55
task4,4370.0,score,1.53
task4,4371.0,score,1.53
task4,4372.0,score,1.53
task4,4373.0,score,1.52
task4,4374.0,score,1.51
task4,4375.0,score,1.49
task4,4376.0,score,1.49
task4,4377.0,score,1.46
task4,4378.0,score,1.43
task4,4379.0,score,1.4
task4,4380.0,score,1.41
task4,4381.0,score,1.44
task4,4382.0,score,1.43
task4,4383.0,score,1.45
task4,4384.0,score,1.46
task4,4385.0,score,1.43
task4,4386.0,score,1.44
task4,4387.0,score,1.42
task4,4388.0,score,1.31
task4,4389.0,score,1.31
task4,4390.0,score,1.29
task4,4391.0,score,1.33
task4,4392.0,score,1.35
task4,4393.0,score,1.36
task4,4394.0,score,1.34
task4,4395.0,score,1.36
task4,4396.0,score,1.4
task4,4397.0,score,1.4
task4,4398.0,score,1.39
task4,4399.0,score,1.41
task4,4400.0,score,1.42
task4,4401.0,score,1.47
task4,4402.0,score,1.46
task4,4403.0,score,1.46
task4,4404.0,score,1.5
task4,4405.0,score,1.44
task4,4406.0,score,1.42
task4,4407.0,score,1.43
task4,4408.0,score,1.42
task4,4409.0,score,1.4
task4,4410.0,score,1.39
task4,4411.0,score,1.38
task4,4412.0,score,1.38
task4,4413.0,score,1.31
task4,4414.0,score,1.32
task4,4415.0,score,1.32
task4,4416.0,score,1.32
task4,4417.0,score,1.31
task4,4418.0,score,1.31
task4,4419.0,score,1.29
task4,4420.0,score,1.23
task4,4421.0,score,1.22
task4,4422.0,score,1.22
task4,4423.0,score,1.22
task4,4424.0,score,1.21
task4,4425.0,score,1.21
task4,4426.0,score,1.21
task4,4427.0,score,1.21
task4,4428.0,score,1.2
task4,4429.0,score,1.22
task4,4430.0,score,1.21
task4,4431.0,score,1.2
task4,4432.0,score,1.18
task4,4433.0,score,1.21
task4,4434.0,score,1.18
task4,4435.0,score,1.24
task4,4436.0,score,1.24
task4,4437.0,score,1.22
task4,4438.0,score,1.23
task4,4439.0,score,1.23
task4,4440.0,score,1.21
task4,4441.0,score,1.22
task4,4442.0,score,1.23
task4,4443.0,score,1.23
task4,4444.0,score,1.23
task4,4445.0,score,1.23
task4,4446.0,score,1.22
task4,4447.0,score,1.19
task4,4448.0,score,1.19
task4,4449.0,score,1.19
task4,4450.0,score,1.19
task4,4451.0,score,1.17
task4,4452.0,score,1.15
task4,4453.0,score,1.11
task4,4454.0,score,1.1
task4,4455.0,score,1.1
task4,4456.0,score,1.1
task4,4457.0,score,1.09
task4,4458.0,score,1.08
task4,4459.0,score,1.03
task4,4460.0,score,0.96
task4,4461.0,score,0.96
task4,4462.0,score,0.94
task4,4463.0,score,0.95
task4,4464.0,score,0.97
task4,4465.0,score,0.99
task4,4466.0,score,0.97
task4,4467.0,score,0.96
task4,4468.0,score,0.96
task4,4469.0,score,0.97
task4,4470.0,score,0.99
task4,4471.0,score,0.99
task4,4472.0,score,1.05
task4,4473.0,score,1.06
task4,4474.0,score,1.06
task4,4475.0,score,1.06
task4,4476.0,score,1.08
task4,4477.0,score,1.08
task4,4478.0,score,1.08
task4,4479.0,score,1.08
task4,4480.0,score,1.09
task4,4481.0,score,1.07
task4,4482.0,score,1.08
task4,4483.0,score,1.05
task4,4484.0,score,1.04
task4,4485.0,score,1.04
task4,4486.0,score,1.05
task4,4487.0,score,1.06
task4,4488.0,score,1.1
task4,4489.0,score,1.1
task4,4490.0,score,1.1
task4,4491.0,score,1.06
task4,4492.0,score,1.04
task4,4493.0,score,1.0
task4,4494.0,score,1.0
task4,4495.0,score,0.98
task4,4496.0,score,0.96
task4,4497.0,score,1.0
task4,4498.0,score,1.02
task4,4499.0,score,1.03
task4,4500.0,score,1.02
task4,4501.0,score,0.99
task4,4502.0,score,0.97
task4,4503.0,score,0.96
task4,4504.0,score,0.93
task4,4505.0,score,0.93
task4,4506.0,score,0.91
task4,4507.0,score,0.91
task4,4508.0,score,0.91
task4,4509.0,score,0.93
task4,4510.0,score,0.94
task4,4511.0,score,0.95
task4,4512.0,score,0.97
task4,4513.0,score,0.97
task4,4514.0,score,0.94
task4,4515.0,score,0.93
task4,4516.0,score,0.97
task4,4517.0,score,0.98
task4,4518.0,score,1.05
task4,4519.0,score,1.11
task4,4520.0,score,1.1
task4,4521.0,score,1.08
task4,4522.0,score,1.09
task4,4523.0,score,1.12
task4,4524.0,score,1.13
task4,4525.0,score,1.13
task4,4526.0,score,1.16
task4,4527.0,score,1.17
task4,4528.0,score,1.19
task4,4529.0,score,1.18
task4,4530.0,score,1.17
task4,4531.0,score,1.14
task4,4532.0,score,1.19
task4,4533.0,score,1.16
task4,4534.0,score,1.19
task4,4535.0,score,1.13
task4,4536.0,score,1.13
task4,4537.0,score,1.13
task4,4538.0,score,1.12
task4,4539.0,score,1.14
task4,4540.0,score,1.15
task4,4541.0,score,1.13
task4,4542.0,score,1.13
task4,4543.0,score,1.13
task4,4544.0,score,1.13
task4,4545.0,score,1.2
task4,4546.0,score,1.21
task4,4547.0,score,1.24
task4,4548.0,score,1.25
task4,4549.0,score,1.24
task4,4550.0,score,1.26
task4,4551.0,score,1.26
task4,4552.0,score,1.3
task4,4553.0,score,1.3
task4,4554.0,score,1.3
task4,4555.0,score,1.31
task4,4556.0,score,1.31
task4,4557.0,score,1.31
task4,4558.0,score,1.31
task4,4559.0,score,1.31
task4,4560.0,score,1.35
task4,4561.0,score,1.36
task4,4562.0,score,1.36
task4,4563.0,score,1.37
task4,4564.0,score,1.38
task4,4565.0,score,1.35
task4,4566.0,score,1.35
task4,4567.0,score,1.35
task4,4568.0,score,1.35
task4,4569.0,score,1.33
task4,4570.0,score,1.32
task4,4571.0,score,1.33
task4,4572.0,score,1.29
task4,4573.0,score,1.29
task4,4574.0,score,1.29
task4,4575.0,score,1.29
task4,4576.0,score,1.27
task4,4577.0,score,1.29
task4,4578.0,score,1.29
task4,4579.0,score,1.28
task4,4580.0,score,1.27
task4,4581.0,score,1.27
task4,4582.0,score,1.27
task4,4583.0,score,1.35
task4,4584.0,score,1.38
task4,4585.0,score,1.38
task4,4586.0,score,1.4
task4,4587.0,score,1.4
task4,4588.0,score,1.38
task4,4589.0,score,1.37
task4,4590.0,score,1.37
task4,4591.0,score,1.41
task4,4592.0,score,1.41
task4,4593.0,score,1.45
task4,4594.0,score,1.44
task4,4595.0,score,1.45
task4,4596.0,score,1.45
task4,4597.0,score,1.41
task4,4598.0,score,1.4
task4,4599.0,score,1.38
task4,4600.0,score,1.37
task4,4601.0,score,1.37
task4,4602.0,score,1.37
task4,4603.0,score,1.37
task4,4604.0,score,1.43
task4,4605.0,score,1.43
task4,4606.0,score,1.43
task4,4607.0,score,1.44
task4,4608.0,score,1.45
task4,4609.0,score,1.43
task4,4610.0,score,1.43
task4,4611.0,score,1.44
task4,4612.0,score,1.45
task4,4613.0,score,1.45
task4,4614.0,score,1.45
task4,4615.0,score,1.44
task4,4616.0,score,1.42
task4,4617.0,score,1.41
task4,4618.0,score,1.36
task4,4619.0,score,1.32
task4,4620.0,score,1.33
task4,4621.0,score,1.33
task4,4622.0,score,1.32
task4,4623.0,score,1.29
task4,4624.0,score,1.27
task4,4625.0,score,1.27
task4,4626.0,score,1.24
task4,4627.0,score,1.22
task4,4628.0,score,1.2
task4,4629.0,score,1.2
task4,4630.0,score,1.22
task4,4631.0,score,1.26
task4,4632.0,score,1.21
task4,4633.0,score,1.23
task4,4634.0,score,1.21
task4,4635.0,score,1.21
task4,4636.0,score,1.28
task4,4637.0,score,1.3
task4,4638.0,score,1.3
task4,4639.0,score,1.28
task4,4640.0,score,1.27
task4,4641.0,score,1.27
task4,4642.0,score,1.27
task4,4643.0,score,1.29
task4,4644.0,score,1.3
task4,4645.0,score,1.23
task4,4646.0,score,1.22
task4,4647.0,score,1.25
task4,4648.0,score,1.24
task4,4649.0,score,1.24
task4,4650.0,score,1.22
task4,4651.0,score,1.22
task4,4652.0,score,1.19
task4,4653.0,score,1.2
task4,4654.0,score,1.21
task4,4655.0,score,1.22
task4,4656.0,score,1.23
task4,4657.0,score,1.23
task4,4658.0,score,1.23
task4,4659.0,score,1.23
task4,4660.0,score,1.19
task4,4661.0,score,1.18
task4,4662.0,score,1.2
task4,4663.0,score,1.19
task4,4664.0,score,1.16
task4,4665.0,score,1.16
task4,4666.0,score,1.16
task4,4667.0,score,1.16
task4,4668.0,score,1.17
task4,4669.0,score,1.18
task4,4670.0,score,1.18
task4,4671.0,score,1.17
task4,4672.0,score,1.16
task4,4673.0,score,1.17
task4,4674.0,score,1.18
task4,4675.0,score,1.18
task4,4676.0,score,1.18
task4,4677.0,score,1.16
task4,4678.0,score,1.17
task4,4679.0,score,1.17
task4,4680.0,score,1.21
task4,4681.0,score,1.2
task4,4682.0,score,1.22
task4,4683.0,score,1.15
task4,4684.0,score,1.15
task4,4685.0,score,1.15
task4,4686.0,score,1.14
task4,4687.0,score,1.13
task4,4688.0,score,1.11
task4,4689.0,score,1.11
task4,4690.0,score,1.15
task4,4691.0,score,1.11
task4,4692.0,score,1.13
task4,4693.0,score,1.11
task4,4694.0,score,1.14
task4,4695.0,score,1.15
task4,4696.0,score,1.16
task4,4697.0,score,1.18
task4,4698.0,score,1.18
task4,4699.0,score,1.17
task4,4700.0,score,1.17
task4,4701.0,score,1.19
task4,4702.0,score,1.2
task4,4703.0,score,1.2
task4,4704.0,score,1.14
task4,4705.0,score,1.15
task4,4706.0,score,1.2
task4,4707.0,score,1.21
task4,4708.0,score,1.2
task4,4709.0,score,1.2
task4,4710.0,score,1.19
task4,4711.0,score,1.17
task4,4712.0,score,1.15
task4,4713.0,score,1.15
task4,4714.0,score,1.16
task4,4715.0,score,1.16
task4,4716.0,score,1.15
task4,4717.0,score,1.21
task4,4718.0,score,1.19
task4,4719.0,score,1.17
task4,4720.0,score,1.16
task4,4721.0,score,1.17
task4,4722.0,score,1.18
task4,4723.0,score,1.18
task4,4724.0,score,1.2
task4,4725.0,score,1.22
task4,4726.0,score,1.22
task4,4727.0,score,1.23
task4,4728.0,score,1.23
task4,4729.0,score,1.24
task4,4730.0,score,1.24
task4,4731.0,score,1.2
task4,4732.0,score,1.19
task4,4733.0,score,1.18
task4,4734.0,score,1.17
task4,4735.0,score,1.17
task4,4736.0,score,1.11
task4,4737.0,score,1.09
task4,4738.0,score,1.11
task4,4739.0,score,1.1
task4,4740.0,score,1.12
task4,4741.0,score,1.12
task4,4742.0,score,1.11
task4,4743.0,score,1.18
task4,4744.0,score,1.17
task4,4745.0,score,1.17
task4,4746.0,score,1.17
task4,4747.0,score,1.13
task4,4748.0,score,1.14
task4,4749.0,score,1.14
task4,4750.0,score,1.14
task4,4751.0,score,1.15
task4,4752.0,score,1.16
task4,4753.0,score,1.16
task4,4754.0,score,1.21
task4,4755.0,score,1.19
task4,4756.0,score,1.18
task4,4757.0,score,1.2
task4,4758.0,score,1.2
task4,4759.0,score,1.19
task4,4760.0,score,1.19
task4,4761.0,score,1.21
task4,4762.0,score,1.2
task4,4763.0,score,1.19
task4,4764.0,score,1.21
task4,4765.0,score,1.21
task4,4766.0,score,1.21
task4,4767.0,score,1.24
task4,4768.0,score,1.22
task4,4769.0,score,1.22
task4,4770.0,score,1.22
task4,4771.0,score,1.29
task4,4772.0,score,1.28
task4,4773.0,score,1.28
task4,4774.0,score,1.27
task4,4775.0,score,1.29
task4,4776.0,score,1.3
task4,4777.0,score,1.31
task4,4778.0,score,1.31
task4,4779.0,score,1.34
task4,4780.0,score,1.28
task4,4781.0,score,1.29
task4,4782.0,score,1.27
task4,4783.0,score,1.26
task4,4784.0,score,1.3
task4,4785.0,score,1.31
task4,4786.0,score,1.31
task4,4787.0,score,1.32
task4,4788.0,score,1.35
task4,4789.0,score,1.37
task4,4790.0,score,1.33
task4,4791.0,score,1.36
task4,4792.0,score,1.35
task4,4793.0,score,1.34
task4,4794.0,score,1.3
task4,4795.0,score,1.31
task4,4796.0,score,1.28
task4,4797.0,score,1.26
task4,4798.0,score,1.29
task4,4799.0,score,1.3
task4,4800.0,score,1.33
task4,4801.0,score,1.29
task4,4802.0,score,1.29
task4,4803.0,score,1.29
task4,4804.0,score,1.28
task4,4805.0,score,1.3
task4,4806.0,score,1.31
task4,4807.0,score,1.28
task4,4808.0,score,1.29
task4,4809.0,score,1.29
task4,4810.0,score,1.29
task4,4811.0,score,1.31
task4,4812.0,score,1.31
task4,4813.0,score,1.32
task4,4814.0,score,1.31
task4,4815.0,score,1.34
task4,4816.0,score,1.32
task4,4817.0,score,1.26
task4,4818.0,score,1.26
task4,4819.0,score,1.27
task4,4820.0,score,1.29
task4,4821.0,score,1.28
task4,4822.0,score,1.27
task4,4823.0,score,1.27
task4,4824.0,score,1.25
task4,4825.0,score,1.23
task4,4826.0,score,1.23
task4,4827.0,score,1.22
task4,4828.0,score,1.22
task4,4829.0,score,1.2
task4,4830.0,score,1.18
task4,4831.0,score,1.19
task4,4832.0,score,1.21
task4,4833.0,score,1.2
task4,4834.0,score,1.21
task4,4835.0,score,1.21
task4,4836.0,score,1.2
task4,4837.0,score,1.28
task4,4838.0,score,1.31
task4,4839.0,score,1.37
task4,4840.0,score,1.36
task4,4841.0,score,1.37
task4,4842.0,score,1.38
task4,4843.0,score,1.3
task4,4844.0,score,1.3
task4,4845.0,score,1.3
task4,4846.0,score,1.3
task4,4847.0,score,1.28
task4,4848.0,score,1.3
task4,4849.0,score,1.36
task4,4850.0,score,1.39
task4,4851.0,score,1.38
task4,4852.0,score,1.39
task4,4853.0,score,1.38
task4,4854.0,score,1.33
task4,4855.0,score,1.33
task4,4856.0,score,1.32
task4,4857.0,score,1.3
task4,4858.0,score,1.3
task4,4859.0,score,1.3
task4,4860.0,score,1.34
task4,4861.0,score,1.34
task4,4862.0,score,1.33
task4,4863.0,score,1.34
task4,4864.0,score,1.32
task4,4865.0,score,1.32
task4,4866.0,score,1.32
task4,4867.0,score,1.29
task4,4868.0,score,1.29
task4,4869.0,score,1.3
task4,4870.0,score,1.29
task4,4871.0,score,1.24
task4,4872.0,score,1.24
task4,4873.0,score,1.22
task4,4874.0,score,1.23
task4,4875.0,score,1.23
task4,4876.0,score,1.24
task4,4877.0,score,1.24
task4,4878.0,score,1.23
task4,4879.0,score,1.21
task4,4880.0,score,1.21
task4,4881.0,score,1.22
task4,4882.0,score,1.22
task4,4883.0,score,1.22
task4,4884.0,score,1.15
task4,4885.0,score,1.15
task4,4886.0,score,1.12
task4,4887.0,score,1.11
task4,4888.0,score,1.12
task4,4889.0,score,1.1
task4,4890.0,score,1.1
task4,4891.0,score,1.08
task4,4892.0,score,1.07
task4,4893.0,score,1.06
task4,4894.0,score,1.06
task4,4895.0,score,1.04
task4,4896.0,score,1.04
task4,4897.0,score,1.07
task4,4898.0,score,1.04
task4,4899.0,score,1.03
task4,4900.0,score,1.01
task4,4901.0,score,1.02
task4,4902.0,score,1.03
task4,4903.0,score,1.05
task4,4904.0,score,1.04
task4,4905.0,score,1.0
task4,4906.0,score,0.96
task4,4907.0,score,0.97
task4,4908.0,score,0.96
task4,4909.0,score,0.96
task4,4910.0,score,1.0
task4,4911.0,score,0.99
task4,4912.0,score,0.99
task4,4913.0,score,0.98
task4,4914.0,score,0.99
task4,4915.0,score,0.96
task4,4916.0,score,0.96
task4,4917.0,score,0.98
task4,4918.0,score,0.98
task4,4919.0,score,1.0
task4,4920.0,score,0.98
task4,4921.0,score,0.98
task4,4922.0,score,0.98
task4,4923.0,score,0.98
task4,4924.0,score,0.98
task4,4925.0,score,1.01
task4,4926.0,score,1.01
task4,4927.0,score,1.01
task4,4928.0,score,1.03
task4,4929.0,score,1.04
task4,4930.0,score,1.05
task4,4931.0,score,1.05
task4,4932.0,score,1.03
task4,4933.0,score,1.03
task4,4934.0,score,1.02
task4,4935.0,score,1.02
task4,4936.0,score,1.08
task4,4937.0,score,1.01
task4,4938.0,score,0.97
task4,4939.0,score,0.92
task4,4940.0,score,0.97
task4,4941.0,score,0.96
task4,4942.0,score,0.95
task4,4943.0,score,0.96
task4,4944.0,score,0.97
task4,4945.0,score,0.99
task4,4946.0,score,0.99
task4,4947.0,score,1.0
task4,4948.0,score,0.96
task4,4949.0,score,0.92
task4,4950.0,score,0.89
task4,4951.0,score,0.89
task4,4952.0,score,0.91
task4,4953.0,score,0.93
task4,4954.0,score,0.93
task4,4955.0,score,0.93
task4,4956.0,score,0.97
task4,4957.0,score,0.97
task4,4958.0,score,0.98
task4,4959.0,score,1.0
task4,4960.0,score,0.97
task4,4961.0,score,0.97
task4,4962.0,score,0.98
task4,4963.0,score,0.97
task4,4964.0,score,0.99
task4,4965.0,score,0.99
task4,4966.0,score,0.99
task4,4967.0,score,0.99
task4,4968.0,score,1.0
task4,4969.0,score,0.98
task4,4970.0,score,1.02
task4,4971.0,score,1.0
task4,4972.0,score,1.01
task4,4973.0,score,1.01
task4,4974.0,score,1.03
task4,4975.0,score,1.04
task4,4976.0,score,1.11
task4,4977.0,score,1.1
task4,4978.0,score,1.1
task4,4979.0,score,1.09
task4,4980.0,score,1.09
task4,4981.0,score,1.07
task4,4982.0,score,1.09
task4,4983.0,score,1.11
task4,4984.0,score,1.13
task4,4985.0,score,1.15
task4,4986.0,score,1.16
task4,4987.0,score,1.16
task4,4988.0,score,1.12
task4,4989.0,score,1.12
task4,4990.0,score,1.13
task4,4991.0,score,1.13
task4,4992.0,score,1.19
task4,4993.0,score,1.22
task4,4994.0,score,1.22
task4,4995.0,score,1.21
task4,4996.0,score,1.22
task4,4997.0,score,1.21
task4,4998.0,score,1.21
task4,4999.0,score,1.22
task4,5000.0,score,1.21
task4,5001.0,score,1.2
task4,5002.0,score,1.24
task4,5003.0,score,1.22
task4,5004.0,score,1.23
task4,5005.0,score,1.23
task4,5006.0,score,1.21
task4,5007.0,score,1.2
task4,5008.0,score,1.2
task4,5009.0,score,1.22
task4,5010.0,score,1.21
task4,5011.0,score,1.22
task4,5012.0,score,1.21
task4,5013.0,score,1.21
task4,5014.0,score,1.2
task4,5015.0,score,1.2
task4,5016.0,score,1.2
task4,5017.0,score,1.19
task4,5018.0,score,1.21
task4,5019.0,score,1.18
task4,5020.0,score,1.18
task4,5021.0,score,1.2
task4,5022.0,score,1.2
task4,5023.0,score,1.25
task4,5024.0,score,1.27
task4,5025.0,score,1.25
task4,5026.0,score,1.25
task4,5027.0,score,1.31
task4,5028.0,score,1.32
task4,5029.0,score,1.31
task4,5030.0,score,1.31
task4,5031.0,score,1.31
task4,5032.0,score,1.33
task4,5033.0,score,1.36
task4,5034.0,score,1.38
task4,5035.0,score,1.39
task4,5036.0,score,1.33
task4,5037.0,score,1.32
task4,5038.0,score,1.32
task4,5039.0,score,1.31
task4,5040.0,score,1.25
task4,5041.0,score,1.26
task4,5042.0,score,1.26
task4,5043.0,score,1.24
task4,5044.0,score,1.23
task4,5045.0,score,1.23
task4,5046.0,score,1.23
task4,5047.0,score,1.22
task4,5048.0,score,1.23
task4,5049.0,score,1.22
task4,5050.0,score,1.23
task4,5051.0,score,1.25
task4,5052.0,score,1.23
task4,5053.0,score,1.22
task4,5054.0,score,1.21
task4,5055.0,score,1.21
task4,5056.0,score,1.17
task4,5057.0,score,1.17
task4,5058.0,score,1.16
task4,5059.0,score,1.14
task4,5060.0,score,1.16
task4,5061.0,score,1.15
task4,5062.0,score,1.14
task4,5063.0,score,1.14
task4,5064.0,score,1.12
task4,5065.0,score,1.12
task4,5066.0,score,1.13
task4,5067.0,score,1.14
task4,5068.0,score,1.18
task4,5069.0,score,1.19
task4,5070.0,score,1.15
task4,5071.0,score,1.18
task4,5072.0,score,1.26
task4,5073.0,score,1.28
task4,5074.0,score,1.27
task4,5075.0,score,1.24
task4,5076.0,score,1.15
task4,5077.0,score,1.15
task4,5078.0,score,1.15
task4,5079.0,score,1.15
task4,5080.0,score,1.16
task4,5081.0,score,1.16
task4,5082.0,score,1.13
task4,5083.0,score,1.11
task4,5084.0,score,1.09
task4,5085.0,score,1.08
task4,5086.0,score,1.07
task4,5087.0,score,1.15
task4,5088.0,score,1.16
task4,5089.0,score,1.19
task4,5090.0,score,1.18
task4,5091.0,score,1.17
task4,5092.0,score,1.11
task4,5093.0,score,1.08
task4,5094.0,score,1.08
task4,5095.0,score,1.16
task4,5096.0,score,1.18
task4,5097.0,score,1.22
task4,5098.0,score,1.23
task4,5099.0,score,1.24
task4,5100.0,score,1.25
task4,5101.0,score,1.25
task4,5102.0,score,1.2
task4,5103.0,score,1.22
task4,5104.0,score,1.23
task4,5105.0,score,1.23
task4,5106.0,score,1.31
task4,5107.0,score,1.31
task4,5108.0,score,1.31
task4,5109.0,score,1.29
task4,5110.0,score,1.28
task4,5111.0,score,1.28
task4,5112.0,score,1.28
task4,5113.0,score,1.29
task4,5114.0,score,1.29
task4,5115.0,score,1.3
task4,5116.0,score,1.3
task4,5117.0,score,1.3
task4,5118.0,score,1.31
task4,5119.0,score,1.31
task4,5120.0,score,1.31
task4,5121.0,score,1.29
task4,5122.0,score,1.31
task4,5123.0,score,1.26
task4,5124.0,score,1.24
task4,5125.0,score,1.23
task4,5126.0,score,1.24
task4,5127.0,score,1.18
task4,5128.0,score,1.15
task4,5129.0,score,1.16
task4,5130.0,score,1.16
task4,5131.0,score,1.19
task4,5132.0,score,1.17
task4,5133.0,score,1.15
task4,5134.0,score,1.13
task4,5135.0,score,1.12
task4,5136.0,score,1.12
task4,5137.0,score,1.16
task4,5138.0,score,1.15
task4,5139.0,score,1.15
task4,5140.0,score,1.15
task4,5141.0,score,1.14
task4,5142.0,score,1.16
task4,5143.0,score,1.17
task4,5144.0,score,1.17
task4,5145.0,score,1.16
task4,5146.0,score,1.21
task4,5147.0,score,1.21
task4,5148.0,score,1.22
task4,5149.0,score,1.22
task4,5150.0,score,1.24
task4,5151.0,score,1.22
task4,5152.0,score,1.19
task4,5153.0,score,1.18
task4,5154.0,score,1.21
task4,5155.0,score,1.22
task4,5156.0,score,1.23
task4,5157.0,score,1.23
task4,5158.0,score,1.24
task4,5159.0,score,1.24
task4,5160.0,score,1.21
task4,5161.0,score,1.19
task4,5162.0,score,1.21
task4,5163.0,score,1.21
task4,5164.0,score,1.24
task4,5165.0,score,1.25
task4,5166.0,score,1.24
task4,5167.0,score,1.23
task4,5168.0,score,1.18
task4,5169.0,score,1.17
task4,5170.0,score,1.18
task4,5171.0,score,1.22
task4,5172.0,score,1.13
task4,5173.0,score,1.11
task4,5174.0,score,1.09
task4,5175.0,score,1.09
task4,5176.0,score,1.09
task4,5177.0,score,1.1
task4,5178.0,score,1.11
task4,5179.0,score,1.12
task4,5180.0,score,1.11
task4,5181.0,score,1.11
task4,5182.0,score,1.11
task4,5183.0,score,1.12
task4,5184.0,score,1.18
task4,5185.0,score,1.16
task4,5186.0,score,1.18
task4,5187.0,score,1.11
task4,5188.0,score,1.12
task4,5189.0,score,1.11
task4,5190.0,score,1.12
task4,5191.0,score,1.14
task4,5192.0,score,1.16
task4,5193.0,score,1.16
task4,5194.0,score,1.16
task4,5195.0,score,1.08
task4,5196.0,score,1.05
task4,5197.0,score,1.01
task4,5198.0,score,1.01
task4,5199.0,score,1.02
task4,5200.0,score,1.02
task4,5201.0,score,1.02
task4,5202.0,score,1.01
task4,5203.0,score,1.05
task4,5204.0,score,1.09
task4,5205.0,score,1.1
task4,5206.0,score,1.06
task4,5207.0,score,1.06
task4,5208.0,score,1.07
task4,5209.0,score,1.09
task4,5210.0,score,1.1
task4,5211.0,score,1.09
task4,5212.0,score,1.11
task4,5213.0,score,1.12
task4,5214.0,score,1.12
task4,5215.0,score,1.14
task4,5216.0,score,1.14
task4,5217.0,score,1.13
task4,5218.0,score,1.11
task4,5219.0,score,1.11
task4,5220.0,score,1.11
task4,5221.0,score,1.13
task4,5222.0,score,1.11
task4,5223.0,score,1.11
task4,5224.0,score,1.11
task4,5225.0,score,1.14
task4,5226.0,score,1.13
task4,5227.0,score,1.13
task4,5228.0,score,1.13
task4,5229.0,score,1.12
task4,5230.0,score,1.13
task4,5231.0,score,1.16
task4,5232.0,score,1.2
task4,5233.0,score,1.21
task4,5234.0,score,1.22
task4,5235.0,score,1.3
task4,5236.0,score,1.32
task4,5237.0,score,1.32
task4,5238.0,score,1.38
task4,5239.0,score,1.45
task4,5240.0,score,1.46
task4,5241.0,score,1.49
task4,5242.0,score,1.47
task4,5243.0,score,1.48
task4,5244.0,score,1.48
task4,5245.0,score,1.48
task4,5246.0,score,1.47
task4,5247.0,score,1.54
task4,5248.0,score,1.52
task4,5249.0,score,1.51
task4,5250.0,score,1.49
task4,5251.0,score,1.49
task4,5252.0,score,1.49
task4,5253.0,score,1.49
task4,5254.0,score,1.46
task4,5255.0,score,1.5
task4,5256.0,score,1.49
task4,5257.0,score,1.49
task4,5258.0,score,1.48
task4,5259.0,score,1.51
task4,5260.0,score,1.51
task4,5261.0,score,1.51
task4,5262.0,score,1.49
task4,5263.0,score,1.51
task4,5264.0,score,1.51
task4,5265.0,score,1.57
task4,5266.0,score,1.59
task4,5267.0,score,1.59
task4,5268.0,score,1.59
task4,5269.0,score,1.59
task4,5270.0,score,1.6
task4,5271.0,score,1.53
task4,5272.0,score,1.53
task4,5273.0,score,1.59
task4,5274.0,score,1.59
task4,5275.0,score,1.6
task4,5276.0,score,1.63
task4,5277.0,score,1.62
task4,5278.0,score,1.67
task4,5279.0,score,1.66
task4,5280.0,score,1.66
task4,5281.0,score,1.66
task4,5282.0,score,1.67
task4,5283.0,score,1.69
task4,5284.0,score,1.63
task4,5285.0,score,1.66
task4,5286.0,score,1.64
task4,5287.0,score,1.63
task4,5288.0,score,1.61
task4,5289.0,score,1.59
task4,5290.0,score,1.59
task4,5291.0,score,1.58
task4,5292.0,score,1.56
task4,5293.0,score,1.57
task4,5294.0,score,1.59
task4,5295.0,score,1.6
task4,5296.0,score,1.6
task4,5297.0,score,1.6
task4,5298.0,score,1.58
task4,5299.0,score,1.58
task4,5300.0,score,1.57
task4,5301.0,score,1.58
task4,5302.0,score,1.59
task4,5303.0,score,1.53
task4,5304.0,score,1.49
task4,5305.0,score,1.49
task4,5306.0,score,1.45
task4,5307.0,score,1.48
task4,5308.0,score,1.48
task4,5309.0,score,1.46
task4,5310.0,score,1.43
task4,5311.0,score,1.42
task4,5312.0,score,1.41
task4,5313.0,score,1.4
task4,5314.0,score,1.4
task4,5315.0,score,1.42
task4,5316.0,score,1.43
task4,5317.0,score,1.43
task4,5318.0,score,1.43
task4,5319.0,score,1.44
task4,5320.0,score,1.47
task4,5321.0,score,1.48
task4,5322.0,score,1.52
task4,5323.0,score,1.55
task4,5324.0,score,1.57
task4,5325.0,score,1.55
task4,5326.0,score,1.55
task4,5327.0,score,1.56
task4,5328.0,score,1.6
task4,5329.0,score,1.6
task4,5330.0,score,1.61
task4,5331.0,score,1.55
task4,5332.0,score,1.51
task4,5333.0,score,1.49
task4,5334.0,score,1.49
task4,5335.0,score,1.54
task4,5336.0,score,1.55
task4,5337.0,score,1.53
task4,5338.0,score,1.47
task4,5339.0,score,1.43
task4,5340.0,score,1.42
task4,5341.0,score,1.39
task4,5342.0,score,1.39
task4,5343.0,score,1.39
task4,5344.0,score,1.41
task4,5345.0,score,1.4
task4,5346.0,score,1.36
task4,5347.0,score,1.29
task4,5348.0,score,1.33
task4,5349.0,score,1.36
task4,5350.0,score,1.38
task4,5351.0,score,1.38
task4,5352.0,score,1.39
task4,5353.0,score,1.41
task4,5354.0,score,1.45
task4,5355.0,score,1.4
task4,5356.0,score,1.42
task4,5357.0,score,1.42
task4,5358.0,score,1.45
task4,5359.0,score,1.42
task4,5360.0,score,1.42
task4,5361.0,score,1.42
task4,5362.0,score,1.44
task4,5363.0,score,1.44
task4,5364.0,score,1.41
task4,5365.0,score,1.35
task4,5366.0,score,1.34
task4,5367.0,score,1.34
task4,5368.0,score,1.34
task4,5369.0,score,1.34
task4,5370.0,score,1.33
task4,5371.0,score,1.35
task4,5372.0,score,1.35
task4,5373.0,score,1.31
task4,5374.0,score,1.32
task4,5375.0,score,1.36
task4,5376.0,score,1.33
task4,5377.0,score,1.34
task4,5378.0,score,1.29
task4,5379.0,score,1.29
task4,5380.0,score,1.29
task4,5381.0,score,1.29
task4,5382.0,score,1.3
task4,5383.0,score,1.28
task4,5384.0,score,1.28
task4,5385.0,score,1.26
task4,5386.0,score,1.34
task4,5387.0,score,1.36
task4,5388.0,score,1.36
task4,5389.0,score,1.36
task4,5390.0,score,1.35
task4,5391.0,score,1.37
task4,5392.0,score,1.37
task4,5393.0,score,1.37
task4,5394.0,score,1.37
task4,5395.0,score,1.36
task4,5396.0,score,1.36
task4,5397.0,score,1.34
task4,5398.0,score,1.34
task4,5399.0,score,1.31
task4,5400.0,score,1.35
task4,5401.0,score,1.37
task4,5402.0,score,1.39
task4,5403.0,score,1.48
task4,5404.0,score,1.46
task4,5405.0,score,1.48
task4,5406.0,score,1.48
task4,5407.0,score,1.45
task4,5408.0,score,1.46
task4,5409.0,score,1.47
task4,5410.0,score,1.47
task4,5411.0,score,1.5
task4,5412.0,score,1.51
task4,5413.0,score,1.54
task4,5414.0,score,1.55
task4,5415.0,score,1.51
task4,5416.0,score,1.52
task4,5417.0,score,1.52
task4,5418.0,score,1.51
task4,5419.0,score,1.5
task4,5420.0,score,1.48
task4,5421.0,score,1.46
task4,5422.0,score,1.44
task4,5423.0,score,1.45
task4,5424.0,score,1.44
task4,5425.0,score,1.46
task4,5426.0,score,1.52
task4,5427.0,score,1.51
task4,5428.0,score,1.47
task4,5429.0,score,1.47
task4,5430.0,score,1.45
task4,5431.0,score,1.44
task4,5432.0,score,1.44
task4,5433.0,score,1.45
task4,5434.0,score,1.46
task4,5435.0,score,1.33
task4,5436.0,score,1.3
task4,5437.0,score,1.3
task4,5438.0,score,1.3
task4,5439.0,score,1.29
task4,5440.0,score,1.33
task4,5441.0,score,1.33
task4,5442.0,score,1.33
task4,5443.0,score,1.31
task4,5444.0,score,1.32
task4,5445.0,score,1.32
task4,5446.0,score,1.32
task4,5447.0,score,1.32
task4,5448.0,score,1.3
task4,5449.0,score,1.29
task4,5450.0,score,1.27
task4,5451.0,score,1.27
task4,5452.0,score,1.27
task4,5453.0,score,1.27
task4,5454.0,score,1.23
task4,5455.0,score,1.28
task4,5456.0,score,1.26
task4,5457.0,score,1.31
task4,5458.0,score,1.28
task4,5459.0,score,1.28
task4,5460.0,score,1.28
task4,5461.0,score,1.29
task4,5462.0,score,1.29
task4,5463.0,score,1.27
task4,5464.0,score,1.27
task4,5465.0,score,1.28
task4,5466.0,score,1.27
task4,5467.0,score,1.35
task4,5468.0,score,1.38
task4,5469.0,score,1.4
task4,5470.0,score,1.4
task4,5471.0,score,1.45
task4,5472.0,score,1.45
task4,5473.0,score,1.44
task4,5474.0,score,1.46
task4,5475.0,score,1.42
task4,5476.0,score,1.42
task4,5477.0,score,1.42
task4,5478.0,score,1.41
task4,5479.0,score,1.43
task4,5480.0,score,1.43
task4,5481.0,score,1.43
task4,5482.0,score,1.41
task4,5483.0,score,1.41
task4,5484.0,score,1.44
task4,5485.0,score,1.44
task4,5486.0,score,1.37
task4,5487.0,score,1.37
task4,5488.0,score,1.41
task4,5489.0,score,1.44
task4,5490.0,score,1.49
task4,5491.0,score,1.46
task4,5492.0,score,1.47
task4,5493.0,score,1.46
task4,5494.0,score,1.46
task4,5495.0,score,1.47
task4,5496.0,score,1.5
task4,5497.0,score,1.54
task4,5498.0,score,1.54
task4,5499.0,score,1.54
task4,5500.0,score,1.5
task4,5501.0,score,1.48
task4,5502.0,score,1.45
task4,5503.0,score,1.37
task4,5504.0,score,1.38
task4,5505.0,score,1.39
task4,5506.0,score,1.41
task4,5507.0,score,1.42
task4,5508.0,score,1.4
task4,5509.0,score,1.39
task4,5510.0,score,1.41
task4,5511.0,score,1.38
task4,5512.0,score,1.38
task4,5513.0,score,1.36
task4,5514.0,score,1.37
task4,5515.0,score,1.39
task4,5516.0,score,1.37
task4,5517.0,score,1.38
task4,5518.0,score,1.39
task4,5519.0,score,1.4
task4,5520.0,score,1.4
task4,5521.0,score,1.4
task4,5522.0,score,1.38
task4,5523.0,score,1.34
task4,5524.0,score,1.33
task4,5525.0,score,1.31
task4,5526.0,score,1.29
task4,5527.0,score,1.32
task4,5528.0,score,1.33
task4,5529.0,score,1.34
task4,5530.0,score,1.35
task4,5531.0,score,1.35
task4,5532.0,score,1.35
task4,5533.0,score,1.36
task4,5534.0,score,1.36
task4,5535.0,score,1.36
task4,5536.0,score,1.36
task4,5537.0,score,1.34
task4,5538.0,score,1.36
task4,5539.0,score,1.36
task4,5540.0,score,1.33
task4,5541.0,score,1.37
task4,5542.0,score,1.37
task4,5543.0,score,1.39
task4,5544.0,score,1.36
task4,5545.0,score,1.39
task4,5546.0,score,1.39
task4,5547.0,score,1.4
task4,5548.0,score,1.41
task4,5549.0,score,1.39
task4,5550.0,score,1.39
task4,5551.0,score,1.4
task4,5552.0,score,1.39
task4,5553.0,score,1.44
task4,5554.0,score,1.47
task4,5555.0,score,1.42
task4,5556.0,score,1.42
task4,5557.0,score,1.38
task4,5558.0,score,1.39
task4,5559.0,score,1.39
task4,5560.0,score,1.47
task4,5561.0,score,1.52
task4,5562.0,score,1.51
task4,5563.0,score,1.54
task4,5564.0,score,1.6
task4,5565.0,score,1.59
task4,5566.0,score,1.62
task4,5567.0,score,1.59
task4,5568.0,score,1.58
task4,5569.0,score,1.56
task4,5570.0,score,1.57
task4,5571.0,score,1.51
task4,5572.0,score,1.52
task4,5573.0,score,1.51
task4,5574.0,score,1.48
task4,5575.0,score,1.48
task4,5576.0,score,1.49
task4,5577.0,score,1.52
task4,5578.0,score,1.52
task4,5579.0,score,1.52
task4,5580.0,score,1.55
task4,5581.0,score,1.56
task4,5582.0,score,1.59
task4,5583.0,score,1.58
task4,5584.0,score,1.56
task4,5585.0,score,1.55
task4,5586.0,score,1.54
task4,5587.0,score,1.57
task4,5588.0,score,1.53
task4,5589.0,score,1.52
task4,5590.0,score,1.48
task4,5591.0,score,1.5
task4,5592.0,score,1.5
task4,5593.0,score,1.5
task4,5594.0,score,1.49
task4,5595.0,score,1.48
task4,5596.0,score,1.5
task4,5597.0,score,1.46
task4,5598.0,score,1.46
task4,5599.0,score,1.47
task4,5600.0,score,1.49
task4,5601.0,score,1.48
task4,5602.0,score,1.48
task4,5603.0,score,1.5
task4,5604.0,score,1.5
task4,5605.0,score,1.46
task4,5606.0,score,1.45
task4,5607.0,score,1.45
task4,5608.0,score,1.45
task4,5609.0,score,1.53
task4,5610.0,score,1.51
task4,5611.0,score,1.53
task4,5612.0,score,1.53
task4,5613.0,score,1.51
task4,5614.0,score,1.51
task4,5615.0,score,1.49
task4,5616.0,score,1.5
task4,5617.0,score,1.55
task4,5618.0,score,1.55
task4,5619.0,score,1.54
task4,5620.0,score,1.54
task4,5621.0,score,1.53
task4,5622.0,score,1.59
task4,5623.0,score,1.59
task4,5624.0,score,1.62
task4,5625.0,score,1.61
task4,5626.0,score,1.58
task4,5627.0,score,1.55
task4,5628.0,score,1.54
task4,5629.0,score,1.54
task4,5630.0,score,1.54
task4,5631.0,score,1.55
task4,5632.0,score,1.57
task4,5633.0,score,1.55
task4,5634.0,score,1.57
task4,5635.0,score,1.57
task4,5636.0,score,1.61
task4,5637.0,score,1.62
task4,5638.0,score,1.6
task4,5639.0,score,1.58
task4,5640.0,score,1.57
task4,5641.0,score,1.53
task4,5642.0,score,1.56
task4,5643.0,score,1.54
task4,5644.0,score,1.57
task4,5645.0,score,1.54
task4,5646.0,score,1.54
task4,5647.0,score,1.53
task4,5648.0,score,1.5
task4,5649.0,score,1.52
task4,5650.0,score,1.52
task4,5651.0,score,1.52
task4,5652.0,score,1.59
task4,5653.0,score,1.52
task4,5654.0,score,1.5
task4,5655.0,score,1.52
task4,5656.0,score,1.52
task4,5657.0,score,1.52
task4,5658.0,score,1.51
task4,5659.0,score,1.52
task4,5660.0,score,1.44
task4,5661.0,score,1.39
task4,5662.0,score,1.4
task4,5663.0,score,1.4
task4,5664.0,score,1.35
task4,5665.0,score,1.36
task4,5666.0,score,1.33
task4,5667.0,score,1.29
task4,5668.0,score,1.29
task4,5669.0,score,1.29
task4,5670.0,score,1.3
task4,5671.0,score,1.33
task4,5672.0,score,1.32
task4,5673.0,score,1.34
task4,5674.0,score,1.35
task4,5675.0,score,1.37
task4,5676.0,score,1.36
task4,5677.0,score,1.35
task4,5678.0,score,1.35
task4,5679.0,score,1.35
task4,5680.0,score,1.32
task4,5681.0,score,1.31
task4,5682.0,score,1.28
task4,5683.0,score,1.28
task4,5684.0,score,1.28
task4,5685.0,score,1.31
task4,5686.0,score,1.35
task4,5687.0,score,1.31
task4,5688.0,score,1.31
task4,5689.0,score,1.3
task4,5690.0,score,1.29
task4,5691.0,score,1.27
task4,5692.0,score,1.27
task4,5693.0,score,1.29
task4,5694.0,score,1.28
task4,5695.0,score,1.28
task4,5696.0,score,1.24
task4,5697.0,score,1.25
task4,5698.0,score,1.27
task4,5699.0,score,1.28
task4,5700.0,score,1.32
task4,5701.0,score,1.34
task4,5702.0,score,1.36
task4,5703.0,score,1.35
task4,5704.0,score,1.34
task4,5705.0,score,1.35
task4,5706.0,score,1.35
task4,5707.0,score,1.35
task4,5708.0,score,1.36
task4,5709.0,score,1.3
task4,5710.0,score,1.32
task4,5711.0,score,1.3
task4,5712.0,score,1.3
task4,5713.0,score,1.32
task4,5714.0,score,1.32
task4,5715.0,score,1.32
task4,5716.0,score,1.33
task4,5717.0,score,1.29
task4,5718.0,score,1.32
task4,5719.0,score,1.33
task4,5720.0,score,1.32
task4,5721.0,score,1.33
task4,5722.0,score,1.29
task4,5723.0,score,1.32
task4,5724.0,score,1.29
task4,5725.0,score,1.33
task4,5726.0,score,1.32
task4,5727.0,score,1.32
task4,5728.0,score,1.33
task4,5729.0,score,1.34
task4,5730.0,score,1.34
task4,5731.0,score,1.34
task4,5732.0,score,1.34
task4,5733.0,score,1.36
task4,5734.0,score,1.34
task4,5735.0,score,1.34
task4,5736.0,score,1.31
task4,5737.0,score,1.3
task4,5738.0,score,1.3
task4,5739.0,score,1.3
task4,5740.0,score,1.3
task4,5741.0,score,1.32
task4,5742.0,score,1.29
task4,5743.0,score,1.32
task4,5744.0,score,1.3
task4,5745.0,score,1.3
task4,5746.0,score,1.31
task4,5747.0,score,1.31
task4,5748.0,score,1.33
task4,5749.0,score,1.31
task4,5750.0,score,1.34
task4,5751.0,score,1.35
task4,5752.0,score,1.28
task4,5753.0,score,1.33
task4,5754.0,score,1.33
task4,5755.0,score,1.31
task4,5756.0,score,1.31
task4,5757.0,score,1.31
task4,5758.0,score,1.34
task4,5759.0,score,1.35
task4,5760.0,score,1.35
task4,5761.0,score,1.34
task4,5762.0,score,1.32
task4,5763.0,score,1.35
task4,5764.0,score,1.35
task4,5765.0,score,1.33
task4,5766.0,score,1.33
task4,5767.0,score,1.33
task4,5768.0,score,1.32
task4,5769.0,score,1.34
task4,5770.0,score,1.33
task4,5771.0,score,1.3
task4,5772.0,score,1.32
task4,5773.0,score,1.32
task4,5774.0,score,1.31
task4,5775.0,score,1.28
task4,5776.0,score,1.28
task4,5777.0,score,1.25
task4,5778.0,score,1.3
task4,5779.0,score,1.28
task4,5780.0,score,1.28
task4,5781.0,score,1.29
task4,5782.0,score,1.32
task4,5783.0,score,1.34
task4,5784.0,score,1.33
task4,5785.0,score,1.3
task4,5786.0,score,1.26
task4,5787.0,score,1.25
task4,5788.0,score,1.25
task4,5789.0,score,1.26
task4,5790.0,score,1.29
task4,5791.0,score,1.35
task4,5792.0,score,1.34
task4,5793.0,score,1.33
task4,5794.0,score,1.36
task4,5795.0,score,1.37
task4,5796.0,score,1.37
task4,5797.0,score,1.37
task4,5798.0,score,1.36
task4,5799.0,score,1.35
task4,5800.0,score,1.32
task4,5801.0,score,1.31
task4,5802.0,score,1.29
task4,5803.0,score,1.28
task4,5804.0,score,1.28
task4,5805.0,score,1.3
task4,5806.0,score,1.31
task4,5807.0,score,1.31
task4,5808.0,score,1.31
task4,5809.0,score,1.31
task4,5810.0,score,1.31
task4,5811.0,score,1.32
task4,5812.0,score,1.3
task4,5813.0,score,1.28
task4,5814.0,score,1.26
task4,5815.0,score,1.26
task4,5816.0,score,1.24
task4,5817.0,score,1.22
task4,5818.0,score,1.18
task4,5819.0,score,1.17
task4,5820.0,score,1.18
task4,5821.0,score,1.17
task4,5822.0,score,1.2
task4,5823.0,score,1.17
task4,5824.0,score,1.17
task4,5825.0,score,1.14
task4,5826.0,score,1.16
task4,5827.0,score,1.19
task4,5828.0,score,1.18
task4,5829.0,score,1.16
task4,5830.0,score,1.15
task4,5831.0,score,1.14
task4,5832.0,score,1.12
task4,5833.0,score,1.12
task4,5834.0,score,1.11
task4,5835.0,score,1.15
task4,5836.0,score,1.15
task4,5837.0,score,1.17
task4,5838.0,score,1.17
task4,5839.0,score,1.21
task4,5840.0,score,1.22
task4,5841.0,score,1.21
task4,5842.0,score,1.21
task4,5843.0,score,1.18
task4,5844.0,score,1.19
task4,5845.0,score,1.19
task4,5846.0,score,1.18
task4,5847.0,score,1.19
task4,5848.0,score,1.17
task4,5849.0,score,1.18
task4,5850.0,score,1.15
task4,5851.0,score,1.13
task4,5852.0,score,1.14
task4,5853.0,score,1.09
task4,5854.0,score,1.16
task4,5855.0,score,1.16
task4,5856.0,score,1.17
task4,5857.0,score,1.22
task4,5858.0,score,1.22
task4,5859.0,score,1.2
task4,5860.0,score,1.22
task4,5861.0,score,1.24
task4,5862.0,score,1.26
task4,5863.0,score,1.2
task4,5864.0,score,1.2
task4,5865.0,score,1.22
task4,5866.0,score,1.29
task4,5867.0,score,1.33
task4,5868.0,score,1.33
task4,5869.0,score,1.32
task4,5870.0,score,1.31
task4,5871.0,score,1.3
task4,5872.0,score,1.3
task4,5873.0,score,1.3
task4,5874.0,score,1.34
task4,5875.0,score,1.36
task4,5876.0,score,1.37
task4,5877.0,score,1.38
task4,5878.0,score,1.36
task4,5879.0,score,1.36
task4,5880.0,score,1.36
task4,5881.0,score,1.35
task4,5882.0,score,1.32
task4,5883.0,score,1.32
task4,5884.0,score,1.34
task4,5885.0,score,1.35
task4,5886.0,score,1.36
task4,5887.0,score,1.4
task4,5888.0,score,1.41
task4,5889.0,score,1.41
task4,5890.0,score,1.41
task4,5891.0,score,1.35
task4,5892.0,score,1.37
task4,5893.0,score,1.36
task4,5894.0,score,1.33
task4,5895.0,score,1.36
task4,5896.0,score,1.35
task4,5897.0,score,1.36
task4,5898.0,score,1.36
task4,5899.0,score,1.35
task4,5900.0,score,1.34
task4,5901.0,score,1.35
task4,5902.0,score,1.36
task4,5903.0,score,1.37
task4,5904.0,score,1.4
task4,5905.0,score,1.37
task4,5906.0,score,1.37
task4,5907.0,score,1.37
task4,5908.0,score,1.36
task4,5909.0,score,1.36
task4,5910.0,score,1.34
task4,5911.0,score,1.34
task4,5912.0,score,1.34
task4,5913.0,score,1.36
task4,5914.0,score,1.36
task4,5915.0,score,1.35
task4,5916.0,score,1.36
task4,5917.0,score,1.39
task4,5918.0,score,1.39
task4,5919.0,score,1.41
task4,5920.0,score,1.4
task4,5921.0,score,1.4
task4,5922.0,score,1.35
task4,5923.0,score,1.36
task4,5924.0,score,1.39
task4,5925.0,score,1.39
task4,5926.0,score,1.38
task4,5927.0,score,1.38
task4,5928.0,score,1.39
task4,5929.0,score,1.39
task4,5930.0,score,1.4
task4,5931.0,score,1.43
task4,5932.0,score,1.43
task4,5933.0,score,1.41
task4,5934.0,score,1.41
task4,5935.0,score,1.39
task4,5936.0,score,1.41
task4,5937.0,score,1.39
task4,5938.0,score,1.39
task4,5939.0,score,1.35
task4,5940.0,score,1.34
task4,5941.0,score,1.34
task4,5942.0,score,1.34
task4,5943.0,score,1.36
task4,5944.0,score,1.34
task4,5945.0,score,1.34
task4,5946.0,score,1.36
task4,5947.0,score,1.35
task4,5948.0,score,1.35
task4,5949.0,score,1.34
task4,5950.0,score,1.35
task4,5951.0,score,1.35
task4,5952.0,score,1.35
task4,5953.0,score,1.35
task4,5954.0,score,1.3
task4,5955.0,score,1.31
task4,5956.0,score,1.32
task4,5957.0,score,1.26
task4,5958.0,score,1.25
task4,5959.0,score,1.25
task4,5960.0,score,1.23
task4,5961.0,score,1.24
task4,5962.0,score,1.22
task4,5963.0,score,1.24
task4,5964.0,score,1.24
task4,5965.0,score,1.22
task4,5966.0,score,1.15
task4,5967.0,score,1.1
task4,5968.0,score,1.1
task4,5969.0,score,1.11
task4,5970.0,score,1.11
task4,5971.0,score,1.11
task4,5972.0,score,1.11
task4,5973.0,score,1.09
task4,5974.0,score,1.06
task4,5975.0,score,1.04
task4,5976.0,score,1.06
task4,5977.0,score,1.06
task4,5978.0,score,1.03
task4,5979.0,score,1.03
task4,5980.0,score,1.06
task4,5981.0,score,1.09
task4,5982.0,score,1.1
task4,5983.0,score,1.09
task4,5984.0,score,1.07
task4,5985.0,score,1.07
task4,5986.0,score,1.08
task4,5987.0,score,1.04
task4,5988.0,score,1.04
task4,5989.0,score,1.02
task4,5990.0,score,1.0
task4,5991.0,score,1.03
task4,5992.0,score,1.01
task4,5993.0,score,1.02
task4,5994.0,score,1.03
task4,5995.0,score,1.01
task4,5996.0,score,1.08
task4,5997.0,score,1.09
task4,5998.0,score,1.1
task4,5999.0,score,1.12
task4,6000.0,score,1.11
task4,6001.0,score,1.1
task4,6002.0,score,1.19
task4,6003.0,score,1.2
task4,6004.0,score,1.17
task4,6005.0,score,1.18
task4,6006.0,score,1.17
task4,6007.0,score,1.2
task4,6008.0,score,1.22
task4,6009.0,score,1.2
task4,6010.0,score,1.2
task4,6011.0,score,1.22
task4,6012.0,score,1.22
task4,6013.0,score,1.22
task4,6014.0,score,1.22
task4,6015.0,score,1.23
task4,6016.0,score,1.29
task4,6017.0,score,1.33
task4,6018.0,score,1.34
task4,6019.0,score,1.33
task4,6020.0,score,1.36
task4,6021.0,score,1.38
task4,6022.0,score,1.41
task4,6023.0,score,1.42
task4,6024.0,score,1.39
task4,6025.0,score,1.38
task4,6026.0,score,1.37
task4,6027.0,score,1.34
task4,6028.0,score,1.36
task4,6029.0,score,1.37
task4,6030.0,score,1.36
task4,6031.0,score,1.34
task4,6032.0,score,1.34
task4,6033.0,score,1.34
task4,6034.0,score,1.41
task4,6035.0,score,1.42
task4,6036.0,score,1.41
task4,6037.0,score,1.41
task4,6038.0,score,1.48
task4,6039.0,score,1.49
task4,6040.0,score,1.49
task4,6041.0,score,1.51
task4,6042.0,score,1.52
task4,6043.0,score,1.5
task4,6044.0,score,1.52
task4,6045.0,score,1.53
task4,6046.0,score,1.52
task4,6047.0,score,1.54
task4,6048.0,score,1.55
task4,6049.0,score,1.58
task4,6050.0,score,1.57
task4,6051.0,score,1.58
task4,6052.0,score,1.59
task4,6053.0,score,1.64
task4,6054.0,score,1.62
task4,6055.0,score,1.61
task4,6056.0,score,1.6
task4,6057.0,score,1.6
task4,6058.0,score,1.62
task4,6059.0,score,1.64
task4,6060.0,score,1.64
task4,6061.0,score,1.62
task4,6062.0,score,1.67
task4,6063.0,score,1.66
task4,6064.0,score,1.65
task4,6065.0,score,1.66
task4,6066.0,score,1.66
task4,6067.0,score,1.67
task4,6068.0,score,1.68
task4,6069.0,score,1.68
task4,6070.0,score,1.68
task4,6071.0,score,1.68
task4,6072.0,score,1.67
task4,6073.0,score,1.67
task4,6074.0,score,1.69
task4,6075.0,score,1.69
task4,6076.0,score,1.67
task4,6077.0,score,1.66
task4,6078.0,score,1.67
task4,6079.0,score,1.68
task4,6080.0,score,1.67
task4,6081.0,score,1.66
task4,6082.0,score,1.66
task4,6083.0,score,1.67
task4,6084.0,score,1.71
task4,6085.0,score,1.73
task4,6086.0,score,1.71
task4,6087.0,score,1.72
task4,6088.0,score,1.73
task4,6089.0,score,1.74
task4,6090.0,score,1.76
task4,6091.0,score,1.74
task4,6092.0,score,1.75
task4,6093.0,score,1.81
task4,6094.0,score,1.83
task4,6095.0,score,1.81
task4,6096.0,score,1.74
task4,6097.0,score,1.74
task4,6098.0,score,1.73
task4,6099.0,score,1.72
task4,6100.0,score,1.74
task4,6101.0,score,1.73
task4,6102.0,score,1.63
task4,6103.0,score,1.6
task4,6104.0,score,1.6
task4,6105.0,score,1.63
task4,6106.0,score,1.62
task4,6107.0,score,1.59
task4,6108.0,score,1.6
task4,6109.0,score,1.6
task4,6110.0,score,1.6
task4,6111.0,score,1.59
task4,6112.0,score,1.62
task4,6113.0,score,1.6
task4,6114.0,score,1.6
task4,6115.0,score,1.6
task4,6116.0,score,1.56
task4,6117.0,score,1.53
task4,6118.0,score,1.52
task4,6119.0,score,1.52
task4,6120.0,score,1.49
task4,6121.0,score,1.47
task4,6122.0,score,1.45
task4,6123.0,score,1.44
task4,6124.0,score,1.46
task4,6125.0,score,1.48
task4,6126.0,score,1.48
task4,6127.0,score,1.51
task4,6128.0,score,1.5
task4,6129.0,score,1.5
task4,6130.0,score,1.5
task4,6131.0,score,1.52
task4,6132.0,score,1.54
task4,6133.0,score,1.54
task4,6134.0,score,1.46
task4,6135.0,score,1.43
task4,6136.0,score,1.42
task4,6137.0,score,1.42
task4,6138.0,score,1.35
task4,6139.0,score,1.37
task4,6140.0,score,1.4
task4,6141.0,score,1.39
task4,6142.0,score,1.39
task4,6143.0,score,1.44
task4,6144.0,score,1.48
task4,6145.0,score,1.48
task4,6146.0,score,1.47
task4,6147.0,score,1.48
task4,6148.0,score,1.47
task4,6149.0,score,1.44
task4,6150.0,score,1.43
task4,6151.0,score,1.42
task4,6152.0,score,1.43
task4,6153.0,score,1.43
task4,6154.0,score,1.43
task4,6155.0,score,1.45
task4,6156.0,score,1.45
task4,6157.0,score,1.45
task4,6158.0,score,1.41
task4,6159.0,score,1.39
task4,6160.0,score,1.39
task4,6161.0,score,1.4
task4,6162.0,score,1.35
task4,6163.0,score,1.36
task4,6164.0,score,1.39
task4,6165.0,score,1.38
task4,6166.0,score,1.38
task4,6167.0,score,1.38
task4,6168.0,score,1.4
task4,6169.0,score,1.39
task4,6170.0,score,1.39
task4,6171.0,score,1.4
task4,6172.0,score,1.39
task4,6173.0,score,1.39
task4,6174.0,score,1.38
task4,6175.0,score,1.38
task4,6176.0,score,1.38
task4,6177.0,score,1.4
task4,6178.0,score,1.4
task4,6179.0,score,1.39
task4,6180.0,score,1.38
task4,6181.0,score,1.38
task4,6182.0,score,1.38
task4,6183.0,score,1.36
task4,6184.0,score,1.33
task4,6185.0,score,1.39
task4,6186.0,score,1.39
task4,6187.0,score,1.38
task4,6188.0,score,1.37
task4,6189.0,score,1.37
task4,6190.0,score,1.34
task4,6191.0,score,1.34
task4,6192.0,score,1.42
task4,6193.0,score,1.37
task4,6194.0,score,1.37
task4,6195.0,score,1.37
task4,6196.0,score,1.37
task4,6197.0,score,1.35
task4,6198.0,score,1.37
task4,6199.0,score,1.37
task4,6200.0,score,1.35
task4,6201.0,score,1.36
task4,6202.0,score,1.36
task4,6203.0,score,1.36
task4,6204.0,score,1.4
task4,6205.0,score,1.36
task4,6206.0,score,1.37
task4,6207.0,score,1.38
task4,6208.0,score,1.38
task4,6209.0,score,1.4
task4,6210.0,score,1.4
task4,6211.0,score,1.39
task4,6212.0,score,1.36
task4,6213.0,score,1.36
task4,6214.0,score,1.37
task4,6215.0,score,1.38
task4,6216.0,score,1.39
task4,6217.0,score,1.37
task4,6218.0,score,1.38
task4,6219.0,score,1.37
task4,6220.0,score,1.39
task4,6221.0,score,1.39
task4,6222.0,score,1.38
task4,6223.0,score,1.39
task4,6224.0,score,1.38
task4,6225.0,score,1.36
task4,6226.0,score,1.39
task4,6227.0,score,1.38
task4,6228.0,score,1.36
task4,6229.0,score,1.35
task4,6230.0,score,1.34
task4,6231.0,score,1.32
task4,6232.0,score,1.3
task4,6233.0,score,1.31
task4,6234.0,score,1.32
task4,6235.0,score,1.32
task4,6236.0,score,1.31
task4,6237.0,score,1.35
task4,6238.0,score,1.37
task4,6239.0,score,1.34
task4,6240.0,score,1.32
task4,6241.0,score,1.32
task4,6242.0,score,1.33
task4,6243.0,score,1.3
task4,6244.0,score,1.24
task4,6245.0,score,1.23
task4,6246.0,score,1.25
task4,6247.0,score,1.24
task4,6248.0,score,1.25
task4,6249.0,score,1.25
task4,6250.0,score,1.26
task4,6251.0,score,1.27
task4,6252.0,score,1.26
task4,6253.0,score,1.21
task4,6254.0,score,1.28
task4,6255.0,score,1.26
task4,6256.0,score,1.27
task4,6257.0,score,1.29
task4,6258.0,score,1.29
task4,6259.0,score,1.3
task4,6260.0,score,1.3
task4,6261.0,score,1.29
task4,6262.0,score,1.29
task4,6263.0,score,1.29
task4,6264.0,score,1.28
task4,6265.0,score,1.31
task4,6266.0,score,1.34
task4,6267.0,score,1.34
task4,6268.0,score,1.33
task4,6269.0,score,1.32
task4,6270.0,score,1.32
task4,6271.0,score,1.32
task4,6272.0,score,1.32
task4,6273.0,score,1.34
task4,6274.0,score,1.34
task4,6275.0,score,1.34
task4,6276.0,score,1.34
task4,6277.0,score,1.34
task4,6278.0,score,1.34
task4,6279.0,score,1.34
task4,6280.0,score,1.44
task4,6281.0,score,1.42
task4,6282.0,score,1.42
task4,6283.0,score,1.42
task4,6284.0,score,1.44
task4,6285.0,score,1.38
task4,6286.0,score,1.38
task4,6287.0,score,1.41
task4,6288.0,score,1.4
task4,6289.0,score,1.39
task4,6290.0,score,1.4
task4,6291.0,score,1.39
task4,6292.0,score,1.37
task4,6293.0,score,1.35
task4,6294.0,score,1.33
task4,6295.0,score,1.33
task4,6296.0,score,1.36
task4,6297.0,score,1.35
task4,6298.0,score,1.32
task4,6299.0,score,1.36
task4,6300.0,score,1.37
task4,6301.0,score,1.37
task4,6302.0,score,1.38
task4,6303.0,score,1.38
task4,6304.0,score,1.36
task4,6305.0,score,1.43
task4,6306.0,score,1.43
task4,6307.0,score,1.47
task4,6308.0,score,1.44
task4,6309.0,score,1.52
task4,6310.0,score,1.52
task4,6311.0,score,1.54
task4,6312.0,score,1.56
task4,6313.0,score,1.57
task4,6314.0,score,1.58
task4,6315.0,score,1.57
task4,6316.0,score,1.53
task4,6317.0,score,1.55
task4,6318.0,score,1.55
task4,6319.0,score,1.57
task4,6320.0,score,1.58
task4,6321.0,score,1.58
task4,6322.0,score,1.58
task4,6323.0,score,1.64
task4,6324.0,score,1.63
task4,6325.0,score,1.63
task4,6326.0,score,1.6
task4,6327.0,score,1.6
task4,6328.0,score,1.61
task4,6329.0,score,1.62
task4,6330.0,score,1.63
task4,6331.0,score,1.62
task4,6332.0,score,1.63
task4,6333.0,score,1.63
task4,6334.0,score,1.63
task4,6335.0,score,1.63
task4,6336.0,score,1.64
task4,6337.0,score,1.65
task4,6338.0,score,1.63
task4,6339.0,score,1.64
task4,6340.0,score,1.65
task4,6341.0,score,1.63
task4,6342.0,score,1.61
task4,6343.0,score,1.61
task4,6344.0,score,1.61
task4,6345.0,score,1.63
task4,6346.0,score,1.61
task4,6347.0,score,1.59
task4,6348.0,score,1.58
task4,6349.0,score,1.59
task4,6350.0,score,1.59
task4,6351.0,score,1.58
task4,6352.0,score,1.56
task4,6353.0,score,1.62
task4,6354.0,score,1.55
task4,6355.0,score,1.55
task4,6356.0,score,1.54
task4,6357.0,score,1.52
task4,6358.0,score,1.54
task4,6359.0,score,1.54
task4,6360.0,score,1.54
task4,6361.0,score,1.56
task4,6362.0,score,1.57
task4,6363.0,score,1.57
task4,6364.0,score,1.57
task4,6365.0,score,1.55
task4,6366.0,score,1.52
task4,6367.0,score,1.53
task4,6368.0,score,1.51
task4,6369.0,score,1.51
task4,6370.0,score,1.56
task4,6371.0,score,1.57
task4,6372.0,score,1.58
task4,6373.0,score,1.6
task4,6374.0,score,1.63
task4,6375.0,score,1.63
task4,6376.0,score,1.65
task4,6377.0,score,1.72
task4,6378.0,score,1.71
task4,6379.0,score,1.73
task4,6380.0,score,1.62
task4,6381.0,score,1.63
task4,6382.0,score,1.63
task4,6383.0,score,1.63
task4,6384.0,score,1.6
task4,6385.0,score,1.57
task4,6386.0,score,1.57
task4,6387.0,score,1.55
task4,6388.0,score,1.58
task4,6389.0,score,1.58
task4,6390.0,score,1.57
task4,6391.0,score,1.59
task4,6392.0,score,1.54
task4,6393.0,score,1.56
task4,6394.0,score,1.57
task4,6395.0,score,1.58
task4,6396.0,score,1.55
task4,6397.0,score,1.57
task4,6398.0,score,1.57
task4,6399.0,score,1.57
task4,6400.0,score,1.56
task4,6401.0,score,1.57
task4,6402.0,score,1.58
task4,6403.0,score,1.61
task4,6404.0,score,1.59
task4,6405.0,score,1.54
task4,6406.0,score,1.54
task4,6407.0,score,1.51
task4,6408.0,score,1.54
task4,6409.0,score,1.45
task4,6410.0,score,1.5
task4,6411.0,score,1.49
task4,6412.0,score,1.47
task4,6413.0,score,1.46
task4,6414.0,score,1.45
task4,6415.0,score,1.47
task4,6416.0,score,1.47
task4,6417.0,score,1.44
task4,6418.0,score,1.45
task4,6419.0,score,1.43
task4,6420.0,score,1.42
task4,6421.0,score,1.46
task4,6422.0,score,1.46
task4,6423.0,score,1.38
task4,6424.0,score,1.39
task4,6425.0,score,1.39
task4,6426.0,score,1.4
task4,6427.0,score,1.38
task4,6428.0,score,1.38
task4,6429.0,score,1.37
task4,6430.0,score,1.37
task4,6431.0,score,1.38
task4,6432.0,score,1.38
task4,6433.0,score,1.41
task4,6434.0,score,1.4
task4,6435.0,score,1.4
task4,6436.0,score,1.41
task4,6437.0,score,1.38
task4,6438.0,score,1.4
task4,6439.0,score,1.39
task4,6440.0,score,1.44
task4,6441.0,score,1.44
task4,6442.0,score,1.44
task4,6443.0,score,1.45
task4,6444.0,score,1.48
task4,6445.0,score,1.5
task4,6446.0,score,1.51
task4,6447.0,score,1.52
task4,6448.0,score,1.52
task4,6449.0,score,1.55
task4,6450.0,score,1.54
task4,6451.0,score,1.54
task4,6452.0,score,1.54
task4,6453.0,score,1.49
task4,6454.0,score,1.52
task4,6455.0,score,1.54
task4,6456.0,score,1.53
task4,6457.0,score,1.54
task4,6458.0,score,1.52
task4,6459.0,score,1.52
task4,6460.0,score,1.53
task4,6461.0,score,1.51
task4,6462.0,score,1.53
task4,6463.0,score,1.56
task4,6464.0,score,1.58
task4,6465.0,score,1.57
task4,6466.0,score,1.59
task4,6467.0,score,1.61
task4,6468.0,score,1.61
task4,6469.0,score,1.65
task4,6470.0,score,1.66
task4,6471.0,score,1.65
task4,6472.0,score,1.65
task4,6473.0,score,1.62
task4,6474.0,score,1.59
task4,6475.0,score,1.61
task4,6476.0,score,1.61
task4,6477.0,score,1.54
task4,6478.0,score,1.55
task4,6479.0,score,1.54
task4,6480.0,score,1.54
task4,6481.0,score,1.53
task4,6482.0,score,1.56
task4,6483.0,score,1.6
task4,6484.0,score,1.62
task4,6485.0,score,1.63
task4,6486.0,score,1.63
task4,6487.0,score,1.62
task4,6488.0,score,1.6
task4,6489.0,score,1.63
task4,6490.0,score,1.69
task4,6491.0,score,1.67
task4,6492.0,score,1.66
task4,6493.0,score,1.73
task4,6494.0,score,1.74
task4,6495.0,score,1.73
task4,6496.0,score,1.74
task4,6497.0,score,1.72
task4,6498.0,score,1.74
task4,6499.0,score,1.69
task4,6500.0,score,1.68
task4,6501.0,score,1.67
task4,6502.0,score,1.69
task4,6503.0,score,1.67
task4,6504.0,score,1.68
task4,6505.0,score,1.68
task4,6506.0,score,1.67
task4,6507.0,score,1.65
task4,6508.0,score,1.62
task4,6509.0,score,1.65
task4,6510.0,score,1.61
task4,6511.0,score,1.66
task4,6512.0,score,1.67
task4,6513.0,score,1.7
task4,6514.0,score,1.71
task4,6515.0,score,1.68
task4,6516.0,score,1.68
task4,6517.0,score,1.68
task4,6518.0,score,1.67
task4,6519.0,score,1.67
task4,6520.0,score,1.7
task4,6521.0,score,1.67
task4,6522.0,score,1.67
task4,6523.0,score,1.77
task4,6524.0,score,1.76
task4,6525.0,score,1.78
task4,6526.0,score,1.77
task4,6527.0,score,1.77
task4,6528.0,score,1.78
task4,6529.0,score,1.79
task4,6530.0,score,1.79
task4,6531.0,score,1.79
task4,6532.0,score,1.81
task4,6533.0,score,1.78
task4,6534.0,score,1.8
task4,6535.0,score,1.8
task4,6536.0,score,1.79
task4,6537.0,score,1.77
task4,6538.0,score,1.77
task4,6539.0,score,1.79
task4,6540.0,score,1.72
task4,6541.0,score,1.72
task4,6542.0,score,1.77
task4,6543.0,score,1.74
task4,6544.0,score,1.72
task4,6545.0,score,1.7
task4,6546.0,score,1.71
task4,6547.0,score,1.7
task4,6548.0,score,1.73
task4,6549.0,score,1.7
task4,6550.0,score,1.7
task4,6551.0,score,1.7
task4,6552.0,score,1.73
task4,6553.0,score,1.73
task4,6554.0,score,1.71
task4,6555.0,score,1.69
task4,6556.0,score,1.72
task4,6557.0,score,1.75
task4,6558.0,score,1.75
task4,6559.0,score,1.74
task4,6560.0,score,1.73
task4,6561.0,score,1.73
task4,6562.0,score,1.78
task4,6563.0,score,1.74
task4,6564.0,score,1.72
task4,6565.0,score,1.72
task4,6566.0,score,1.7
task4,6567.0,score,1.66
task4,6568.0,score,1.65
task4,6569.0,score,1.62
task4,6570.0,score,1.58
task4,6571.0,score,1.64
task4,6572.0,score,1.64
task4,6573.0,score,1.63
task4,6574.0,score,1.65
task4,6575.0,score,1.64
task4,6576.0,score,1.61
task4,6577.0,score,1.6
task4,6578.0,score,1.61
task4,6579.0,score,1.6
task4,6580.0,score,1.64
task4,6581.0,score,1.68
task4,6582.0,score,1.64
task4,6583.0,score,1.63
task4,6584.0,score,1.65
task4,6585.0,score,1.65
task4,6586.0,score,1.7
task4,6587.0,score,1.74
task4,6588.0,score,1.76
task4,6589.0,score,1.74
task4,6590.0,score,1.71
task4,6591.0,score,1.74
task4,6592.0,score,1.77
task4,6593.0,score,1.68
task4,6594.0,score,1.67
task4,6595.0,score,1.69
task4,6596.0,score,1.68
task4,6597.0,score,1.71
task4,6598.0,score,1.72
task4,6599.0,score,1.72
task4,6600.0,score,1.72
task4,6601.0,score,1.73
task4,6602.0,score,1.69
task4,6603.0,score,1.68
task4,6604.0,score,1.68
task4,6605.0,score,1.74
task4,6606.0,score,1.74
task4,6607.0,score,1.76
task4,6608.0,score,1.77
task4,6609.0,score,1.73
task4,6610.0,score,1.72
task4,6611.0,score,1.65
task4,6612.0,score,1.64
task4,6613.0,score,1.62
task4,6614.0,score,1.63
task4,6615.0,score,1.64
task4,6616.0,score,1.64
task4,6617.0,score,1.65
task4,6618.0,score,1.64
task4,6619.0,score,1.66
task4,6620.0,score,1.62
task4,6621.0,score,1.61
task4,6622.0,score,1.61
task4,6623.0,score,1.52
task4,6624.0,score,1.55
task4,6625.0,score,1.55
task4,6626.0,score,1.55
task4,6627.0,score,1.6
task4,6628.0,score,1.59
task4,6629.0,score,1.59
task4,6630.0,score,1.59
task4,6631.0,score,1.58
task4,6632.0,score,1.55
task4,6633.0,score,1.54
task4,6634.0,score,1.53
task4,6635.0,score,1.54
task4,6636.0,score,1.53
task4,6637.0,score,1.53
task4,6638.0,score,1.52
task4,6639.0,score,1.52
task4,6640.0,score,1.53
task4,6641.0,score,1.53
task4,6642.0,score,1.49
task4,6643.0,score,1.51
task4,6644.0,score,1.51
task4,6645.0,score,1.5
task4,6646.0,score,1.48
task4,6647.0,score,1.48
task4,6648.0,score,1.47
task4,6649.0,score,1.47
task4,6650.0,score,1.49
task4,6651.0,score,1.49
task4,6652.0,score,1.46
task4,6653.0,score,1.45
task4,6654.0,score,1.45
task4,6655.0,score,1.47
task4,6656.0,score,1.45
task4,6657.0,score,1.41
task4,6658.0,score,1.42
task4,6659.0,score,1.45
task4,6660.0,score,1.47
task4,6661.0,score,1.46
task4,6662.0,score,1.39
task4,6663.0,score,1.38
task4,6664.0,score,1.37
task4,6665.0,score,1.4
task4,6666.0,score,1.42
task4,6667.0,score,1.42
task4,6668.0,score,1.43
task4,6669.0,score,1.45
task4,6670.0,score,1.42
task4,6671.0,score,1.35
task4,6672.0,score,1.34
task4,6673.0,score,1.39
task4,6674.0,score,1.36
task4,6675.0,score,1.35
task4,6676.0,score,1.36
task4,6677.0,score,1.35
task4,6678.0,score,1.4
task4,6679.0,score,1.43
task4,6680.0,score,1.39
task4,6681.0,score,1.39
task4,6682.0,score,1.39
task4,6683.0,score,1.37
task4,6684.0,score,1.36
task4,6685.0,score,1.35
task4,6686.0,score,1.3
task4,6687.0,score,1.28
task4,6688.0,score,1.27
task4,6689.0,score,1.26
task4,6690.0,score,1.25
task4,6691.0,score,1.24
task4,6692.0,score,1.2
task4,6693.0,score,1.2
task4,6694.0,score,1.18
task4,6695.0,score,1.16
task4,6696.0,score,1.24
task4,6697.0,score,1.21
task4,6698.0,score,1.25
task4,6699.0,score,1.25
task4,6700.0,score,1.25
task4,6701.0,score,1.25
task4,6702.0,score,1.25
task4,6703.0,score,1.29
task4,6704.0,score,1.28
task4,6705.0,score,1.22
task4,6706.0,score,1.23
task4,6707.0,score,1.22
task4,6708.0,score,1.21
task4,6709.0,score,1.22
task4,6710.0,score,1.23
task4,6711.0,score,1.23
task4,6712.0,score,1.23
task4,6713.0,score,1.25
task4,6714.0,score,1.29
task4,6715.0,score,1.29
task4,6716.0,score,1.29
task4,6717.0,score,1.28
task4,6718.0,score,1.29
task4,6719.0,score,1.29
task4,6720.0,score,1.32
task4,6721.0,score,1.33
task4,6722.0,score,1.34
task4,6723.0,score,1.34
task4,6724.0,score,1.33
task4,6725.0,score,1.38
task4,6726.0,score,1.39
task4,6727.0,score,1.39
task4,6728.0,score,1.38
task4,6729.0,score,1.39
task4,6730.0,score,1.4
task4,6731.0,score,1.41
task4,6732.0,score,1.42
task4,6733.0,score,1.42
task4,6734.0,score,1.41
task4,6735.0,score,1.45
task4,6736.0,score,1.45
task4,6737.0,score,1.45
task4,6738.0,score,1.45
task4,6739.0,score,1.43
task4,6740.0,score,1.44
task4,6741.0,score,1.44
task4,6742.0,score,1.45
task4,6743.0,score,1.44
task4,6744.0,score,1.43
task4,6745.0,score,1.45
task4,6746.0,score,1.47
task4,6747.0,score,1.47
task4,6748.0,score,1.47
task4,6749.0,score,1.48
task4,6750.0,score,1.48
task4,6751.0,score,1.54
task4,6752.0,score,1.58
task4,6753.0,score,1.58
task4,6754.0,score,1.56
task4,6755.0,score,1.55
task4,6756.0,score,1.55
task4,6757.0,score,1.62
task4,6758.0,score,1.63
task4,6759.0,score,1.6
task4,6760.0,score,1.6
task4,6761.0,score,1.61
task4,6762.0,score,1.61
task4,6763.0,score,1.61
task4,6764.0,score,1.66
task4,6765.0,score,1.63
task4,6766.0,score,1.61
task4,6767.0,score,1.62
task4,6768.0,score,1.65
task4,6769.0,score,1.63
task4,6770.0,score,1.63
task4,6771.0,score,1.66
task4,6772.0,score,1.69
task4,6773.0,score,1.65
task4,6774.0,score,1.65
task4,6775.0,score,1.66
task4,6776.0,score,1.65
task4,6777.0,score,1.66
task4,6778.0,score,1.59
task4,6779.0,score,1.59
task4,6780.0,score,1.65
task4,6781.0,score,1.61
task4,6782.0,score,1.61
task4,6783.0,score,1.6
task4,6784.0,score,1.6
task4,6785.0,score,1.6
task4,6786.0,score,1.61
task4,6787.0,score,1.59
task4,6788.0,score,1.59
task4,6789.0,score,1.61
task4,6790.0,score,1.63
task4,6791.0,score,1.62
task4,6792.0,score,1.63
task4,6793.0,score,1.64
task4,6794.0,score,1.67
task4,6795.0,score,1.68
task4,6796.0,score,1.6
task4,6797.0,score,1.62
task4,6798.0,score,1.57
task4,6799.0,score,1.57
task4,6800.0,score,1.6
task4,6801.0,score,1.58
task4,6802.0,score,1.59
task4,6803.0,score,1.56
task4,6804.0,score,1.66
task4,6805.0,score,1.64
task4,6806.0,score,1.63
task4,6807.0,score,1.64
task4,6808.0,score,1.65
task4,6809.0,score,1.68
task4,6810.0,score,1.67
task4,6811.0,score,1.67
task4,6812.0,score,1.67
task4,6813.0,score,1.64
task4,6814.0,score,1.57
task4,6815.0,score,1.59
task4,6816.0,score,1.6
task4,6817.0,score,1.61
task4,6818.0,score,1.63
task4,6819.0,score,1.62
task4,6820.0,score,1.6
task4,6821.0,score,1.6
task4,6822.0,score,1.62
task4,6823.0,score,1.63
task4,6824.0,score,1.63
task4,6825.0,score,1.59
task4,6826.0,score,1.61
task4,6827.0,score,1.56
task4,6828.0,score,1.62
task4,6829.0,score,1.63
task4,6830.0,score,1.61
task4,6831.0,score,1.63
task4,6832.0,score,1.63
task4,6833.0,score,1.63
task4,6834.0,score,1.67
task4,6835.0,score,1.64
task4,6836.0,score,1.66
task4,6837.0,score,1.68
task4,6838.0,score,1.69
task4,6839.0,score,1.71
task4,6840.0,score,1.7
task4,6841.0,score,1.7
task4,6842.0,score,1.68
task4,6843.0,score,1.71
task4,6844.0,score,1.73
task4,6845.0,score,1.71
task4,6846.0,score,1.71
task4,6847.0,score,1.72
task4,6848.0,score,1.7
task4,6849.0,score,1.68
task4,6850.0,score,1.68
task4,6851.0,score,1.63
task4,6852.0,score,1.61
task4,6853.0,score,1.62
task4,6854.0,score,1.62
task4,6855.0,score,1.65
task4,6856.0,score,1.64
task4,6857.0,score,1.59
task4,6858.0,score,1.6
task4,6859.0,score,1.6
task4,6860.0,score,1.61
task4,6861.0,score,1.62
task4,6862.0,score,1.63
task4,6863.0,score,1.68
task4,6864.0,score,1.63
task4,6865.0,score,1.64
task4,6866.0,score,1.66
task4,6867.0,score,1.65
task4,6868.0,score,1.61
task4,6869.0,score,1.61
task4,6870.0,score,1.62
task4,6871.0,score,1.62
task4,6872.0,score,1.59
task4,6873.0,score,1.6
task4,6874.0,score,1.62
task4,6875.0,score,1.62
task4,6876.0,score,1.63
task4,6877.0,score,1.63
task4,6878.0,score,1.64
task4,6879.0,score,1.63
task4,6880.0,score,1.58
task4,6881.0,score,1.6
task4,6882.0,score,1.62
task4,6883.0,score,1.66
task4,6884.0,score,1.64
task4,6885.0,score,1.66
task4,6886.0,score,1.65
task4,6887.0,score,1.77
task4,6888.0,score,1.76
task4,6889.0,score,1.74
task4,6890.0,score,1.73
task4,6891.0,score,1.73
task4,6892.0,score,1.76
task4,6893.0,score,1.77
task4,6894.0,score,1.75
task4,6895.0,score,1.76
task4,6896.0,score,1.76
task4,6897.0,score,1.75
task4,6898.0,score,1.73
task4,6899.0,score,1.75
task4,6900.0,score,1.72
task4,6901.0,score,1.73
task4,6902.0,score,1.73
task4,6903.0,score,1.72
task4,6904.0,score,1.63
task4,6905.0,score,1.63
task4,6906.0,score,1.65
task4,6907.0,score,1.65
task4,6908.0,score,1.67
task4,6909.0,score,1.67
task4,6910.0,score,1.67
task4,6911.0,score,1.72
task4,6912.0,score,1.83
task4,6913.0,score,1.87
task4,6914.0,score,1.89
task4,6915.0,score,1.87
task4,6916.0,score,1.86
task4,6917.0,score,1.84
task4,6918.0,score,1.81
task4,6919.0,score,1.81
task4,6920.0,score,1.83
task4,6921.0,score,1.87
task4,6922.0,score,1.88
task4,6923.0,score,1.86
task4,6924.0,score,1.85
task4,6925.0,score,1.82
task4,6926.0,score,1.86
task4,6927.0,score,1.89
task4,6928.0,score,1.85
task4,6929.0,score,1.82
task4,6930.0,score,1.82
task4,6931.0,score,1.79
task4,6932.0,score,1.79
task4,6933.0,score,1.79
task4,6934.0,score,1.79
task4,6935.0,score,1.83
task4,6936.0,score,1.81
task4,6937.0,score,1.81
task4,6938.0,score,1.79
task4,6939.0,score,1.77
task4,6940.0,score,1.78
task4,6941.0,score,1.81
task4,6942.0,score,1.84
task4,6943.0,score,1.84
task4,6944.0,score,1.86
task4,6945.0,score,1.91
task4,6946.0,score,1.9
task4,6947.0,score,1.9
task4,6948.0,score,1.9
task4,6949.0,score,1.93
task4,6950.0,score,1.94
task4,6951.0,score,1.94
task4,6952.0,score,1.99
task4,6953.0,score,1.99
task4,6954.0,score,1.99
task4,6955.0,score,1.96
task4,6956.0,score,1.98
task4,6957.0,score,1.97
task4,6958.0,score,1.95
task4,6959.0,score,1.97
task4,6960.0,score,1.95
task4,6961.0,score,1.94
task4,6962.0,score,1.95
task4,6963.0,score,1.9
task4,6964.0,score,1.89
task4,6965.0,score,1.89
task4,6966.0,score,1.89
task4,6967.0,score,1.9
task4,6968.0,score,1.9
task4,6969.0,score,1.9
task4,6970.0,score,1.89
task4,6971.0,score,1.86
task4,6972.0,score,1.86
task4,6973.0,score,1.86
task4,6974.0,score,1.84
task4,6975.0,score,1.85
task4,6976.0,score,1.85
task4,6977.0,score,1.86
task4,6978.0,score,1.85
task4,6979.0,score,1.85
task4,6980.0,score,1.89
task4,6981.0,score,1.88
task4,6982.0,score,1.88
task4,6983.0,score,1.86
task4,6984.0,score,1.87
task4,6985.0,score,1.87
task4,6986.0,score,1.89
task4,6987.0,score,1.79
task4,6988.0,score,1.8
task4,6989.0,score,1.83
task4,6990.0,score,1.82
task4,6991.0,score,1.81
task4,6992.0,score,1.82
task4,6993.0,score,1.83
task4,6994.0,score,1.85
task4,6995.0,score,1.84
task4,6996.0,score,1.86
task4,6997.0,score,1.88
task4,6998.0,score,1.9
task4,6999.0,score,1.9
task4,7000.0,score,1.91
task4,7001.0,score,1.9
task4,7002.0,score,1.89
task4,7003.0,score,1.89
task4,7004.0,score,1.89
task4,7005.0,score,1.9
task4,7006.0,score,1.88
task4,7007.0,score,1.88
task4,7008.0,score,1.87
task4,7009.0,score,1.86
task4,7010.0,score,1.92
task4,7011.0,score,1.87
task4,7012.0,score,1.76
task4,7013.0,score,1.72
task4,7014.0,score,1.71
task4,7015.0,score,1.71
task4,7016.0,score,1.71
task4,7017.0,score,1.71
task4,7018.0,score,1.73
task4,7019.0,score,1.72
task4,7020.0,score,1.68
task4,7021.0,score,1.63
task4,7022.0,score,1.59
task4,7023.0,score,1.59
task4,7024.0,score,1.58
task4,7025.0,score,1.58
task4,7026.0,score,1.55
task4,7027.0,score,1.54
task4,7028.0,score,1.52
task4,7029.0,score,1.52
task4,7030.0,score,1.54
task4,7031.0,score,1.54
task4,7032.0,score,1.55
task4,7033.0,score,1.57
task4,7034.0,score,1.56
task4,7035.0,score,1.51
task4,7036.0,score,1.52
task4,7037.0,score,1.52
task4,7038.0,score,1.54
task4,7039.0,score,1.57
task4,7040.0,score,1.57
task4,7041.0,score,1.58
task4,7042.0,score,1.55
task4,7043.0,score,1.53
task4,7044.0,score,1.51
task4,7045.0,score,1.46
task4,7046.0,score,1.48
task4,7047.0,score,1.5
task4,7048.0,score,1.51
task4,7049.0,score,1.48
task4,7050.0,score,1.45
task4,7051.0,score,1.47
task4,7052.0,score,1.42
task4,7053.0,score,1.44
task4,7054.0,score,1.48
task4,7055.0,score,1.48
task4,7056.0,score,1.46
task4,7057.0,score,1.45
task4,7058.0,score,1.52
task4,7059.0,score,1.52
task4,7060.0,score,1.55
task4,7061.0,score,1.59
task4,7062.0,score,1.56
task4,7063.0,score,1.56
task4,7064.0,score,1.57
task4,7065.0,score,1.56
task4,7066.0,score,1.55
task4,7067.0,score,1.58
task4,7068.0,score,1.62
task4,7069.0,score,1.68
task4,7070.0,score,1.68
task4,7071.0,score,1.68
task4,7072.0,score,1.69
task4,7073.0,score,1.68
task4,7074.0,score,1.68
task4,7075.0,score,1.69
task4,7076.0,score,1.69
task4,7077.0,score,1.68
task4,7078.0,score,1.68
task4,7079.0,score,1.69
task4,7080.0,score,1.69
task4,7081.0,score,1.71
task4,7082.0,score,1.71
task4,7083.0,score,1.71
task4,7084.0,score,1.72
task4,7085.0,score,1.74
task4,7086.0,score,1.75
task4,7087.0,score,1.76
task4,7088.0,score,1.75
task4,7089.0,score,1.73
task4,7090.0,score,1.72
task4,7091.0,score,1.72
task4,7092.0,score,1.7
task4,7093.0,score,1.7
task4,7094.0,score,1.69
task4,7095.0,score,1.68
task4,7096.0,score,1.67
task4,7097.0,score,1.64
task4,7098.0,score,1.62
task4,7099.0,score,1.61
task4,7100.0,score,1.62
task4,7101.0,score,1.63
task4,7102.0,score,1.64
task4,7103.0,score,1.65
task4,7104.0,score,1.64
task4,7105.0,score,1.64
task4,7106.0,score,1.67
task4,7107.0,score,1.66
task4,7108.0,score,1.71
task4,7109.0,score,1.68
task4,7110.0,score,1.65
task4,7111.0,score,1.65
task4,7112.0,score,1.67
task4,7113.0,score,1.74
task4,7114.0,score,1.73
task4,7115.0,score,1.72
task4,7116.0,score,1.73
task4,7117.0,score,1.73
task4,7118.0,score,1.72
task4,7119.0,score,1.72
task4,7120.0,score,1.74
task4,7121.0,score,1.76
task4,7122.0,score,1.78
task4,7123.0,score,1.79
task4,7124.0,score,1.79
task4,7125.0,score,1.8
task4,7126.0,score,1.76
task4,7127.0,score,1.74
task4,7128.0,score,1.74
task4,7129.0,score,1.76
task4,7130.0,score,1.76
task4,7131.0,score,1.76
task4,7132.0,score,1.74
task4,7133.0,score,1.77
task4,7134.0,score,1.78
task4,7135.0,score,1.79
task4,7136.0,score,1.78
task4,7137.0,score,1.83
task4,7138.0,score,1.84
task4,7139.0,score,1.84
task4,7140.0,score,1.83
task4,7141.0,score,1.84
task4,7142.0,score,1.87
task4,7143.0,score,1.86
task4,7144.0,score,1.9
task4,7145.0,score,1.89
task4,7146.0,score,1.87
task4,7147.0,score,1.84
task4,7148.0,score,1.85
task4,7149.0,score,1.87
task4,7150.0,score,1.87
task4,7151.0,score,1.84
task4,7152.0,score,1.84
task4,7153.0,score,1.81
task4,7154.0,score,1.8
task4,7155.0,score,1.82
task4,7156.0,score,1.88
task4,7157.0,score,1.92
task4,7158.0,score,1.84
task4,7159.0,score,1.82
task4,7160.0,score,1.81
task4,7161.0,score,1.78
task4,7162.0,score,1.78
task4,7163.0,score,1.79
task4,7164.0,score,1.8
task4,7165.0,score,1.81
task4,7166.0,score,1.82
task4,7167.0,score,1.82
task4,7168.0,score,1.79
task4,7169.0,score,1.76
task4,7170.0,score,1.79
task4,7171.0,score,1.79
task4,7172.0,score,1.78
task4,7173.0,score,1.79
task4,7174.0,score,1.82
task4,7175.0,score,1.8
task4,7176.0,score,1.79
task4,7177.0,score,1.8
task4,7178.0,score,1.82
task4,7179.0,score,1.79
task4,7180.0,score,1.74
task4,7181.0,score,1.73
task4,7182.0,score,1.71
task4,7183.0,score,1.69
task4,7184.0,score,1.67
task4,7185.0,score,1.63
task4,7186.0,score,1.6
task4,7187.0,score,1.59
task4,7188.0,score,1.6
task4,7189.0,score,1.59
task4,7190.0,score,1.58
task4,7191.0,score,1.62
task4,7192.0,score,1.59
task4,7193.0,score,1.56
task4,7194.0,score,1.54
task4,7195.0,score,1.56
task4,7196.0,score,1.58
task4,7197.0,score,1.6
task4,7198.0,score,1.62
task4,7199.0,score,1.63
task4,7200.0,score,1.62
task4,7201.0,score,1.65
task4,7202.0,score,1.66
task4,7203.0,score,1.66
task4,7204.0,score,1.66
task4,7205.0,score,1.68
task4,7206.0,score,1.67
task4,7207.0,score,1.67
task4,7208.0,score,1.6
task4,7209.0,score,1.62
task4,7210.0,score,1.6
task4,7211.0,score,1.6
task4,7212.0,score,1.6
task4,7213.0,score,1.53
task4,7214.0,score,1.53
task4,7215.0,score,1.54
task4,7216.0,score,1.54
task4,7217.0,score,1.57
task4,7218.0,score,1.57
task4,7219.0,score,1.6
task4,7220.0,score,1.62
task4,7221.0,score,1.62
task4,7222.0,score,1.6
task4,7223.0,score,1.62
task4,7224.0,score,1.64
task4,7225.0,score,1.64
task4,7226.0,score,1.66
task4,7227.0,score,1.68
task4,7228.0,score,1.74
task4,7229.0,score,1.74
task4,7230.0,score,1.73
task4,7231.0,score,1.73
task4,7232.0,score,1.74
task4,7233.0,score,1.73
task4,7234.0,score,1.69
task4,7235.0,score,1.68
task4,7236.0,score,1.7
task4,7237.0,score,1.66
task4,7238.0,score,1.65
task4,7239.0,score,1.64
task4,7240.0,score,1.65
task4,7241.0,score,1.62
task4,7242.0,score,1.59
task4,7243.0,score,1.58
task4,7244.0,score,1.54
task4,7245.0,score,1.55
task4,7246.0,score,1.6
task4,7247.0,score,1.63
task4,7248.0,score,1.61
task4,7249.0,score,1.62
task4,7250.0,score,1.63
task4,7251.0,score,1.65
task4,7252.0,score,1.64
task4,7253.0,score,1.68
task4,7254.0,score,1.66
task4,7255.0,score,1.64
task4,7256.0,score,1.58
task4,7257.0,score,1.56
task4,7258.0,score,1.56
task4,7259.0,score,1.57
task4,7260.0,score,1.54
task4,7261.0,score,1.59
task4,7262.0,score,1.59
task4,7263.0,score,1.6
task4,7264.0,score,1.65
task4,7265.0,score,1.65
task4,7266.0,score,1.65
task4,7267.0,score,1.62
task4,7268.0,score,1.65
task4,7269.0,score,1.61
task4,7270.0,score,1.61
task4,7271.0,score,1.61
task4,7272.0,score,1.62
task4,7273.0,score,1.6
task4,7274.0,score,1.57
task4,7275.0,score,1.57
task4,7276.0,score,1.58
task4,7277.0,score,1.59
task4,7278.0,score,1.58
task4,7279.0,score,1.61
task4,7280.0,score,1.62
task4,7281.0,score,1.6
task4,7282.0,score,1.61
task4,7283.0,score,1.64
task4,7284.0,score,1.66
task4,7285.0,score,1.67
task4,7286.0,score,1.67
task4,7287.0,score,1.66
task4,7288.0,score,1.64
task4,7289.0,score,1.64
task4,7290.0,score,1.64
task4,7291.0,score,1.6
task4,7292.0,score,1.6
task4,7293.0,score,1.61
task4,7294.0,score,1.63
task4,7295.0,score,1.61
task4,7296.0,score,1.6
task4,7297.0,score,1.59
task4,7298.0,score,1.58
task4,7299.0,score,1.58
task4,7300.0,score,1.62
task4,7301.0,score,1.61
task4,7302.0,score,1.6
task4,7303.0,score,1.6
task4,7304.0,score,1.61
task4,7305.0,score,1.6
task4,7306.0,score,1.59
task4,7307.0,score,1.57
task4,7308.0,score,1.6
task4,7309.0,score,1.59
task4,7310.0,score,1.6
task4,7311.0,score,1.61
task4,7312.0,score,1.6
task4,7313.0,score,1.62
task4,7314.0,score,1.67
task4,7315.0,score,1.66
task4,7316.0,score,1.66
task4,7317.0,score,1.66
task4,7318.0,score,1.65
task4,7319.0,score,1.64
task4,7320.0,score,1.63
task4,7321.0,score,1.64
task4,7322.0,score,1.64
task4,7323.0,score,1.63
task4,7324.0,score,1.61
task4,7325.0,score,1.61
task4,7326.0,score,1.59
task4,7327.0,score,1.57
task4,7328.0,score,1.51
task4,7329.0,score,1.51
task4,7330.0,score,1.51
task4,7331.0,score,1.55
task4,7332.0,score,1.57
task4,7333.0,score,1.59
task4,7334.0,score,1.6
task4,7335.0,score,1.59
task4,7336.0,score,1.57
task4,7337.0,score,1.61
task4,7338.0,score,1.61
task4,7339.0,score,1.59
task4,7340.0,score,1.57
task4,7341.0,score,1.55
task4,7342.0,score,1.55
task4,7343.0,score,1.58
task4,7344.0,score,1.57
task4,7345.0,score,1.56
task4,7346.0,score,1.63
task4,7347.0,score,1.62
task4,7348.0,score,1.7
task4,7349.0,score,1.7
task4,7350.0,score,1.7
task4,7351.0,score,1.69
task4,7352.0,score,1.68
task4,7353.0,score,1.65
task4,7354.0,score,1.66
task4,7355.0,score,1.67
task4,7356.0,score,1.7
task4,7357.0,score,1.69
task4,7358.0,score,1.7
task4,7359.0,score,1.69
task4,7360.0,score,1.69
task4,7361.0,score,1.65
task4,7362.0,score,1.67
task4,7363.0,score,1.65
task4,7364.0,score,1.59
task4,7365.0,score,1.59
task4,7366.0,score,1.58
task4,7367.0,score,1.58
task4,7368.0,score,1.54
task4,7369.0,score,1.55
task4,7370.0,score,1.52
task4,7371.0,score,1.52
task4,7372.0,score,1.54
task4,7373.0,score,1.55
task4,7374.0,score,1.54
task4,7375.0,score,1.55
task4,7376.0,score,1.56
task4,7377.0,score,1.54
task4,7378.0,score,1.54
task4,7379.0,score,1.51
task4,7380.0,score,1.5
task4,7381.0,score,1.5
task4,7382.0,score,1.51
task4,7383.0,score,1.48
task4,7384.0,score,1.45
task4,7385.0,score,1.48
task4,7386.0,score,1.53
task4,7387.0,score,1.53
task4,7388.0,score,1.54
task4,7389.0,score,1.55
task4,7390.0,score,1.56
task4,7391.0,score,1.58
task4,7392.0,score,1.58
task4,7393.0,score,1.6
task4,7394.0,score,1.65
task4,7395.0,score,1.65
task4,7396.0,score,1.64
task4,7397.0,score,1.65
task4,7398.0,score,1.66
task4,7399.0,score,1.65
task4,7400.0,score,1.62
task4,7401.0,score,1.59
task4,7402.0,score,1.58
task4,7403.0,score,1.57
task4,7404.0,score,1.58
task4,7405.0,score,1.58
task4,7406.0,score,1.59
task4,7407.0,score,1.59
task4,7408.0,score,1.59
task4,7409.0,score,1.58
task4,7410.0,score,1.6
task4,7411.0,score,1.61
task4,7412.0,score,1.61
task4,7413.0,score,1.62
task4,7414.0,score,1.57
task4,7415.0,score,1.61
task4,7416.0,score,1.6
task4,7417.0,score,1.58
task4,7418.0,score,1.62
task4,7419.0,score,1.63
task4,7420.0,score,1.62
task4,7421.0,score,1.64
task4,7422.0,score,1.64
task4,7423.0,score,1.64
task4,7424.0,score,1.67
task4,7425.0,score,1.69
task4,7426.0,score,1.69
task4,7427.0,score,1.71
task4,7428.0,score,1.71
task4,7429.0,score,1.74
task4,7430.0,score,1.75
task4,7431.0,score,1.73
task4,7432.0,score,1.78
task4,7433.0,score,1.74
task4,7434.0,score,1.73
task4,7435.0,score,1.8
task4,7436.0,score,1.81
task4,7437.0,score,1.75
task4,7438.0,score,1.73
task4,7439.0,score,1.74
task4,7440.0,score,1.76
task4,7441.0,score,1.79
task4,7442.0,score,1.79
task4,7443.0,score,1.83
task4,7444.0,score,1.82
task4,7445.0,score,1.83
task4,7446.0,score,1.7
task4,7447.0,score,1.68
task4,7448.0,score,1.61
task4,7449.0,score,1.6
task4,7450.0,score,1.59
task4,7451.0,score,1.58
task4,7452.0,score,1.6
task4,7453.0,score,1.6
task4,7454.0,score,1.58
task4,7455.0,score,1.61
task4,7456.0,score,1.62
task4,7457.0,score,1.64
task4,7458.0,score,1.66
task4,7459.0,score,1.74
task4,7460.0,score,1.76
task4,7461.0,score,1.73
task4,7462.0,score,1.74
task4,7463.0,score,1.76
task4,7464.0,score,1.78
task4,7465.0,score,1.85
task4,7466.0,score,1.88
task4,7467.0,score,1.88
task4,7468.0,score,1.89
task4,7469.0,score,1.89
task4,7470.0,score,1.89
task4,7471.0,score,1.89
task4,7472.0,score,1.87
task4,7473.0,score,1.87
task4,7474.0,score,1.88
task4,7475.0,score,1.86
task4,7476.0,score,1.84
task4,7477.0,score,1.87
task4,7478.0,score,1.87
task4,7479.0,score,1.87
task4,7480.0,score,1.88
task4,7481.0,score,1.89
task4,7482.0,score,1.92
task4,7483.0,score,1.93
task4,7484.0,score,1.95
task4,7485.0,score,1.91
task4,7486.0,score,1.93
task4,7487.0,score,1.92
task4,7488.0,score,1.91
task4,7489.0,score,1.9
task4,7490.0,score,1.9
task4,7491.0,score,1.89
task4,7492.0,score,1.89
task4,7493.0,score,1.9
task4,7494.0,score,1.85
task4,7495.0,score,1.87
task4,7496.0,score,1.87
task4,7497.0,score,1.89
task4,7498.0,score,1.88
task4,7499.0,score,1.88
task4,7500.0,score,1.91
task4,7501.0,score,1.92
task4,7502.0,score,1.95
task4,7503.0,score,1.95
task4,7504.0,score,1.97
task4,7505.0,score,1.95
task4,7506.0,score,1.93
task4,7507.0,score,1.94
task4,7508.0,score,1.93
task4,7509.0,score,1.93
task4,7510.0,score,1.91
task4,7511.0,score,1.9
task4,7512.0,score,1.96
task4,7513.0,score,1.95
task4,7514.0,score,1.95
task4,7515.0,score,1.95
task4,7516.0,score,1.95
task4,7517.0,score,1.94
task4,7518.0,score,1.93
task4,7519.0,score,1.9
task4,7520.0,score,1.9
task4,7521.0,score,1.86
task4,7522.0,score,1.88
task4,7523.0,score,1.86
task4,7524.0,score,1.84
task4,7525.0,score,1.81
task4,7526.0,score,1.81
task4,7527.0,score,1.79
task4,7528.0,score,1.8
task4,7529.0,score,1.75
task4,7530.0,score,1.74
task4,7531.0,score,1.72
task4,7532.0,score,1.65
task4,7533.0,score,1.63
task4,7534.0,score,1.63
task4,7535.0,score,1.56
task4,7536.0,score,1.56
task4,7537.0,score,1.56
task4,7538.0,score,1.6
task4,7539.0,score,1.6
task4,7540.0,score,1.6
task4,7541.0,score,1.6
task4,7542.0,score,1.61
task4,7543.0,score,1.64
task4,7544.0,score,1.66
task4,7545.0,score,1.67
task4,7546.0,score,1.67
task4,7547.0,score,1.67
task4,7548.0,score,1.69
task4,7549.0,score,1.68
task4,7550.0,score,1.68
task4,7551.0,score,1.7
task4,7552.0,score,1.7
task4,7553.0,score,1.69
task4,7554.0,score,1.72
task4,7555.0,score,1.69
task4,7556.0,score,1.66
task4,7557.0,score,1.69
task4,7558.0,score,1.67
task4,7559.0,score,1.59
task4,7560.0,score,1.57
task4,7561.0,score,1.58
task4,7562.0,score,1.55
task4,7563.0,score,1.53
task4,7564.0,score,1.51
task4,7565.0,score,1.45
task4,7566.0,score,1.41
task4,7567.0,score,1.42
task4,7568.0,score,1.42
task4,7569.0,score,1.42
task4,7570.0,score,1.43
task4,7571.0,score,1.49
task4,7572.0,score,1.49
task4,7573.0,score,1.48
task4,7574.0,score,1.47
task4,7575.0,score,1.47
task4,7576.0,score,1.47
task4,7577.0,score,1.44
task4,7578.0,score,1.47
task4,7579.0,score,1.48
task4,7580.0,score,1.49
task4,7581.0,score,1.51
task4,7582.0,score,1.46
task4,7583.0,score,1.47
task4,7584.0,score,1.47
task4,7585.0,score,1.5
task4,7586.0,score,1.45
task4,7587.0,score,1.45
task4,7588.0,score,1.46
task4,7589.0,score,1.48
task4,7590.0,score,1.47
task4,7591.0,score,1.46
task4,7592.0,score,1.46
task4,7593.0,score,1.45
task4,7594.0,score,1.44
task4,7595.0,score,1.46
task4,7596.0,score,1.47
task4,7597.0,score,1.45
task4,7598.0,score,1.45
task4,7599.0,score,1.46
task4,7600.0,score,1.42
task4,7601.0,score,1.41
task4,7602.0,score,1.39
task4,7603.0,score,1.4
task4,7604.0,score,1.38
task4,7605.0,score,1.38
task4,7606.0,score,1.42
task4,7607.0,score,1.42
task4,7608.0,score,1.41
task4,7609.0,score,1.42
task4,7610.0,score,1.41
task4,7611.0,score,1.47
task4,7612.0,score,1.4
task4,7613.0,score,1.38
task4,7614.0,score,1.39
task4,7615.0,score,1.37
task4,7616.0,score,1.39
task4,7617.0,score,1.4
task4,7618.0,score,1.39
task4,7619.0,score,1.42
task4,7620.0,score,1.42
task4,7621.0,score,1.42
task4,7622.0,score,1.42
task4,7623.0,score,1.45
task4,7624.0,score,1.44
task4,7625.0,score,1.48
task4,7626.0,score,1.49
task4,7627.0,score,1.49
task4,7628.0,score,1.51
task4,7629.0,score,1.52
task4,7630.0,score,1.52
task4,7631.0,score,1.54
task4,7632.0,score,1.55
task4,7633.0,score,1.57
task4,7634.0,score,1.57
task4,7635.0,score,1.57
task4,7636.0,score,1.56
task4,7637.0,score,1.59
task4,7638.0,score,1.58
task4,7639.0,score,1.58
task4,7640.0,score,1.58
task4,7641.0,score,1.55
task4,7642.0,score,1.55
task4,7643.0,score,1.48
task4,7644.0,score,1.46
task4,7645.0,score,1.47
task4,7646.0,score,1.49
task4,7647.0,score,1.51
task4,7648.0,score,1.48
task4,7649.0,score,1.47
task4,7650.0,score,1.5
task4,7651.0,score,1.52
task4,7652.0,score,1.5
task4,7653.0,score,1.5
task4,7654.0,score,1.49
task4,7655.0,score,1.47
task4,7656.0,score,1.49
task4,7657.0,score,1.44
task4,7658.0,score,1.45
task4,7659.0,score,1.45
task4,7660.0,score,1.45
task4,7661.0,score,1.47
task4,7662.0,score,1.47
task4,7663.0,score,1.49
task4,7664.0,score,1.5
task4,7665.0,score,1.48
task4,7666.0,score,1.49
task4,7667.0,score,1.48
task4,7668.0,score,1.48
task4,7669.0,score,1.48
task4,7670.0,score,1.47
task4,7671.0,score,1.43
task4,7672.0,score,1.42
task4,7673.0,score,1.42
task4,7674.0,score,1.44
task4,7675.0,score,1.45
task4,7676.0,score,1.46
task4,7677.0,score,1.48
task4,7678.0,score,1.47
task4,7679.0,score,1.48
task4,7680.0,score,1.46
task4,7681.0,score,1.43
task4,7682.0,score,1.43
task4,7683.0,score,1.42
task4,7684.0,score,1.45
task4,7685.0,score,1.44
task4,7686.0,score,1.48
task4,7687.0,score,1.48
task4,7688.0,score,1.5
task4,7689.0,score,1.48
task4,7690.0,score,1.51
task4,7691.0,score,1.51
task4,7692.0,score,1.51
task4,7693.0,score,1.49
task4,7694.0,score,1.49
task4,7695.0,score,1.48
task4,7696.0,score,1.46
task4,7697.0,score,1.46
task4,7698.0,score,1.46
task4,7699.0,score,1.47
task4,7700.0,score,1.49
task4,7701.0,score,1.51
task4,7702.0,score,1.52
task4,7703.0,score,1.52
task4,7704.0,score,1.53
task4,7705.0,score,1.54
task4,7706.0,score,1.5
task4,7707.0,score,1.5
task4,7708.0,score,1.51
task4,7709.0,score,1.51
task4,7710.0,score,1.52
task4,7711.0,score,1.47
task4,7712.0,score,1.47
task4,7713.0,score,1.56
task4,7714.0,score,1.56
task4,7715.0,score,1.54
task4,7716.0,score,1.54
task4,7717.0,score,1.53
task4,7718.0,score,1.57
task4,7719.0,score,1.55
task4,7720.0,score,1.56
task4,7721.0,score,1.63
task4,7722.0,score,1.62
task4,7723.0,score,1.6
task4,7724.0,score,1.6
task4,7725.0,score,1.56
task4,7726.0,score,1.59
task4,7727.0,score,1.6
task4,7728.0,score,1.59
task4,7729.0,score,1.59
task4,7730.0,score,1.59
task4,7731.0,score,1.58
task4,7732.0,score,1.56
task4,7733.0,score,1.54
task4,7734.0,score,1.55
task4,7735.0,score,1.58
task4,7736.0,score,1.59
task4,7737.0,score,1.58
task4,7738.0,score,1.57
task4,7739.0,score,1.58
task4,7740.0,score,1.61
task4,7741.0,score,1.61
task4,7742.0,score,1.63
task4,7743.0,score,1.62
task4,7744.0,score,1.65
task4,7745.0,score,1.66
task4,7746.0,score,1.67
task4,7747.0,score,1.67
task4,7748.0,score,1.68
task4,7749.0,score,1.74
task4,7750.0,score,1.73
task4,7751.0,score,1.71
task4,7752.0,score,1.71
task4,7753.0,score,1.72
task4,7754.0,score,1.72
task4,7755.0,score,1.72
task4,7756.0,score,1.69
task4,7757.0,score,1.69
task4,7758.0,score,1.67
task4,7759.0,score,1.68
task4,7760.0,score,1.71
task4,7761.0,score,1.68
task4,7762.0,score,1.68
task4,7763.0,score,1.72
task4,7764.0,score,1.72
task4,7765.0,score,1.74
task4,7766.0,score,1.75
task4,7767.0,score,1.76
task4,7768.0,score,1.79
task4,7769.0,score,1.84
task4,7770.0,score,1.85
task4,7771.0,score,1.88
task4,7772.0,score,1.89
task4,7773.0,score,1.9
task4,7774.0,score,1.9
task4,7775.0,score,1.91
task4,7776.0,score,1.93
task4,7777.0,score,1.9
task4,7778.0,score,1.89
task4,7779.0,score,1.89
task4,7780.0,score,1.89
task4,7781.0,score,1.9
task4,7782.0,score,1.91
task4,7783.0,score,1.92
task4,7784.0,score,1.87
task4,7785.0,score,1.87
task4,7786.0,score,1.82
task4,7787.0,score,1.84
task4,7788.0,score,1.82
task4,7789.0,score,1.83
task4,7790.0,score,1.81
task4,7791.0,score,1.82
task4,7792.0,score,1.82
task4,7793.0,score,1.83
task4,7794.0,score,1.89
task4,7795.0,score,1.87
task4,7796.0,score,1.88
task4,7797.0,score,1.88
task4,7798.0,score,1.89
task4,7799.0,score,1.9
task4,7800.0,score,1.89
task4,7801.0,score,1.87
task4,7802.0,score,1.89
task4,7803.0,score,1.9
task4,7804.0,score,1.88
task4,7805.0,score,1.9
task4,7806.0,score,1.92
task4,7807.0,score,1.94
task4,7808.0,score,1.94
task4,7809.0,score,1.93
task4,7810.0,score,1.93
task4,7811.0,score,1.91
task4,7812.0,score,1.94
task4,7813.0,score,1.85
task4,7814.0,score,1.84
task4,7815.0,score,1.84
task4,7816.0,score,1.82
task4,7817.0,score,1.84
task4,7818.0,score,1.79
task4,7819.0,score,1.78
task4,7820.0,score,1.76
task4,7821.0,score,1.7
task4,7822.0,score,1.69
task4,7823.0,score,1.71
task4,7824.0,score,1.71
task4,7825.0,score,1.8
task4,7826.0,score,1.76
task4,7827.0,score,1.77
task4,7828.0,score,1.77
task4,7829.0,score,1.79
task4,7830.0,score,1.81
task4,7831.0,score,1.81
task4,7832.0,score,1.81
task4,7833.0,score,1.83
task4,7834.0,score,1.82
task4,7835.0,score,1.79
task4,7836.0,score,1.82
task4,7837.0,score,1.8
task4,7838.0,score,1.8
task4,7839.0,score,1.79
task4,7840.0,score,1.75
task4,7841.0,score,1.75
task4,7842.0,score,1.74
task4,7843.0,score,1.76
task4,7844.0,score,1.74
task4,7845.0,score,1.71
task4,7846.0,score,1.74
task4,7847.0,score,1.73
task4,7848.0,score,1.75
task4,7849.0,score,1.71
task4,7850.0,score,1.77
task4,7851.0,score,1.75
task4,7852.0,score,1.75
task4,7853.0,score,1.77
task4,7854.0,score,1.77
task4,7855.0,score,1.77
task4,7856.0,score,1.78
task4,7857.0,score,1.79
task4,7858.0,score,1.79
task4,7859.0,score,1.79
task4,7860.0,score,1.8
task4,7861.0,score,1.81
task4,7862.0,score,1.86
task4,7863.0,score,1.81
task4,7864.0,score,1.83
task4,7865.0,score,1.83
task4,7866.0,score,1.84
task4,7867.0,score,1.82
task4,7868.0,score,1.81
task4,7869.0,score,1.75
task4,7870.0,score,1.76
task4,7871.0,score,1.74
task4,7872.0,score,1.75
task4,7873.0,score,1.74
task4,7874.0,score,1.72
task4,7875.0,score,1.71
task4,7876.0,score,1.72
task4,7877.0,score,1.77
task4,7878.0,score,1.78
task4,7879.0,score,1.78
task4,7880.0,score,1.8
task4,7881.0,score,1.79
task4,7882.0,score,1.79
task4,7883.0,score,1.77
task4,7884.0,score,1.84
task4,7885.0,score,1.84
task4,7886.0,score,1.83
task4,7887.0,score,1.83
task4,7888.0,score,1.82
task4,7889.0,score,1.89
task4,7890.0,score,1.89
task4,7891.0,score,1.9
task4,7892.0,score,1.93
task4,7893.0,score,1.91
task4,7894.0,score,1.84
task4,7895.0,score,1.84
task4,7896.0,score,1.85
task4,7897.0,score,1.84
task4,7898.0,score,1.82
task4,7899.0,score,1.84
task4,7900.0,score,1.84
task4,7901.0,score,1.84
task4,7902.0,score,1.82
task4,7903.0,score,1.8
task4,7904.0,score,1.83
task4,7905.0,score,1.82
task4,7906.0,score,1.83
task4,7907.0,score,1.81
task4,7908.0,score,1.81
task4,7909.0,score,1.9
task4,7910.0,score,1.88
task4,7911.0,score,1.88
task4,7912.0,score,1.85
task4,7913.0,score,1.86
task4,7914.0,score,1.89
task4,7915.0,score,1.93
task4,7916.0,score,1.95
task4,7917.0,score,1.93
task4,7918.0,score,1.94
task4,7919.0,score,1.96
task4,7920.0,score,2.02
task4,7921.0,score,2.0
task4,7922.0,score,2.01
task4,7923.0,score,2.01
task4,7924.0,score,2.01
task4,7925.0,score,1.93
task4,7926.0,score,1.97
task4,7927.0,score,1.95
task4,7928.0,score,1.93
task4,7929.0,score,1.92
task4,7930.0,score,1.9
task4,7931.0,score,1.91
task4,7932.0,score,1.92
task4,7933.0,score,1.94
task4,7934.0,score,1.96
task4,7935.0,score,1.97
task4,7936.0,score,1.94
task4,7937.0,score,1.94
task4,7938.0,score,1.92
task4,7939.0,score,1.91
task4,7940.0,score,1.9
task4,7941.0,score,1.93
task4,7942.0,score,1.95
task4,7943.0,score,1.93
task4,7944.0,score,1.94
task4,7945.0,score,1.94
task4,7946.0,score,1.95
task4,7947.0,score,1.96
task4,7948.0,score,1.95
task4,7949.0,score,1.97
task4,7950.0,score,1.89
task4,7951.0,score,1.91
task4,7952.0,score,1.91
task4,7953.0,score,1.89
task4,7954.0,score,1.9
task4,7955.0,score,1.92
task4,7956.0,score,1.93
task4,7957.0,score,1.91
task4,7958.0,score,1.92
task4,7959.0,score,1.99
task4,7960.0,score,1.98
task4,7961.0,score,1.97
task4,7962.0,score,1.92
task4,7963.0,score,1.97
task4,7964.0,score,1.95
task4,7965.0,score,1.98
task4,7966.0,score,1.95
task4,7967.0,score,1.97
task4,7968.0,score,2.0
task4,7969.0,score,2.01
task4,7970.0,score,2.01
task4,7971.0,score,1.99
task4,7972.0,score,1.98
task4,7973.0,score,1.99
task4,7974.0,score,1.99
task4,7975.0,score,1.99
task4,7976.0,score,1.97
task4,7977.0,score,1.94
task4,7978.0,score,1.94
task4,7979.0,score,1.92
task4,7980.0,score,1.92
task4,7981.0,score,1.94
task4,7982.0,score,1.94
task4,7983.0,score,1.96
task4,7984.0,score,1.9
task4,7985.0,score,1.88
task4,7986.0,score,1.92
task4,7987.0,score,1.91
task4,7988.0,score,1.92
task4,7989.0,score,1.84
task4,7990.0,score,1.85
task4,7991.0,score,1.83
task4,7992.0,score,1.83
task4,7993.0,score,1.84
task4,7994.0,score,1.84
task4,7995.0,score,1.85
task4,7996.0,score,1.86
task4,7997.0,score,1.86
task4,7998.0,score,1.86
task4,7999.0,score,1.8
task4,8000.0,score,1.78
task4,8001.0,score,1.78
task4,8002.0,score,1.76
task4,8003.0,score,1.8
task4,8004.0,score,1.78
task4,8005.0,score,1.79
task4,8006.0,score,1.77
task4,8007.0,score,1.78
task4,8008.0,score,1.77
task4,8009.0,score,1.7
task4,8010.0,score,1.7
task4,8011.0,score,1.71
task4,8012.0,score,1.72
task4,8013.0,score,1.73
task4,8014.0,score,1.7
task4,8015.0,score,1.67
task4,8016.0,score,1.66
task4,8017.0,score,1.68
task4,8018.0,score,1.68
task4,8019.0,score,1.69
task4,8020.0,score,1.65
task4,8021.0,score,1.65
task4,8022.0,score,1.65
task4,8023.0,score,1.7
task4,8024.0,score,1.7
task4,8025.0,score,1.71
task4,8026.0,score,1.69
task4,8027.0,score,1.71
task4,8028.0,score,1.77
task4,8029.0,score,1.77
task4,8030.0,score,1.79
task4,8031.0,score,1.78
task4,8032.0,score,1.8
task4,8033.0,score,1.77
task4,8034.0,score,1.77
task4,8035.0,score,1.78
task4,8036.0,score,1.77
task4,8037.0,score,1.81
task4,8038.0,score,1.82
task4,8039.0,score,1.84
task4,8040.0,score,1.89
task4,8041.0,score,1.87
task4,8042.0,score,1.83
task4,8043.0,score,1.83
task4,8044.0,score,1.84
task4,8045.0,score,1.83
task4,8046.0,score,1.76
task4,8047.0,score,1.77
task4,8048.0,score,1.75
task4,8049.0,score,1.72
task4,8050.0,score,1.73
task4,8051.0,score,1.71
task4,8052.0,score,1.72
task4,8053.0,score,1.74
task4,8054.0,score,1.73
task4,8055.0,score,1.71
task4,8056.0,score,1.79
task4,8057.0,score,1.81
task4,8058.0,score,1.83
task4,8059.0,score,1.77
task4,8060.0,score,1.81
task4,8061.0,score,1.81
task4,8062.0,score,1.86
task4,8063.0,score,1.8
task4,8064.0,score,1.79
task4,8065.0,score,1.77
task4,8066.0,score,1.78
task4,8067.0,score,1.76
task4,8068.0,score,1.7
task4,8069.0,score,1.69
task4,8070.0,score,1.68
task4,8071.0,score,1.69
task4,8072.0,score,1.68
task4,8073.0,score,1.68
task4,8074.0,score,1.69
task4,8075.0,score,1.71
task4,8076.0,score,1.71
task4,8077.0,score,1.74
task4,8078.0,score,1.72
task4,8079.0,score,1.74
task4,8080.0,score,1.72
task4,8081.0,score,1.73
task4,8082.0,score,1.73
task4,8083.0,score,1.73
task4,8084.0,score,1.75
task4,8085.0,score,1.77
task4,8086.0,score,1.79
task4,8087.0,score,1.78
task4,8088.0,score,1.79
task4,8089.0,score,1.8
task4,8090.0,score,1.81
task4,8091.0,score,1.84
task4,8092.0,score,1.81
task4,8093.0,score,1.83
task4,8094.0,score,1.85
task4,8095.0,score,1.84
task4,8096.0,score,1.81
task4,8097.0,score,1.84
task4,8098.0,score,1.88
task4,8099.0,score,1.88
task4,8100.0,score,1.95
task4,8101.0,score,1.99
task4,8102.0,score,2.01
task4,8103.0,score,1.98
task4,8104.0,score,1.96
task4,8105.0,score,1.96
task4,8106.0,score,2.01
task4,8107.0,score,2.01
task4,8108.0,score,2.0
task4,8109.0,score,2.0
task4,8110.0,score,2.03
task4,8111.0,score,2.02
task4,8112.0,score,2.01
task4,8113.0,score,2.0
task4,8114.0,score,2.03
task4,8115.0,score,2.07
task4,8116.0,score,2.08
task4,8117.0,score,2.07
task4,8118.0,score,2.09
task4,8119.0,score,2.06
task4,8120.0,score,2.05
task4,8121.0,score,2.08
task4,8122.0,score,2.09
task4,8123.0,score,2.01
task4,8124.0,score,2.02
task4,8125.0,score,2.0
task4,8126.0,score,1.98
task4,8127.0,score,1.97
task4,8128.0,score,1.93
task4,8129.0,score,1.94
task4,8130.0,score,1.93
task4,8131.0,score,1.94
task4,8132.0,score,1.91
task4,8133.0,score,1.94
task4,8134.0,score,1.93
task4,8135.0,score,1.92
task4,8136.0,score,1.92
task4,8137.0,score,1.91
task4,8138.0,score,1.9
task4,8139.0,score,1.89
task4,8140.0,score,1.85
task4,8141.0,score,1.84
task4,8142.0,score,1.85
task4,8143.0,score,1.83
task4,8144.0,score,1.82
task4,8145.0,score,1.82
task4,8146.0,score,1.83
task4,8147.0,score,1.81
task4,8148.0,score,1.82
task4,8149.0,score,1.81
task4,8150.0,score,1.85
task4,8151.0,score,1.86
task4,8152.0,score,1.88
task4,8153.0,score,1.86
task4,8154.0,score,1.85
task4,8155.0,score,1.86
task4,8156.0,score,1.76
task4,8157.0,score,1.74
task4,8158.0,score,1.73
task4,8159.0,score,1.72
task4,8160.0,score,1.65
task4,8161.0,score,1.68
task4,8162.0,score,1.67
task4,8163.0,score,1.73
task4,8164.0,score,1.75
task4,8165.0,score,1.74
task4,8166.0,score,1.76
task4,8167.0,score,1.77
task4,8168.0,score,1.77
task4,8169.0,score,1.8
task4,8170.0,score,1.79
task4,8171.0,score,1.77
task4,8172.0,score,1.79
task4,8173.0,score,1.78
task4,8174.0,score,1.8
task4,8175.0,score,1.77
task4,8176.0,score,1.75
task4,8177.0,score,1.71
task4,8178.0,score,1.71
task4,8179.0,score,1.7
task4,8180.0,score,1.72
task4,8181.0,score,1.69
task4,8182.0,score,1.68
task4,8183.0,score,1.68
task4,8184.0,score,1.68
task4,8185.0,score,1.67
task4,8186.0,score,1.64
task4,8187.0,score,1.66
task4,8188.0,score,1.65
task4,8189.0,score,1.67
task4,8190.0,score,1.65
task4,8191.0,score,1.65
task4,8192.0,score,1.66
task4,8193.0,score,1.65
task4,8194.0,score,1.66
task4,8195.0,score,1.65
task4,8196.0,score,1.71
task4,8197.0,score,1.72
task4,8198.0,score,1.72
task4,8199.0,score,1.75
task4,8200.0,score,1.71
task4,8201.0,score,1.67
task4,8202.0,score,1.68
task4,8203.0,score,1.68
task4,8204.0,score,1.7
task4,8205.0,score,1.7
task4,8206.0,score,1.64
task4,8207.0,score,1.62
task4,8208.0,score,1.65
task4,8209.0,score,1.66
task4,8210.0,score,1.67
task4,8211.0,score,1.67
task4,8212.0,score,1.69
task4,8213.0,score,1.72
task4,8214.0,score,1.72
task4,8215.0,score,1.67
task4,8216.0,score,1.65
task4,8217.0,score,1.64
task4,8218.0,score,1.6
task4,8219.0,score,1.61
task4,8220.0,score,1.61
task4,8221.0,score,1.58
task4,8222.0,score,1.59
task4,8223.0,score,1.59
task4,8224.0,score,1.6
task4,8225.0,score,1.63
task4,8226.0,score,1.65
task4,8227.0,score,1.64
task4,8228.0,score,1.66
task4,8229.0,score,1.64
task4,8230.0,score,1.62
task4,8231.0,score,1.61
task4,8232.0,score,1.64
task4,8233.0,score,1.6
task4,8234.0,score,1.6
task4,8235.0,score,1.62
task4,8236.0,score,1.63
task4,8237.0,score,1.61
task4,8238.0,score,1.63
task4,8239.0,score,1.63
task4,8240.0,score,1.63
task4,8241.0,score,1.64
task4,8242.0,score,1.67
task4,8243.0,score,1.74
task4,8244.0,score,1.74
task4,8245.0,score,1.74
task4,8246.0,score,1.76
task4,8247.0,score,1.76
task4,8248.0,score,1.75
task4,8249.0,score,1.81
task4,8250.0,score,1.78
task4,8251.0,score,1.8
task4,8252.0,score,1.78
task4,8253.0,score,1.8
task4,8254.0,score,1.81
task4,8255.0,score,1.82
task4,8256.0,score,1.84
task4,8257.0,score,1.85
task4,8258.0,score,1.83
task4,8259.0,score,1.84
task4,8260.0,score,1.86
task4,8261.0,score,1.84
task4,8262.0,score,1.82
task4,8263.0,score,1.79
task4,8264.0,score,1.76
task4,8265.0,score,1.77
task4,8266.0,score,1.76
task4,8267.0,score,1.76
task4,8268.0,score,1.79
task4,8269.0,score,1.78
task4,8270.0,score,1.78
task4,8271.0,score,1.83
task4,8272.0,score,1.81
task4,8273.0,score,1.81
task4,8274.0,score,1.78
task4,8275.0,score,1.8
task4,8276.0,score,1.83
task4,8277.0,score,1.85
task4,8278.0,score,1.85
task4,8279.0,score,1.85
task4,8280.0,score,1.84
task4,8281.0,score,1.84
task4,8282.0,score,1.84
task4,8283.0,score,1.82
task4,8284.0,score,1.8
task4,8285.0,score,1.8
task4,8286.0,score,1.78
task4,8287.0,score,1.78
task4,8288.0,score,1.86
task4,8289.0,score,1.83
task4,8290.0,score,1.82
task4,8291.0,score,1.8
task4,8292.0,score,1.79
task4,8293.0,score,1.79
task4,8294.0,score,1.76
task4,8295.0,score,1.78
task4,8296.0,score,1.73
task4,8297.0,score,1.72
task4,8298.0,score,1.69
task4,8299.0,score,1.69
task4,8300.0,score,1.73
task4,8301.0,score,1.74
task4,8302.0,score,1.71
task4,8303.0,score,1.7
task4,8304.0,score,1.74
task4,8305.0,score,1.72
task4,8306.0,score,1.73
task4,8307.0,score,1.75
task4,8308.0,score,1.75
task4,8309.0,score,1.73
task4,8310.0,score,1.78
task4,8311.0,score,1.79
task4,8312.0,score,1.79
task4,8313.0,score,1.75
task4,8314.0,score,1.74
task4,8315.0,score,1.74
task4,8316.0,score,1.77
task4,8317.0,score,1.79
task4,8318.0,score,1.85
task4,8319.0,score,1.86
task4,8320.0,score,1.84
task4,8321.0,score,1.84
task4,8322.0,score,1.81
task4,8323.0,score,1.84
task4,8324.0,score,1.83
task4,8325.0,score,1.81
task4,8326.0,score,1.8
task4,8327.0,score,1.8
task4,8328.0,score,1.76
task4,8329.0,score,1.77
task4,8330.0,score,1.77
task4,8331.0,score,1.76
task4,8332.0,score,1.73
task4,8333.0,score,1.73
task4,8334.0,score,1.72
task4,8335.0,score,1.7
task4,8336.0,score,1.69
task4,8337.0,score,1.68
task4,8338.0,score,1.69
task4,8339.0,score,1.68
task4,8340.0,score,1.68
task4,8341.0,score,1.67
task4,8342.0,score,1.66
task4,8343.0,score,1.61
task4,8344.0,score,1.61
task4,8345.0,score,1.66
task4,8346.0,score,1.67
task4,8347.0,score,1.69
task4,8348.0,score,1.7
task4,8349.0,score,1.66
task4,8350.0,score,1.66
task4,8351.0,score,1.63
task4,8352.0,score,1.63
task4,8353.0,score,1.6
task4,8354.0,score,1.58
task4,8355.0,score,1.59
task4,8356.0,score,1.57
task4,8357.0,score,1.58
task4,8358.0,score,1.58
task4,8359.0,score,1.57
task4,8360.0,score,1.55
task4,8361.0,score,1.55
task4,8362.0,score,1.53
task4,8363.0,score,1.53
task4,8364.0,score,1.59
task4,8365.0,score,1.6
task4,8366.0,score,1.6
task4,8367.0,score,1.6
task4,8368.0,score,1.58
task4,8369.0,score,1.6
task4,8370.0,score,1.62
task4,8371.0,score,1.59
task4,8372.0,score,1.59
task4,8373.0,score,1.59
task4,8374.0,score,1.62
task4,8375.0,score,1.62
task4,8376.0,score,1.6
task4,8377.0,score,1.57
task4,8378.0,score,1.58
task4,8379.0,score,1.62
task4,8380.0,score,1.62
task4,8381.0,score,1.64
task4,8382.0,score,1.65
task4,8383.0,score,1.65
task4,8384.0,score,1.64
task4,8385.0,score,1.64
task4,8386.0,score,1.64
task4,8387.0,score,1.65
task4,8388.0,score,1.59
task4,8389.0,score,1.6
task4,8390.0,score,1.6
task4,8391.0,score,1.62
task4,8392.0,score,1.65
task4,8393.0,score,1.65
task4,8394.0,score,1.67
task4,8395.0,score,1.65
task4,8396.0,score,1.65
task4,8397.0,score,1.61
task4,8398.0,score,1.63
task4,8399.0,score,1.61
task4,8400.0,score,1.55
task4,8401.0,score,1.54
task4,8402.0,score,1.54
task4,8403.0,score,1.55
task4,8404.0,score,1.49
task4,8405.0,score,1.57
task4,8406.0,score,1.58
task4,8407.0,score,1.57
task4,8408.0,score,1.56
task4,8409.0,score,1.55
task4,8410.0,score,1.47
task4,8411.0,score,1.46
task4,8412.0,score,1.46
task4,8413.0,score,1.48
task4,8414.0,score,1.49
task4,8415.0,score,1.52
task4,8416.0,score,1.49
task4,8417.0,score,1.5
task4,8418.0,score,1.47
task4,8419.0,score,1.46
task4,8420.0,score,1.46
task4,8421.0,score,1.48
task4,8422.0,score,1.5
task4,8423.0,score,1.48
task4,8424.0,score,1.47
task4,8425.0,score,1.48
task4,8426.0,score,1.5
task4,8427.0,score,1.52
task4,8428.0,score,1.53
task4,8429.0,score,1.51
task4,8430.0,score,1.51
task4,8431.0,score,1.53
task4,8432.0,score,1.56
task4,8433.0,score,1.58
task4,8434.0,score,1.6
task4,8435.0,score,1.59
task4,8436.0,score,1.59
task4,8437.0,score,1.59
task4,8438.0,score,1.58
task4,8439.0,score,1.59
task4,8440.0,score,1.61
task4,8441.0,score,1.63
task4,8442.0,score,1.62
task4,8443.0,score,1.6
task4,8444.0,score,1.64
task4,8445.0,score,1.61
task4,8446.0,score,1.64
task4,8447.0,score,1.61
task4,8448.0,score,1.61
task4,8449.0,score,1.59
task4,8450.0,score,1.59
task4,8451.0,score,1.6
task4,8452.0,score,1.63
task4,8453.0,score,1.65
task4,8454.0,score,1.65
task4,8455.0,score,1.65
task4,8456.0,score,1.66
task4,8457.0,score,1.64
task4,8458.0,score,1.67
task4,8459.0,score,1.67
task4,8460.0,score,1.67
task4,8461.0,score,1.67
task4,8462.0,score,1.68
task4,8463.0,score,1.65
task4,8464.0,score,1.6
task4,8465.0,score,1.58
task4,8466.0,score,1.59
task4,8467.0,score,1.59
task4,8468.0,score,1.6
task4,8469.0,score,1.63
task4,8470.0,score,1.63
task4,8471.0,score,1.64
task4,8472.0,score,1.71
task4,8473.0,score,1.76
task4,8474.0,score,1.75
task4,8475.0,score,1.75
task4,8476.0,score,1.77
task4,8477.0,score,1.77
task4,8478.0,score,1.75
task4,8479.0,score,1.72
task4,8480.0,score,1.76
task4,8481.0,score,1.74
task4,8482.0,score,1.75
task4,8483.0,score,1.83
task4,8484.0,score,1.85
task4,8485.0,score,1.86
task4,8486.0,score,1.87
task4,8487.0,score,1.87
task4,8488.0,score,1.86
task4,8489.0,score,1.89
task4,8490.0,score,1.9
task4,8491.0,score,1.88
task4,8492.0,score,1.87
task4,8493.0,score,1.85
task4,8494.0,score,1.92
task4,8495.0,score,2.0
task4,8496.0,score,2.01
task4,8497.0,score,2.01
task4,8498.0,score,1.99
task4,8499.0,score,2.01
task4,8500.0,score,2.02
task4,8501.0,score,2.04
task4,8502.0,score,2.04
task4,8503.0,score,2.04
task4,8504.0,score,2.06
task4,8505.0,score,1.98
task4,8506.0,score,2.05
task4,8507.0,score,2.08
task4,8508.0,score,2.09
task4,8509.0,score,2.11
task4,8510.0,score,2.12
task4,8511.0,score,2.14
task4,8512.0,score,2.12
task4,8513.0,score,2.11
task4,8514.0,score,2.09
task4,8515.0,score,2.06
task4,8516.0,score,2.08
task4,8517.0,score,2.08
task4,8518.0,score,2.1
task4,8519.0,score,2.12
task4,8520.0,score,2.13
task4,8521.0,score,2.11
task4,8522.0,score,2.11
task4,8523.0,score,2.12
task4,8524.0,score,2.12
task4,8525.0,score,2.1
task4,8526.0,score,2.09
task4,8527.0,score,2.09
task4,8528.0,score,2.12
task4,8529.0,score,2.17
task4,8530.0,score,2.19
task4,8531.0,score,2.2
task4,8532.0,score,2.19
task4,8533.0,score,2.19
task4,8534.0,score,2.17
task4,8535.0,score,2.17
task4,8536.0,score,2.17
task4,8537.0,score,2.19
task4,8538.0,score,2.23
task4,8539.0,score,2.23
task4,8540.0,score,2.2
task4,8541.0,score,2.2
task4,8542.0,score,2.2
task4,8543.0,score,2.2
task4,8544.0,score,2.18
task4,8545.0,score,2.18
task4,8546.0,score,2.12
task4,8547.0,score,2.13
task4,8548.0,score,2.17
task4,8549.0,score,2.17
task4,8550.0,score,2.17
task4,8551.0,score,2.16
task4,8552.0,score,2.12
task4,8553.0,score,2.1
task4,8554.0,score,2.13
task4,8555.0,score,2.1
task4,8556.0,score,2.13
task4,8557.0,score,2.2
task4,8558.0,score,2.18
task4,8559.0,score,2.17
task4,8560.0,score,2.18
task4,8561.0,score,2.18
task4,8562.0,score,2.18
task4,8563.0,score,2.19
task4,8564.0,score,2.2
task4,8565.0,score,2.18
task4,8566.0,score,2.16
task4,8567.0,score,2.21
task4,8568.0,score,2.2
task4,8569.0,score,2.13
task4,8570.0,score,2.12
task4,8571.0,score,2.11
task4,8572.0,score,2.04
task4,8573.0,score,2.01
task4,8574.0,score,2.06
task4,8575.0,score,2.06
task4,8576.0,score,2.11
task4,8577.0,score,2.11
task4,8578.0,score,2.13
task4,8579.0,score,2.13
task4,8580.0,score,2.08
task4,8581.0,score,2.08
task4,8582.0,score,2.09
task4,8583.0,score,2.02
task4,8584.0,score,2.03
task4,8585.0,score,2.01
task4,8586.0,score,2.0
task4,8587.0,score,1.98
task4,8588.0,score,1.97
task4,8589.0,score,1.93
task4,8590.0,score,1.94
task4,8591.0,score,1.93
task4,8592.0,score,1.94
task4,8593.0,score,1.97
task4,8594.0,score,1.89
task4,8595.0,score,1.83
task4,8596.0,score,1.83
task4,8597.0,score,1.87
task4,8598.0,score,1.88
task4,8599.0,score,1.88
task4,8600.0,score,1.88
task4,8601.0,score,1.87
task4,8602.0,score,1.89
task4,8603.0,score,1.9
task4,8604.0,score,1.91
task4,8605.0,score,1.91
task4,8606.0,score,1.83
task4,8607.0,score,1.8
task4,8608.0,score,1.77
task4,8609.0,score,1.76
task4,8610.0,score,1.75
task4,8611.0,score,1.75
task4,8612.0,score,1.75
task4,8613.0,score,1.77
task4,8614.0,score,1.78
task4,8615.0,score,1.8
task4,8616.0,score,1.8
task4,8617.0,score,1.78
task4,8618.0,score,1.76
task4,8619.0,score,1.74
task4,8620.0,score,1.74
task4,8621.0,score,1.77
task4,8622.0,score,1.75
task4,8623.0,score,1.74
task4,8624.0,score,1.77
task4,8625.0,score,1.77
task4,8626.0,score,1.76
task4,8627.0,score,1.75
task4,8628.0,score,1.71
task4,8629.0,score,1.73
task4,8630.0,score,1.72
task4,8631.0,score,1.72
task4,8632.0,score,1.78
task4,8633.0,score,1.79
task4,8634.0,score,1.87
task4,8635.0,score,1.89
task4,8636.0,score,1.89
task4,8637.0,score,1.86
task4,8638.0,score,1.81
task4,8639.0,score,1.86
task4,8640.0,score,1.86
task4,8641.0,score,1.84
task4,8642.0,score,1.82
task4,8643.0,score,1.83
task4,8644.0,score,1.79
task4,8645.0,score,1.79
task4,8646.0,score,1.78
task4,8647.0,score,1.8
task4,8648.0,score,1.78
task4,8649.0,score,1.78
task4,8650.0,score,1.8
task4,8651.0,score,1.81
task4,8652.0,score,1.83
task4,8653.0,score,1.84
task4,8654.0,score,1.81
task4,8655.0,score,1.85
task4,8656.0,score,1.82
task4,8657.0,score,1.81
task4,8658.0,score,1.8
task4,8659.0,score,1.92
task4,8660.0,score,1.91
task4,8661.0,score,1.92
task4,8662.0,score,1.92
task4,8663.0,score,1.93
task4,8664.0,score,1.92
task4,8665.0,score,1.94
task4,8666.0,score,1.94
task4,8667.0,score,1.9
task4,8668.0,score,1.91
task4,8669.0,score,2.01
task4,8670.0,score,2.0
task4,8671.0,score,1.99
task4,8672.0,score,1.99
task4,8673.0,score,1.98
task4,8674.0,score,1.91
task4,8675.0,score,2.0
task4,8676.0,score,1.96
task4,8677.0,score,1.97
task4,8678.0,score,2.01
task4,8679.0,score,1.99
task4,8680.0,score,2.0
task4,8681.0,score,2.02
task4,8682.0,score,2.0
task4,8683.0,score,2.01
task4,8684.0,score,2.0
task4,8685.0,score,2.02
task4,8686.0,score,2.03
task4,8687.0,score,2.03
task4,8688.0,score,2.03
task4,8689.0,score,2.04
task4,8690.0,score,2.04
task4,8691.0,score,2.1
task4,8692.0,score,2.07
task4,8693.0,score,2.06
task4,8694.0,score,2.09
task4,8695.0,score,2.08
task4,8696.0,score,2.09
task4,8697.0,score,2.08
task4,8698.0,score,2.06
task4,8699.0,score,2.03
task4,8700.0,score,2.01
task4,8701.0,score,2.02
task4,8702.0,score,2.03
task4,8703.0,score,2.03
task4,8704.0,score,2.01
task4,8705.0,score,2.01
task4,8706.0,score,2.05
task4,8707.0,score,2.06
task4,8708.0,score,2.08
task4,8709.0,score,2.07
task4,8710.0,score,2.07
task4,8711.0,score,2.07
task4,8712.0,score,2.07
task4,8713.0,score,2.04
task4,8714.0,score,2.05
task4,8715.0,score,2.06
task4,8716.0,score,2.07
task4,8717.0,score,2.07
task4,8718.0,score,2.06
task4,8719.0,score,2.1
task4,8720.0,score,2.11
task4,8721.0,score,2.09
task4,8722.0,score,2.09
task4,8723.0,score,2.1
task4,8724.0,score,2.11
task4,8725.0,score,2.13
task4,8726.0,score,2.15
task4,8727.0,score,2.14
task4,8728.0,score,2.16
task4,8729.0,score,2.1
task4,8730.0,score,2.12
task4,8731.0,score,2.14
task4,8732.0,score,2.06
task4,8733.0,score,2.03
task4,8734.0,score,1.98
task4,8735.0,score,1.99
task4,8736.0,score,1.99
task4,8737.0,score,2.0
task4,8738.0,score,1.99
task4,8739.0,score,1.93
task4,8740.0,score,1.93
task4,8741.0,score,1.98
task4,8742.0,score,2.0
task4,8743.0,score,1.99
task4,8744.0,score,2.02
task4,8745.0,score,2.03
task4,8746.0,score,2.04
task4,8747.0,score,2.03
task4,8748.0,score,2.02
task4,8749.0,score,2.02
task4,8750.0,score,2.01
task4,8751.0,score,2.02
task4,8752.0,score,2.0
task4,8753.0,score,2.02
task4,8754.0,score,2.04
task4,8755.0,score,2.01
task4,8756.0,score,2.02
task4,8757.0,score,1.96
task4,8758.0,score,1.97
task4,8759.0,score,1.88
task4,8760.0,score,1.88
task4,8761.0,score,1.89
task4,8762.0,score,1.9
task4,8763.0,score,1.89
task4,8764.0,score,1.88
task4,8765.0,score,1.9
task4,8766.0,score,1.89
task4,8767.0,score,1.95
task4,8768.0,score,1.94
task4,8769.0,score,1.86
task4,8770.0,score,1.89
task4,8771.0,score,1.9
task4,8772.0,score,1.92
task4,8773.0,score,1.96
task4,8774.0,score,1.97
task4,8775.0,score,1.87
task4,8776.0,score,1.85
task4,8777.0,score,1.86
task4,8778.0,score,1.83
task4,8779.0,score,1.84
task4,8780.0,score,1.84
task4,8781.0,score,1.82
task4,8782.0,score,1.84
task4,8783.0,score,1.87
task4,8784.0,score,1.87
task4,8785.0,score,1.86
task4,8786.0,score,1.9
task4,8787.0,score,1.91
task4,8788.0,score,1.95
task4,8789.0,score,1.94
task4,8790.0,score,1.94
task4,8791.0,score,1.9
task4,8792.0,score,1.91
task4,8793.0,score,1.9
task4,8794.0,score,1.87
task4,8795.0,score,1.89
task4,8796.0,score,1.91
task4,8797.0,score,1.89
task4,8798.0,score,1.9
task4,8799.0,score,1.94
task4,8800.0,score,2.02
task4,8801.0,score,2.01
task4,8802.0,score,2.0
task4,8803.0,score,1.98
task4,8804.0,score,1.97
task4,8805.0,score,2.0
task4,8806.0,score,1.97
task4,8807.0,score,1.96
task4,8808.0,score,2.03
task4,8809.0,score,2.03
task4,8810.0,score,2.02
task4,8811.0,score,2.01
task4,8812.0,score,2.06
task4,8813.0,score,2.06
task4,8814.0,score,2.03
task4,8815.0,score,2.03
task4,8816.0,score,2.01
task4,8817.0,score,2.01
task4,8818.0,score,1.99
task4,8819.0,score,1.96
task4,8820.0,score,1.97
task4,8821.0,score,1.96
task4,8822.0,score,1.96
task4,8823.0,score,1.94
task4,8824.0,score,1.92
task4,8825.0,score,1.9
task4,8826.0,score,1.88
task4,8827.0,score,1.91
task4,8828.0,score,1.9
task4,8829.0,score,1.91
task4,8830.0,score,1.9
task4,8831.0,score,1.86
task4,8832.0,score,1.87
task4,8833.0,score,1.87
task4,8834.0,score,1.84
task4,8835.0,score,1.84
task4,8836.0,score,1.85
task4,8837.0,score,1.86
task4,8838.0,score,1.89
task4,8839.0,score,1.9
task4,8840.0,score,1.92
task4,8841.0,score,1.88
task4,8842.0,score,1.86
task4,8843.0,score,1.9
task4,8844.0,score,1.87
task4,8845.0,score,1.89
task4,8846.0,score,1.88
task4,8847.0,score,1.87
task4,8848.0,score,1.87
task4,8849.0,score,1.87
task4,8850.0,score,1.86
task4,8851.0,score,1.86
task4,8852.0,score,1.87
task4,8853.0,score,1.84
task4,8854.0,score,1.82
task4,8855.0,score,1.81
task4,8856.0,score,1.83
task4,8857.0,score,1.87
task4,8858.0,score,1.86
task4,8859.0,score,1.86
task4,8860.0,score,1.89
task4,8861.0,score,1.86
task4,8862.0,score,1.86
task4,8863.0,score,1.88
task4,8864.0,score,1.9
task4,8865.0,score,1.87
task4,8866.0,score,1.87
task4,8867.0,score,1.81
task4,8868.0,score,1.82
task4,8869.0,score,1.84
task4,8870.0,score,1.84
task4,8871.0,score,1.82
task4,8872.0,score,1.81
task4,8873.0,score,1.85
task4,8874.0,score,1.85
task4,8875.0,score,1.84
task4,8876.0,score,1.82
task4,8877.0,score,1.82
task4,8878.0,score,1.79
task4,8879.0,score,1.78
task4,8880.0,score,1.8
task4,8881.0,score,1.83
task4,8882.0,score,1.83
task4,8883.0,score,1.79
task4,8884.0,score,1.78
task4,8885.0,score,1.77
task4,8886.0,score,1.72
task4,8887.0,score,1.74
task4,8888.0,score,1.69
task4,8889.0,score,1.74
task4,8890.0,score,1.78
task4,8891.0,score,1.76
task4,8892.0,score,1.77
task4,8893.0,score,1.77
task4,8894.0,score,1.77
task4,8895.0,score,1.77
task4,8896.0,score,1.72
task4,8897.0,score,1.72
task4,8898.0,score,1.74
task4,8899.0,score,1.71
task4,8900.0,score,1.65
task4,8901.0,score,1.66
task4,8902.0,score,1.65
task4,8903.0,score,1.67
task4,8904.0,score,1.7
task4,8905.0,score,1.66
task4,8906.0,score,1.64
task4,8907.0,score,1.65
task4,8908.0,score,1.63
task4,8909.0,score,1.65
task4,8910.0,score,1.67
task4,8911.0,score,1.66
task4,8912.0,score,1.61
task4,8913.0,score,1.64
task4,8914.0,score,1.66
task4,8915.0,score,1.69
task4,8916.0,score,1.68
task4,8917.0,score,1.7
task4,8918.0,score,1.72
task4,8919.0,score,1.72
task4,8920.0,score,1.7
task4,8921.0,score,1.71
task4,8922.0,score,1.71
task4,8923.0,score,1.72
task4,8924.0,score,1.7
task4,8925.0,score,1.71
task4,8926.0,score,1.7
task4,8927.0,score,1.76
task4,8928.0,score,1.78
task4,8929.0,score,1.79
task4,8930.0,score,1.79
task4,8931.0,score,1.8
task4,8932.0,score,1.8
task4,8933.0,score,1.85
task4,8934.0,score,1.89
task4,8935.0,score,1.87
task4,8936.0,score,1.87
task4,8937.0,score,1.86
task4,8938.0,score,1.85
task4,8939.0,score,1.84
task4,8940.0,score,1.85
task4,8941.0,score,1.85
task4,8942.0,score,1.85
task4,8943.0,score,1.82
task4,8944.0,score,1.83
task4,8945.0,score,1.78
task4,8946.0,score,1.82
task4,8947.0,score,1.82
task4,8948.0,score,1.83
task4,8949.0,score,1.85
task4,8950.0,score,1.84
task4,8951.0,score,1.83
task4,8952.0,score,1.88
task4,8953.0,score,1.89
task4,8954.0,score,1.91
task4,8955.0,score,1.92
task4,8956.0,score,1.88
task4,8957.0,score,1.86
task4,8958.0,score,1.88
task4,8959.0,score,1.87
task4,8960.0,score,1.85
task4,8961.0,score,1.86
task4,8962.0,score,1.85
task4,8963.0,score,1.88
task4,8964.0,score,1.89
task4,8965.0,score,1.95
task4,8966.0,score,1.99
task4,8967.0,score,1.97
task4,8968.0,score,1.98
task4,8969.0,score,1.94
task4,8970.0,score,1.91
task4,8971.0,score,1.94
task4,8972.0,score,1.94
task4,8973.0,score,1.85
task4,8974.0,score,1.86
task4,8975.0,score,1.88
task4,8976.0,score,1.9
task4,8977.0,score,1.91
task4,8978.0,score,1.97
task4,8979.0,score,2.0
task4,8980.0,score,1.97
task4,8981.0,score,1.96
task4,8982.0,score,1.93
task4,8983.0,score,1.94
task4,8984.0,score,1.93
task4,8985.0,score,1.98
task4,8986.0,score,1.98
task4,8987.0,score,1.94
task4,8988.0,score,1.94
task4,8989.0,score,1.89
task4,8990.0,score,1.85
task4,8991.0,score,1.87
task4,8992.0,score,1.88
task4,8993.0,score,1.87
task4,8994.0,score,1.86
task4,8995.0,score,1.86
task4,8996.0,score,1.91
task4,8997.0,score,1.93
task4,8998.0,score,1.9
task4,8999.0,score,1.89
task4,9000.0,score,1.88
task4,9001.0,score,1.92
task4,9002.0,score,1.94
task4,9003.0,score,1.93
task4,9004.0,score,1.98
task4,9005.0,score,1.98
task4,9006.0,score,1.99
task4,9007.0,score,2.04
task4,9008.0,score,1.97
task4,9009.0,score,1.96
task4,9010.0,score,1.94
task4,9011.0,score,1.99
task4,9012.0,score,2.04
task4,9013.0,score,2.03
task4,9014.0,score,2.04
task4,9015.0,score,2.05
task4,9016.0,score,2.05
task4,9017.0,score,2.06
task4,9018.0,score,2.04
task4,9019.0,score,2.02
task4,9020.0,score,2.02
task4,9021.0,score,2.02
task4,9022.0,score,2.04
task4,9023.0,score,2.04
task4,9024.0,score,2.04
task4,9025.0,score,2.04
task4,9026.0,score,2.06
task4,9027.0,score,1.98
task4,9028.0,score,1.95
task4,9029.0,score,1.94
task4,9030.0,score,1.94
task4,9031.0,score,1.95
task4,9032.0,score,1.97
task4,9033.0,score,1.92
task4,9034.0,score,1.9
task4,9035.0,score,1.89
task4,9036.0,score,1.94
task4,9037.0,score,1.94
task4,9038.0,score,1.95
task4,9039.0,score,1.98
task4,9040.0,score,1.98
task4,9041.0,score,1.98
task4,9042.0,score,1.99
task4,9043.0,score,1.99
task4,9044.0,score,1.98
task4,9045.0,score,1.99
task4,9046.0,score,1.95
task4,9047.0,score,1.96
task4,9048.0,score,1.96
task4,9049.0,score,1.94
task4,9050.0,score,1.98
task4,9051.0,score,1.99
task4,9052.0,score,1.93
task4,9053.0,score,1.94
task4,9054.0,score,1.94
task4,9055.0,score,1.95
task4,9056.0,score,1.95
task4,9057.0,score,1.94
task4,9058.0,score,1.94
task4,9059.0,score,2.0
task4,9060.0,score,1.99
task4,9061.0,score,2.0
task4,9062.0,score,2.01
task4,9063.0,score,1.97
task4,9064.0,score,2.02
task4,9065.0,score,1.97
task4,9066.0,score,1.96
task4,9067.0,score,1.98
task4,9068.0,score,1.96
task4,9069.0,score,1.98
task4,9070.0,score,1.98
task4,9071.0,score,1.98
task4,9072.0,score,1.98
task4,9073.0,score,1.99
task4,9074.0,score,1.98
task4,9075.0,score,1.96
task4,9076.0,score,1.96
task4,9077.0,score,1.94
task4,9078.0,score,1.88
task4,9079.0,score,1.92
task4,9080.0,score,1.94
task4,9081.0,score,1.98
task4,9082.0,score,1.99
task4,9083.0,score,2.0
task4,9084.0,score,2.03
task4,9085.0,score,1.98
task4,9086.0,score,1.98
task4,9087.0,score,1.99
task4,9088.0,score,1.99
task4,9089.0,score,1.99
task4,9090.0,score,1.98
task4,9091.0,score,2.0
task4,9092.0,score,1.97
task4,9093.0,score,1.97
task4,9094.0,score,1.98
task4,9095.0,score,2.03
task4,9096.0,score,2.02
task4,9097.0,score,2.01
task4,9098.0,score,2.02
task4,9099.0,score,2.02
task4,9100.0,score,2.01
task4,9101.0,score,2.0
task4,9102.0,score,1.98
task4,9103.0,score,1.97
task4,9104.0,score,1.89
task4,9105.0,score,1.9
task4,9106.0,score,1.96
task4,9107.0,score,1.89
task4,9108.0,score,1.89
task4,9109.0,score,1.9
task4,9110.0,score,1.93
task4,9111.0,score,1.9
task4,9112.0,score,1.87
task4,9113.0,score,1.87
task4,9114.0,score,1.87
task4,9115.0,score,1.82
task4,9116.0,score,1.86
task4,9117.0,score,1.82
task4,9118.0,score,1.82
task4,9119.0,score,1.84
task4,9120.0,score,1.85
task4,9121.0,score,1.88
task4,9122.0,score,1.88
task4,9123.0,score,1.93
task4,9124.0,score,1.94
task4,9125.0,score,1.95
task4,9126.0,score,1.94
task4,9127.0,score,1.93
task4,9128.0,score,1.96
task4,9129.0,score,1.96
task4,9130.0,score,1.94
task4,9131.0,score,1.99
task4,9132.0,score,1.97
task4,9133.0,score,1.99
task4,9134.0,score,1.97
task4,9135.0,score,1.97
task4,9136.0,score,1.94
task4,9137.0,score,1.96
task4,9138.0,score,1.96
task4,9139.0,score,1.93
task4,9140.0,score,1.9
task4,9141.0,score,1.91
task4,9142.0,score,1.9
task4,9143.0,score,1.91
task4,9144.0,score,1.98
task4,9145.0,score,1.97
task4,9146.0,score,1.97
task4,9147.0,score,1.96
task4,9148.0,score,1.93
task4,9149.0,score,1.95
task4,9150.0,score,1.91
task4,9151.0,score,1.91
task4,9152.0,score,1.91
task4,9153.0,score,1.91
task4,9154.0,score,1.9
task4,9155.0,score,1.91
task4,9156.0,score,1.93
task4,9157.0,score,1.92
task4,9158.0,score,1.93
task4,9159.0,score,1.94
task4,9160.0,score,1.96
task4,9161.0,score,1.96
task4,9162.0,score,1.94
task4,9163.0,score,1.93
task4,9164.0,score,1.87
task4,9165.0,score,1.85
task4,9166.0,score,1.82
task4,9167.0,score,1.82
task4,9168.0,score,1.87
task4,9169.0,score,1.88
task4,9170.0,score,1.92
task4,9171.0,score,1.9
task4,9172.0,score,1.89
task4,9173.0,score,1.9
task4,9174.0,score,1.9
task4,9175.0,score,1.91
task4,9176.0,score,1.92
task4,9177.0,score,1.94
task4,9178.0,score,1.99
task4,9179.0,score,1.95
task4,9180.0,score,1.98
task4,9181.0,score,1.93
task4,9182.0,score,1.93
task4,9183.0,score,1.94
task4,9184.0,score,1.92
task4,9185.0,score,1.93
task4,9186.0,score,1.92
task4,9187.0,score,1.93
task4,9188.0,score,1.94
task4,9189.0,score,1.95
task4,9190.0,score,1.95
task4,9191.0,score,1.93
task4,9192.0,score,1.94
task4,9193.0,score,2.0
task4,9194.0,score,2.0
task4,9195.0,score,1.93
task4,9196.0,score,1.89
task4,9197.0,score,1.88
task4,9198.0,score,1.89
task4,9199.0,score,1.91
task4,9200.0,score,1.92
task4,9201.0,score,1.89
task4,9202.0,score,1.89
task4,9203.0,score,1.91
task4,9204.0,score,1.92
task4,9205.0,score,1.94
task4,9206.0,score,1.9
task4,9207.0,score,1.9
task4,9208.0,score,1.91
task4,9209.0,score,1.92
task4,9210.0,score,1.91
task4,9211.0,score,1.89
task4,9212.0,score,1.95
task4,9213.0,score,1.94
task4,9214.0,score,1.93
task4,9215.0,score,1.92
task4,9216.0,score,1.92
task4,9217.0,score,1.92
task4,9218.0,score,1.93
task4,9219.0,score,1.93
task4,9220.0,score,1.92
task4,9221.0,score,1.88
task4,9222.0,score,1.86
task4,9223.0,score,1.82
task4,9224.0,score,1.83
task4,9225.0,score,1.85
task4,9226.0,score,1.84
task4,9227.0,score,1.88
task4,9228.0,score,1.93
task4,9229.0,score,1.91
task4,9230.0,score,1.94
task4,9231.0,score,1.88
task4,9232.0,score,1.94
task4,9233.0,score,1.94
task4,9234.0,score,1.96
task4,9235.0,score,1.96
task4,9236.0,score,2.0
task4,9237.0,score,1.99
task4,9238.0,score,1.97
task4,9239.0,score,2.01
task4,9240.0,score,2.01
task4,9241.0,score,2.07
task4,9242.0,score,2.09
task4,9243.0,score,2.08
task4,9244.0,score,2.02
task4,9245.0,score,2.05
task4,9246.0,score,2.06
task4,9247.0,score,2.08
task4,9248.0,score,2.08
task4,9249.0,score,2.09
task4,9250.0,score,2.08
task4,9251.0,score,2.07
task4,9252.0,score,2.07
task4,9253.0,score,2.07
task4,9254.0,score,2.06
task4,9255.0,score,2.05
task4,9256.0,score,2.04
task4,9257.0,score,2.05
task4,9258.0,score,2.04
task4,9259.0,score,1.96
task4,9260.0,score,1.98
task4,9261.0,score,2.01
task4,9262.0,score,2.04
task4,9263.0,score,2.03
task4,9264.0,score,2.03
task4,9265.0,score,2.07
task4,9266.0,score,2.11
task4,9267.0,score,2.12
task4,9268.0,score,2.07
task4,9269.0,score,2.08
task4,9270.0,score,2.05
task4,9271.0,score,2.09
task4,9272.0,score,2.11
task4,9273.0,score,2.11
task4,9274.0,score,2.11
task4,9275.0,score,2.1
task4,9276.0,score,2.08
task4,9277.0,score,2.07
task4,9278.0,score,2.03
task4,9279.0,score,2.0
task4,9280.0,score,1.96
task4,9281.0,score,1.98
task4,9282.0,score,2.0
task4,9283.0,score,1.97
task4,9284.0,score,1.99
task4,9285.0,score,2.02
task4,9286.0,score,2.03
task4,9287.0,score,2.02
task4,9288.0,score,2.01
task4,9289.0,score,2.03
task4,9290.0,score,2.03
task4,9291.0,score,2.09
task4,9292.0,score,2.11
task4,9293.0,score,2.06
task4,9294.0,score,2.05
task4,9295.0,score,2.05
task4,9296.0,score,2.06
task4,9297.0,score,2.08
task4,9298.0,score,2.07
task4,9299.0,score,2.06
task4,9300.0,score,2.05
task4,9301.0,score,2.05
task4,9302.0,score,2.04
task4,9303.0,score,2.02
task4,9304.0,score,2.03
task4,9305.0,score,2.04
task4,9306.0,score,2.03
task4,9307.0,score,2.04
task4,9308.0,score,2.04
task4,9309.0,score,2.01
task4,9310.0,score,2.01
task4,9311.0,score,2.02
task4,9312.0,score,1.94
task4,9313.0,score,1.95
task4,9314.0,score,1.96
task4,9315.0,score,1.95
task4,9316.0,score,1.93
task4,9317.0,score,1.95
task4,9318.0,score,1.94
task4,9319.0,score,1.97
task4,9320.0,score,1.97
task4,9321.0,score,1.97
task4,9322.0,score,1.97
task4,9323.0,score,2.03
task4,9324.0,score,2.01
task4,9325.0,score,1.98
task4,9326.0,score,2.01
task4,9327.0,score,1.98
task4,9328.0,score,1.91
task4,9329.0,score,1.93
task4,9330.0,score,1.9
task4,9331.0,score,1.92
task4,9332.0,score,1.87
task4,9333.0,score,1.89
task4,9334.0,score,1.95
task4,9335.0,score,1.96
task4,9336.0,score,1.91
task4,9337.0,score,1.9
task4,9338.0,score,1.92
task4,9339.0,score,1.89
task4,9340.0,score,1.92
task4,9341.0,score,1.85
task4,9342.0,score,1.89
task4,9343.0,score,1.89
task4,9344.0,score,1.88
task4,9345.0,score,1.86
task4,9346.0,score,1.85
task4,9347.0,score,1.82
task4,9348.0,score,1.85
task4,9349.0,score,1.84
task4,9350.0,score,1.86
task4,9351.0,score,1.87
task4,9352.0,score,1.88
task4,9353.0,score,1.86
task4,9354.0,score,1.88
task4,9355.0,score,1.87
task4,9356.0,score,1.89
task4,9357.0,score,1.91
task4,9358.0,score,1.91
task4,9359.0,score,1.92
task4,9360.0,score,1.91
task4,9361.0,score,1.86
task4,9362.0,score,1.92
task4,9363.0,score,1.93
task4,9364.0,score,1.98
task4,9365.0,score,1.97
task4,9366.0,score,1.96
task4,9367.0,score,2.0
task4,9368.0,score,2.03
task4,9369.0,score,2.03
task4,9370.0,score,2.02
task4,9371.0,score,1.97
task4,9372.0,score,1.97
task4,9373.0,score,1.95
task4,9374.0,score,1.95
task4,9375.0,score,1.96
task4,9376.0,score,1.99
task4,9377.0,score,2.0
task4,9378.0,score,2.02
task4,9379.0,score,2.02
task4,9380.0,score,2.04
task4,9381.0,score,2.01
task4,9382.0,score,1.98
task4,9383.0,score,2.0
task4,9384.0,score,1.99
task4,9385.0,score,1.98
task4,9386.0,score,1.97
task4,9387.0,score,1.97
task4,9388.0,score,1.98
task4,9389.0,score,2.02
task4,9390.0,score,2.03
task4,9391.0,score,2.01
task4,9392.0,score,2.01
task4,9393.0,score,2.01
task4,9394.0,score,2.03
task4,9395.0,score,2.05
task4,9396.0,score,2.05
task4,9397.0,score,2.02
task4,9398.0,score,2.02
task4,9399.0,score,2.04
task4,9400.0,score,2.06
task4,9401.0,score,2.05
task4,9402.0,score,2.06
task4,9403.0,score,2.06
task4,9404.0,score,2.05
task4,9405.0,score,2.02
task4,9406.0,score,2.02
task4,9407.0,score,2.03
task4,9408.0,score,2.03
task4,9409.0,score,2.08
task4,9410.0,score,2.12
task4,9411.0,score,2.11
task4,9412.0,score,2.11
task4,9413.0,score,2.1
task4,9414.0,score,2.09
task4,9415.0,score,2.1
task4,9416.0,score,2.09
task4,9417.0,score,2.14
task4,9418.0,score,2.14
task4,9419.0,score,2.1
task4,9420.0,score,2.09
task4,9421.0,score,2.11
task4,9422.0,score,2.11
task4,9423.0,score,2.04
task4,9424.0,score,2.05
task4,9425.0,score,2.06
task4,9426.0,score,2.04
task4,9427.0,score,2.03
task4,9428.0,score,2.02
task4,9429.0,score,2.02
task4,9430.0,score,2.07
task4,9431.0,score,2.03
task4,9432.0,score,2.03
task4,9433.0,score,2.01
task4,9434.0,score,1.98
task4,9435.0,score,1.99
task4,9436.0,score,1.97
task4,9437.0,score,1.97
task4,9438.0,score,1.95
task4,9439.0,score,1.98
task4,9440.0,score,1.95
task4,9441.0,score,1.95
task4,9442.0,score,1.9
task4,9443.0,score,1.91
task4,9444.0,score,1.91
task4,9445.0,score,1.92
task4,9446.0,score,1.92
task4,9447.0,score,2.0
task4,9448.0,score,1.98
task4,9449.0,score,2.03
task4,9450.0,score,2.03
task4,9451.0,score,2.03
task4,9452.0,score,2.03
task4,9453.0,score,2.05
task4,9454.0,score,2.04
task4,9455.0,score,2.04
task4,9456.0,score,2.02
task4,9457.0,score,2.01
task4,9458.0,score,2.01
task4,9459.0,score,2.01
task4,9460.0,score,2.0
task4,9461.0,score,2.02
task4,9462.0,score,1.95
task4,9463.0,score,1.94
task4,9464.0,score,1.95
task4,9465.0,score,1.95
task4,9466.0,score,2.0
task4,9467.0,score,1.96
task4,9468.0,score,1.95
task4,9469.0,score,1.95
task4,9470.0,score,1.98
task4,9471.0,score,1.99
task4,9472.0,score,2.0
task4,9473.0,score,2.03
task4,9474.0,score,2.03
task4,9475.0,score,2.03
task4,9476.0,score,2.02
task4,9477.0,score,2.0
task4,9478.0,score,1.97
task4,9479.0,score,2.05
task4,9480.0,score,2.07
task4,9481.0,score,2.09
task4,9482.0,score,2.09
task4,9483.0,score,2.08
task4,9484.0,score,2.08
task4,9485.0,score,2.13
task4,9486.0,score,2.17
task4,9487.0,score,2.17
task4,9488.0,score,2.18
task4,9489.0,score,2.11
task4,9490.0,score,2.11
task4,9491.0,score,2.13
task4,9492.0,score,2.12
task4,9493.0,score,2.13
task4,9494.0,score,2.11
task4,9495.0,score,2.09
task4,9496.0,score,2.1
task4,9497.0,score,2.15
task4,9498.0,score,2.21
task4,9499.0,score,2.19
task4,9500.0,score,2.18
task4,9501.0,score,2.18
task4,9502.0,score,2.2
task4,9503.0,score,2.25
task4,9504.0,score,2.24
task4,9505.0,score,2.26
task4,9506.0,score,2.26
task4,9507.0,score,2.25
task4,9508.0,score,2.25
task4,9509.0,score,2.22
task4,9510.0,score,2.2
task4,9511.0,score,2.23
task4,9512.0,score,2.27
task4,9513.0,score,2.29
task4,9514.0,score,2.3
task4,9515.0,score,2.31
task4,9516.0,score,2.36
task4,9517.0,score,2.29
task4,9518.0,score,2.29
task4,9519.0,score,2.28
task4,9520.0,score,2.28
task4,9521.0,score,2.26
task4,9522.0,score,2.3
task4,9523.0,score,2.3
task4,9524.0,score,2.31
task4,9525.0,score,2.29
task4,9526.0,score,2.28
task4,9527.0,score,2.29
task4,9528.0,score,2.32
task4,9529.0,score,2.3
task4,9530.0,score,2.25
task4,9531.0,score,2.25
task4,9532.0,score,2.26
task4,9533.0,score,2.27
task4,9534.0,score,2.22
task4,9535.0,score,2.22
task4,9536.0,score,2.26
task4,9537.0,score,2.29
task4,9538.0,score,2.28
task4,9539.0,score,2.26
task4,9540.0,score,2.29
task4,9541.0,score,2.28
task4,9542.0,score,2.27
task4,9543.0,score,2.26
task4,9544.0,score,2.29
task4,9545.0,score,2.3
task4,9546.0,score,2.33
task4,9547.0,score,2.26
task4,9548.0,score,2.26
task4,9549.0,score,2.21
task4,9550.0,score,2.19
task4,9551.0,score,2.17
task4,9552.0,score,2.16
task4,9553.0,score,2.16
task4,9554.0,score,2.15
task4,9555.0,score,2.14
task4,9556.0,score,2.13
task4,9557.0,score,2.11
task4,9558.0,score,2.13
task4,9559.0,score,2.13
task4,9560.0,score,2.13
task4,9561.0,score,2.14
task4,9562.0,score,2.14
task4,9563.0,score,2.15
task4,9564.0,score,2.08
task4,9565.0,score,2.05
task4,9566.0,score,2.04
task4,9567.0,score,2.03
task4,9568.0,score,2.04
task4,9569.0,score,2.04
task4,9570.0,score,2.01
task4,9571.0,score,2.02
task4,9572.0,score,2.01
task4,9573.0,score,2.01
task4,9574.0,score,2.02
task4,9575.0,score,2.04
task4,9576.0,score,2.02
task4,9577.0,score,2.03
task4,9578.0,score,2.05
task4,9579.0,score,1.97
task4,9580.0,score,1.94
task4,9581.0,score,1.94
task4,9582.0,score,1.95
task4,9583.0,score,1.96
task4,9584.0,score,1.95
task4,9585.0,score,1.88
task4,9586.0,score,1.86
task4,9587.0,score,1.86
task4,9588.0,score,1.86
task4,9589.0,score,1.93
task4,9590.0,score,2.0
task4,9591.0,score,1.92
task4,9592.0,score,1.93
task4,9593.0,score,1.91
task4,9594.0,score,1.93
task4,9595.0,score,1.92
task4,9596.0,score,1.92
task4,9597.0,score,1.88
task4,9598.0,score,1.81
task4,9599.0,score,1.81
task4,9600.0,score,1.83
task4,9601.0,score,1.84
task4,9602.0,score,1.83
task4,9603.0,score,1.78
task4,9604.0,score,1.81
task4,9605.0,score,1.8
task4,9606.0,score,1.8
task4,9607.0,score,1.79
task4,9608.0,score,1.79
task4,9609.0,score,1.79
task4,9610.0,score,1.78
task4,9611.0,score,1.75
task4,9612.0,score,1.72
task4,9613.0,score,1.69
task4,9614.0,score,1.69
task4,9615.0,score,1.68
task4,9616.0,score,1.65
task4,9617.0,score,1.67
task4,9618.0,score,1.67
task4,9619.0,score,1.67
task4,9620.0,score,1.68
task4,9621.0,score,1.77
task4,9622.0,score,1.75
task4,9623.0,score,1.76
task4,9624.0,score,1.75
task4,9625.0,score,1.77
task4,9626.0,score,1.79
task4,9627.0,score,1.79
task4,9628.0,score,1.77
task4,9629.0,score,1.8
task4,9630.0,score,1.81
task4,9631.0,score,1.82
task4,9632.0,score,1.81
task4,9633.0,score,1.8
task4,9634.0,score,1.8
task4,9635.0,score,1.81
task4,9636.0,score,1.78
task4,9637.0,score,1.74
task4,9638.0,score,1.74
task4,9639.0,score,1.73
task4,9640.0,score,1.72
task4,9641.0,score,1.74
task4,9642.0,score,1.82
task4,9643.0,score,1.82
task4,9644.0,score,1.81
task4,9645.0,score,1.8
task4,9646.0,score,1.78
task4,9647.0,score,1.79
task4,9648.0,score,1.79
task4,9649.0,score,1.77
task4,9650.0,score,1.79
task4,9651.0,score,1.83
task4,9652.0,score,1.84
task4,9653.0,score,1.82
task4,9654.0,score,1.85
task4,9655.0,score,1.85
task4,9656.0,score,1.85
task4,9657.0,score,1.85
task4,9658.0,score,1.81
task4,9659.0,score,1.79
task4,9660.0,score,1.78
task4,9661.0,score,1.76
task4,9662.0,score,1.74
task4,9663.0,score,1.76
task4,9664.0,score,1.81
task4,9665.0,score,1.83
task4,9666.0,score,1.78
task4,9667.0,score,1.77
task4,9668.0,score,1.81
task4,9669.0,score,1.78
task4,9670.0,score,1.78
task4,9671.0,score,1.77
task4,9672.0,score,1.77
task4,9673.0,score,1.74
task4,9674.0,score,1.72
task4,9675.0,score,1.69
task4,9676.0,score,1.68
task4,9677.0,score,1.67
task4,9678.0,score,1.66
task4,9679.0,score,1.68
task4,9680.0,score,1.66
task4,9681.0,score,1.64
task4,9682.0,score,1.64
task4,9683.0,score,1.64
task4,9684.0,score,1.63
task4,9685.0,score,1.64
task4,9686.0,score,1.64
task4,9687.0,score,1.63
task4,9688.0,score,1.63
task4,9689.0,score,1.58
task4,9690.0,score,1.51
task4,9691.0,score,1.53
task4,9692.0,score,1.51
task4,9693.0,score,1.52
task4,9694.0,score,1.51
task4,9695.0,score,1.52
task4,9696.0,score,1.5
task4,9697.0,score,1.53
task4,9698.0,score,1.55
task4,9699.0,score,1.57
task4,9700.0,score,1.56
task4,9701.0,score,1.54
task4,9702.0,score,1.59
task4,9703.0,score,1.6
task4,9704.0,score,1.58
task4,9705.0,score,1.56
task4,9706.0,score,1.55
task4,9707.0,score,1.58
task4,9708.0,score,1.59
task4,9709.0,score,1.57
task4,9710.0,score,1.54
task4,9711.0,score,1.57
task4,9712.0,score,1.58
task4,9713.0,score,1.58
task4,9714.0,score,1.55
task4,9715.0,score,1.55
task4,9716.0,score,1.52
task4,9717.0,score,1.51
task4,9718.0,score,1.54
task4,9719.0,score,1.54
task4,9720.0,score,1.61
task4,9721.0,score,1.52
task4,9722.0,score,1.54
task4,9723.0,score,1.54
task4,9724.0,score,1.55
task4,9725.0,score,1.6
task4,9726.0,score,1.6
task4,9727.0,score,1.62
task4,9728.0,score,1.65
task4,9729.0,score,1.68
task4,9730.0,score,1.68
task4,9731.0,score,1.7
task4,9732.0,score,1.76
task4,9733.0,score,1.74
task4,9734.0,score,1.76
task4,9735.0,score,1.8
task4,9736.0,score,1.82
task4,9737.0,score,1.83
task4,9738.0,score,1.83
task4,9739.0,score,1.83
task4,9740.0,score,1.81
task4,9741.0,score,1.8
task4,9742.0,score,1.8
task4,9743.0,score,1.81
task4,9744.0,score,1.81
task4,9745.0,score,1.8
task4,9746.0,score,1.8
task4,9747.0,score,1.8
task4,9748.0,score,1.79
task4,9749.0,score,1.79
task4,9750.0,score,1.79
task4,9751.0,score,1.76
task4,9752.0,score,1.78
task4,9753.0,score,1.79
task4,9754.0,score,1.79
task4,9755.0,score,1.8
task4,9756.0,score,1.8
task4,9757.0,score,1.8
task4,9758.0,score,1.81
task4,9759.0,score,1.86
task4,9760.0,score,1.86
task4,9761.0,score,1.86
task4,9762.0,score,1.86
task4,9763.0,score,1.84
task4,9764.0,score,1.8
task4,9765.0,score,1.81
task4,9766.0,score,1.79
task4,9767.0,score,1.84
task4,9768.0,score,1.77
task4,9769.0,score,1.8
task4,9770.0,score,1.8
task4,9771.0,score,1.86
task4,9772.0,score,1.86
task4,9773.0,score,1.9
task4,9774.0,score,1.91
task4,9775.0,score,1.92
task4,9776.0,score,1.92
task4,9777.0,score,1.93
task4,9778.0,score,1.93
task4,9779.0,score,1.92
task4,9780.0,score,1.95
task4,9781.0,score,1.95
task4,9782.0,score,1.98
task4,9783.0,score,2.02
task4,9784.0,score,2.04
task4,9785.0,score,2.05
task4,9786.0,score,2.03
task4,9787.0,score,2.07
task4,9788.0,score,2.06
task4,9789.0,score,2.04
task4,9790.0,score,2.04
task4,9791.0,score,2.04
task4,9792.0,score,2.11
task4,9793.0,score,2.1
task4,9794.0,score,2.11
task4,9795.0,score,2.12
task4,9796.0,score,2.12
task4,9797.0,score,2.1
task4,9798.0,score,2.08
task4,9799.0,score,2.07
task4,9800.0,score,2.07
task4,9801.0,score,2.07
task4,9802.0,score,2.01
task4,9803.0,score,2.05
task4,9804.0,score,2.06
task4,9805.0,score,2.07
task4,9806.0,score,2.08
task4,9807.0,score,2.06
task4,9808.0,score,2.06
task4,9809.0,score,2.09
task4,9810.0,score,2.12
task4,9811.0,score,2.11
task4,9812.0,score,2.11
task4,9813.0,score,2.16
task4,9814.0,score,2.18
task4,9815.0,score,2.2
task4,9816.0,score,2.22
task4,9817.0,score,2.22
task4,9818.0,score,2.19
task4,9819.0,score,2.2
task4,9820.0,score,2.12
task4,9821.0,score,2.18
task4,9822.0,score,2.16
task4,9823.0,score,2.17
task4,9824.0,score,2.15
task4,9825.0,score,2.11
task4,9826.0,score,2.11
task4,9827.0,score,2.08
task4,9828.0,score,2.04
task4,9829.0,score,1.99
task4,9830.0,score,1.99
task4,9831.0,score,1.98
task4,9832.0,score,1.93
task4,9833.0,score,1.94
task4,9834.0,score,1.93
task4,9835.0,score,1.92
task4,9836.0,score,1.97
task4,9837.0,score,1.98
task4,9838.0,score,2.0
task4,9839.0,score,2.01
task4,9840.0,score,2.04
task4,9841.0,score,2.03
task4,9842.0,score,1.97
task4,9843.0,score,1.98
task4,9844.0,score,1.97
task4,9845.0,score,1.97
task4,9846.0,score,1.99
task4,9847.0,score,2.0
task4,9848.0,score,2.01
task4,9849.0,score,2.02
task4,9850.0,score,2.01
task4,9851.0,score,2.02
task4,9852.0,score,2.01
task4,9853.0,score,2.03
task4,9854.0,score,2.05
task4,9855.0,score,2.06
task4,9856.0,score,2.08
task4,9857.0,score,2.09
task4,9858.0,score,2.1
task4,9859.0,score,2.07
task4,9860.0,score,2.08
task4,9861.0,score,2.1
task4,9862.0,score,2.11
task4,9863.0,score,2.11
task4,9864.0,score,2.13
task4,9865.0,score,2.1
task4,9866.0,score,2.1
task4,9867.0,score,2.06
task4,9868.0,score,2.08
task4,9869.0,score,2.05
task4,9870.0,score,2.07
task4,9871.0,score,2.01
task4,9872.0,score,2.07
task4,9873.0,score,2.05
task4,9874.0,score,2.05
task4,9875.0,score,2.06
task4,9876.0,score,2.08
task4,9877.0,score,2.06
task4,9878.0,score,2.05
task4,9879.0,score,2.06
task4,9880.0,score,2.05
task4,9881.0,score,2.05
task4,9882.0,score,2.02
task4,9883.0,score,1.95
task4,9884.0,score,1.93
task4,9885.0,score,1.91
task4,9886.0,score,1.95
task4,9887.0,score,1.92
task4,9888.0,score,1.93
task4,9889.0,score,1.94
task4,9890.0,score,1.92
task4,9891.0,score,1.91
task4,9892.0,score,1.85
task4,9893.0,score,1.86
task4,9894.0,score,1.84
task4,9895.0,score,1.84
task4,9896.0,score,1.85
task4,9897.0,score,1.84
task4,9898.0,score,1.86
task4,9899.0,score,1.85
task4,9900.0,score,1.85
task4,9901.0,score,1.85
task4,9902.0,score,1.86
task4,9903.0,score,1.84
task4,9904.0,score,1.83
task4,9905.0,score,1.83
task4,9906.0,score,1.82
task4,9907.0,score,1.84
task4,9908.0,score,1.83
task4,9909.0,score,1.81
task4,9910.0,score,1.88
task4,9911.0,score,1.88
task4,9912.0,score,1.9
task4,9913.0,score,1.86
task4,9914.0,score,1.87
task4,9915.0,score,1.85
task4,9916.0,score,1.85
task4,9917.0,score,1.85
task4,9918.0,score,1.88
task4,9919.0,score,1.87
task4,9920.0,score,1.87
task4,9921.0,score,1.81
task4,9922.0,score,1.79
task4,9923.0,score,1.77
task4,9924.0,score,1.8
task4,9925.0,score,1.78
task4,9926.0,score,1.76
task4,9927.0,score,1.76
task4,9928.0,score,1.76
task4,9929.0,score,1.77
task4,9930.0,score,1.79
task4,9931.0,score,1.79
task4,9932.0,score,1.77
task4,9933.0,score,1.77
task4,9934.0,score,1.78
task4,9935.0,score,1.74
task4,9936.0,score,1.7
task4,9937.0,score,1.69
task4,9938.0,score,1.72
task4,9939.0,score,1.71
task4,9940.0,score,1.69
task4,9941.0,score,1.72
task4,9942.0,score,1.8
task4,9943.0,score,1.79
task4,9944.0,score,1.79
task4,9945.0,score,1.8
task4,9946.0,score,1.78
task4,9947.0,score,1.75
task4,9948.0,score,1.81
task4,9949.0,score,1.85
task4,9950.0,score,1.85
task4,9951.0,score,1.86
task4,9952.0,score,1.87
task4,9953.0,score,1.85
task4,9954.0,score,1.8
task4,9955.0,score,1.83
task4,9956.0,score,1.83
task4,9957.0,score,1.83
task4,9958.0,score,1.83
task4,9959.0,score,1.84
task4,9960.0,score,1.82
task4,9961.0,score,1.81
task4,9962.0,score,1.82
task4,9963.0,score,1.87
task4,9964.0,score,1.88
task4,9965.0,score,1.88
task4,9966.0,score,1.89
task4,9967.0,score,1.88
task4,9968.0,score,1.85
task4,9969.0,score,1.87
task4,9970.0,score,1.87
task4,9971.0,score,1.86
task4,9972.0,score,1.78
task4,9973.0,score,1.77
task4,9974.0,score,1.76
task4,9975.0,score,1.77
task4,9976.0,score,1.79
task4,9977.0,score,1.8
task4,9978.0,score,1.8
task4,9979.0,score,1.84
task4,9980.0,score,1.84
task4,9981.0,score,1.87
task4,9982.0,score,1.87
task4,9983.0,score,1.95
task4,9984.0,score,1.98
task4,9985.0,score,1.98
task4,9986.0,score,1.96
task4,9987.0,score,1.97
task4,9988.0,score,1.96
task4,9989.0,score,1.95
task4,9990.0,score,2.03
task4,9991.0,score,2.03
task4,9992.0,score,2.01
task4,9993.0,score,2.01
task4,9994.0,score,2.01
task4,9995.0,score,2.02
task4,9996.0,score,2.01
task4,9997.0,score,2.03
task4,9998.0,score,2.02
task4,9999.0,score,2.05
task4,10000.0,score,2.05
task4,10001.0,score,2.06
task4,10002.0,score,2.06
task4,10003.0,score,2.06
task4,10004.0,score,2.05
task4,10005.0,score,2.06
task4,10006.0,score,2.09
task4,10007.0,score,2.07
task4,10008.0,score,2.07
task4,10009.0,score,2.09
task4,10010.0,score,1.99
task4,10011.0,score,2.04
task4,10012.0,score,2.02
task4,10013.0,score,2.02
task4,10014.0,score,1.99
task4,10015.0,score,1.99
task4,10016.0,score,1.99
task4,10017.0,score,2.02
task4,10018.0,score,1.99
task4,10019.0,score,2.01
task4,10020.0,score,2.02
task4,10021.0,score,2.03
task4,10022.0,score,2.05
task4,10023.0,score,2.04
task4,10024.0,score,2.09
task4,10025.0,score,2.09
task4,10026.0,score,2.16
task4,10027.0,score,2.19
task4,10028.0,score,2.22
task4,10029.0,score,2.2
task4,10030.0,score,2.18
task4,10031.0,score,2.18
task4,10032.0,score,2.19
task4,10033.0,score,2.19
task4,10034.0,score,2.19
task4,10035.0,score,2.18
task4,10036.0,score,2.15
task4,10037.0,score,2.14
task4,10038.0,score,2.11
task4,10039.0,score,2.12
task4,10040.0,score,2.14
task4,10041.0,score,2.11
task4,10042.0,score,2.01
task4,10043.0,score,1.99
task4,10044.0,score,2.0
task4,10045.0,score,2.01
task4,10046.0,score,2.04
task4,10047.0,score,2.06
task4,10048.0,score,2.01
task4,10049.0,score,1.97
task4,10050.0,score,1.96
task4,10051.0,score,2.01
task4,10052.0,score,2.07
task4,10053.0,score,2.1
task4,10054.0,score,2.13
task4,10055.0,score,2.12
task4,10056.0,score,2.18
task4,10057.0,score,2.22
task4,10058.0,score,2.21
task4,10059.0,score,2.18
task4,10060.0,score,2.19
task4,10061.0,score,2.17
task4,10062.0,score,2.15
task4,10063.0,score,2.12
task4,10064.0,score,2.11
task4,10065.0,score,2.12
task4,10066.0,score,2.13
task4,10067.0,score,2.13
task4,10068.0,score,2.13
task4,10069.0,score,2.13
task4,10070.0,score,2.14
task4,10071.0,score,2.16
task4,10072.0,score,2.19
task4,10073.0,score,2.18
task4,10074.0,score,2.19
task4,10075.0,score,2.19
task4,10076.0,score,2.18
task4,10077.0,score,2.19
task4,10078.0,score,2.23
task4,10079.0,score,2.24
task4,10080.0,score,2.24
task4,10081.0,score,2.22
task4,10082.0,score,2.25
task4,10083.0,score,2.17
task4,10084.0,score,2.15
task4,10085.0,score,2.16
task4,10086.0,score,2.16
task4,10087.0,score,2.17
task4,10088.0,score,2.21
task4,10089.0,score,2.21
task4,10090.0,score,2.16
task4,10091.0,score,2.15
task4,10092.0,score,2.16
task4,10093.0,score,2.16
task4,10094.0,score,2.18
task4,10095.0,score,2.15
task4,10096.0,score,2.18
task4,10097.0,score,2.16
task4,10098.0,score,2.16
task4,10099.0,score,2.14
task4,10100.0,score,2.14
task4,10101.0,score,2.13
task4,10102.0,score,2.15
task4,10103.0,score,2.14
task4,10104.0,score,2.19
task4,10105.0,score,2.17
task4,10106.0,score,2.15
task4,10107.0,score,2.16
task4,10108.0,score,2.16
task4,10109.0,score,2.13
task4,10110.0,score,2.17
task4,10111.0,score,2.12
task4,10112.0,score,2.13
task4,10113.0,score,2.13
task4,10114.0,score,2.13
task4,10115.0,score,2.14
task4,10116.0,score,2.17
task4,10117.0,score,2.13
task4,10118.0,score,2.15
task4,10119.0,score,2.21
task4,10120.0,score,2.24
task4,10121.0,score,2.23
task4,10122.0,score,2.22
task4,10123.0,score,2.25
task4,10124.0,score,2.19
task4,10125.0,score,2.25
task4,10126.0,score,2.2
task4,10127.0,score,2.2
task4,10128.0,score,2.19
task4,10129.0,score,2.2
task4,10130.0,score,2.21
task4,10131.0,score,2.21
task4,10132.0,score,2.23
task4,10133.0,score,2.23
task4,10134.0,score,2.21
task4,10135.0,score,2.22
task4,10136.0,score,2.22
task4,10137.0,score,2.26
task4,10138.0,score,2.27
task4,10139.0,score,2.27
task4,10140.0,score,2.24
task4,10141.0,score,2.33
task4,10142.0,score,2.35
task4,10143.0,score,2.35
task4,10144.0,score,2.33
task4,10145.0,score,2.34
task4,10146.0,score,2.32
task4,10147.0,score,2.32
task4,10148.0,score,2.31
task4,10149.0,score,2.31
task4,10150.0,score,2.31
task4,10151.0,score,2.24
task4,10152.0,score,2.15
task4,10153.0,score,2.13
task4,10154.0,score,2.12
task4,10155.0,score,2.11
task4,10156.0,score,2.04
task4,10157.0,score,2.03
task4,10158.0,score,2.04
task4,10159.0,score,2.06
task4,10160.0,score,2.06
task4,10161.0,score,2.1
task4,10162.0,score,2.1
task4,10163.0,score,2.1
task4,10164.0,score,2.08
task4,10165.0,score,2.11
task4,10166.0,score,2.14
task4,10167.0,score,2.14
task4,10168.0,score,2.22
task4,10169.0,score,2.21
task4,10170.0,score,2.19
task4,10171.0,score,2.17
task4,10172.0,score,2.14
task4,10173.0,score,2.15
task4,10174.0,score,2.15
task4,10175.0,score,2.14
task4,10176.0,score,2.13
task4,10177.0,score,2.13
task4,10178.0,score,2.13
task4,10179.0,score,2.08
task4,10180.0,score,2.06
task4,10181.0,score,2.11
task4,10182.0,score,2.11
task4,10183.0,score,2.13
task4,10184.0,score,2.21
task4,10185.0,score,2.21
task4,10186.0,score,2.21
task4,10187.0,score,2.2
task4,10188.0,score,2.17
task4,10189.0,score,2.17
task4,10190.0,score,2.15
task4,10191.0,score,2.16
task4,10192.0,score,2.15
task4,10193.0,score,2.14
task4,10194.0,score,2.15
task4,10195.0,score,2.23
task4,10196.0,score,2.21
task4,10197.0,score,2.21
task4,10198.0,score,2.21
task4,10199.0,score,2.19
task4,10200.0,score,2.19
task4,10201.0,score,2.22
task4,10202.0,score,2.22
task4,10203.0,score,2.22
task4,10204.0,score,2.19
task4,10205.0,score,2.19
task4,10206.0,score,2.17
task4,10207.0,score,2.17
task4,10208.0,score,2.2
task4,10209.0,score,2.24
task4,10210.0,score,2.24
task4,10211.0,score,2.25
task4,10212.0,score,2.23
task4,10213.0,score,2.26
task4,10214.0,score,2.26
task4,10215.0,score,2.25
task4,10216.0,score,2.2
task4,10217.0,score,2.21
task4,10218.0,score,2.19
task4,10219.0,score,2.13
task4,10220.0,score,2.1
task4,10221.0,score,2.15
task4,10222.0,score,2.17
task4,10223.0,score,2.15
task4,10224.0,score,2.16
task4,10225.0,score,2.11
task4,10226.0,score,2.1
task4,10227.0,score,2.09
task4,10228.0,score,2.11
task4,10229.0,score,2.1
task4,10230.0,score,2.09
task4,10231.0,score,2.08
task4,10232.0,score,2.06
task4,10233.0,score,2.05
task4,10234.0,score,2.06
task4,10235.0,score,2.05
task4,10236.0,score,2.07
task4,10237.0,score,2.06
task4,10238.0,score,2.05
task4,10239.0,score,2.05
task4,10240.0,score,2.06
task4,10241.0,score,1.97
task4,10242.0,score,1.95
task4,10243.0,score,1.97
task4,10244.0,score,1.99
task4,10245.0,score,1.98
task4,10246.0,score,1.99
task4,10247.0,score,1.98
task4,10248.0,score,1.99
task4,10249.0,score,2.01
task4,10250.0,score,2.04
task4,10251.0,score,2.06
task4,10252.0,score,2.07
task4,10253.0,score,2.05
task4,10254.0,score,2.04
task4,10255.0,score,2.02
task4,10256.0,score,2.05
task4,10257.0,score,2.02
task4,10258.0,score,2.01
task4,10259.0,score,2.01
task4,10260.0,score,2.0
task4,10261.0,score,1.97
task4,10262.0,score,1.98
task4,10263.0,score,1.96
task4,10264.0,score,1.95
task4,10265.0,score,1.91
task4,10266.0,score,1.86
task4,10267.0,score,1.86
task4,10268.0,score,1.8
task4,10269.0,score,1.81
task4,10270.0,score,1.84
task4,10271.0,score,1.86
task4,10272.0,score,1.86
task4,10273.0,score,1.87
task4,10274.0,score,1.91
task4,10275.0,score,1.92
task4,10276.0,score,1.93
task4,10277.0,score,1.92
task4,10278.0,score,1.92
task4,10279.0,score,1.9
task4,10280.0,score,1.9
task4,10281.0,score,1.86
task4,10282.0,score,1.82
task4,10283.0,score,1.81
task4,10284.0,score,1.72
task4,10285.0,score,1.72
task4,10286.0,score,1.73
task4,10287.0,score,1.72
task4,10288.0,score,1.7
task4,10289.0,score,1.7
task4,10290.0,score,1.74
task4,10291.0,score,1.8
task4,10292.0,score,1.84
task4,10293.0,score,1.85
task4,10294.0,score,1.82
task4,10295.0,score,1.74
task4,10296.0,score,1.78
task4,10297.0,score,1.78
task4,10298.0,score,1.8
task4,10299.0,score,1.83
task4,10300.0,score,1.87
task4,10301.0,score,1.84
task4,10302.0,score,1.81
task4,10303.0,score,1.83
task4,10304.0,score,1.82
task4,10305.0,score,1.82
task4,10306.0,score,1.82
task4,10307.0,score,1.81
task4,10308.0,score,1.77
task4,10309.0,score,1.74
task4,10310.0,score,1.71
task4,10311.0,score,1.7
task4,10312.0,score,1.71
task4,10313.0,score,1.69
task4,10314.0,score,1.69
task4,10315.0,score,1.7
task4,10316.0,score,1.72
task4,10317.0,score,1.73
task4,10318.0,score,1.73
task4,10319.0,score,1.74
task4,10320.0,score,1.73
task4,10321.0,score,1.71
task4,10322.0,score,1.68
task4,10323.0,score,1.72
task4,10324.0,score,1.7
task4,10325.0,score,1.7
task4,10326.0,score,1.69
task4,10327.0,score,1.7
task4,10328.0,score,1.68
task4,10329.0,score,1.68
task4,10330.0,score,1.68
task4,10331.0,score,1.67
task4,10332.0,score,1.65
task4,10333.0,score,1.68
task4,10334.0,score,1.67
task4,10335.0,score,1.68
task4,10336.0,score,1.66
task4,10337.0,score,1.65
task4,10338.0,score,1.66
task4,10339.0,score,1.66
task4,10340.0,score,1.66
task4,10341.0,score,1.68
task4,10342.0,score,1.7
task4,10343.0,score,1.69
task4,10344.0,score,1.71
task4,10345.0,score,1.71
task4,10346.0,score,1.75
task4,10347.0,score,1.83
task4,10348.0,score,1.81
task4,10349.0,score,1.83
task4,10350.0,score,1.84
task4,10351.0,score,1.83
task4,10352.0,score,1.84
task4,10353.0,score,1.84
task4,10354.0,score,1.88
task4,10355.0,score,1.87
task4,10356.0,score,1.85
task4,10357.0,score,1.85
task4,10358.0,score,1.84
task4,10359.0,score,1.84
task4,10360.0,score,1.86
task4,10361.0,score,1.87
task4,10362.0,score,1.87
task4,10363.0,score,1.87
task4,10364.0,score,1.88
task4,10365.0,score,1.9
task4,10366.0,score,1.92
task4,10367.0,score,1.95
task4,10368.0,score,1.94
task4,10369.0,score,1.94
task4,10370.0,score,1.93
task4,10371.0,score,1.93
task4,10372.0,score,2.01
task4,10373.0,score,2.02
task4,10374.0,score,2.0
task4,10375.0,score,2.04
task4,10376.0,score,2.03
task4,10377.0,score,2.07
task4,10378.0,score,2.05
task4,10379.0,score,2.05
task4,10380.0,score,2.07
task4,10381.0,score,2.07
task4,10382.0,score,2.07
task4,10383.0,score,2.06
task4,10384.0,score,2.08
task4,10385.0,score,2.07
task4,10386.0,score,2.06
task4,10387.0,score,2.05
task4,10388.0,score,2.07
task4,10389.0,score,2.09
task4,10390.0,score,2.07
task4,10391.0,score,2.01
task4,10392.0,score,2.0
task4,10393.0,score,2.01
task4,10394.0,score,2.01
task4,10395.0,score,2.08
task4,10396.0,score,2.05
task4,10397.0,score,2.05
task4,10398.0,score,2.04
task4,10399.0,score,2.01
task4,10400.0,score,2.07
task4,10401.0,score,2.08
task4,10402.0,score,2.07
task4,10403.0,score,2.03
task4,10404.0,score,2.02
task4,10405.0,score,2.04
task4,10406.0,score,2.06
task4,10407.0,score,2.06
task4,10408.0,score,2.06
task4,10409.0,score,2.09
task4,10410.0,score,2.11
task4,10411.0,score,2.1
task4,10412.0,score,2.09
task4,10413.0,score,2.08
task4,10414.0,score,2.1
task4,10415.0,score,2.08
task4,10416.0,score,2.06
task4,10417.0,score,2.04
task4,10418.0,score,2.07
task4,10419.0,score,2.07
task4,10420.0,score,2.08
task4,10421.0,score,2.14
task4,10422.0,score,2.15
task4,10423.0,score,2.1
task4,10424.0,score,2.1
task4,10425.0,score,2.12
task4,10426.0,score,2.12
task4,10427.0,score,2.1
task4,10428.0,score,2.1
task4,10429.0,score,2.14
task4,10430.0,score,2.13
task4,10431.0,score,2.13
task4,10432.0,score,2.13
task4,10433.0,score,2.12
task4,10434.0,score,2.21
task4,10435.0,score,2.2
task4,10436.0,score,2.22
task4,10437.0,score,2.22
task4,10438.0,score,2.19
task4,10439.0,score,2.18
task4,10440.0,score,2.2
task4,10441.0,score,2.19
task4,10442.0,score,2.18
task4,10443.0,score,2.2
task4,10444.0,score,2.19
task4,10445.0,score,2.18
task4,10446.0,score,2.13
task4,10447.0,score,2.05
task4,10448.0,score,2.07
task4,10449.0,score,2.02
task4,10450.0,score,1.98
task4,10451.0,score,1.98
task4,10452.0,score,2.0
task4,10453.0,score,2.0
task4,10454.0,score,2.0
task4,10455.0,score,2.02
task4,10456.0,score,2.02
task4,10457.0,score,2.02
task4,10458.0,score,2.04
task4,10459.0,score,2.04
task4,10460.0,score,2.03
task4,10461.0,score,2.01
task4,10462.0,score,2.01
task4,10463.0,score,2.01
task4,10464.0,score,2.01
task4,10465.0,score,2.01
task4,10466.0,score,2.0
task4,10467.0,score,1.97
task4,10468.0,score,2.0
task4,10469.0,score,1.98
task4,10470.0,score,1.98
task4,10471.0,score,1.98
task4,10472.0,score,1.9
task4,10473.0,score,1.87
task4,10474.0,score,1.88
task4,10475.0,score,1.81
task4,10476.0,score,1.8
task4,10477.0,score,1.87
task4,10478.0,score,1.87
task4,10479.0,score,1.87
task4,10480.0,score,1.86
task4,10481.0,score,1.85
task4,10482.0,score,1.86
task4,10483.0,score,1.93
task4,10484.0,score,1.93
task4,10485.0,score,1.94
task4,10486.0,score,1.93
task4,10487.0,score,1.94
task4,10488.0,score,1.94
task4,10489.0,score,1.96
task4,10490.0,score,1.96
task4,10491.0,score,1.97
task4,10492.0,score,1.97
task4,10493.0,score,1.99
task4,10494.0,score,1.99
task4,10495.0,score,1.93
task4,10496.0,score,1.91
task4,10497.0,score,2.03
task4,10498.0,score,2.01
task4,10499.0,score,2.02
task4,10500.0,score,1.9
task4,10501.0,score,1.93
task4,10502.0,score,1.94
task4,10503.0,score,1.94
task4,10504.0,score,1.95
task4,10505.0,score,1.93
task4,10506.0,score,1.92
task4,10507.0,score,1.92
task4,10508.0,score,1.93
task4,10509.0,score,1.91
task4,10510.0,score,1.9
task4,10511.0,score,1.91
task4,10512.0,score,1.92
task4,10513.0,score,1.91
task4,10514.0,score,1.9
task4,10515.0,score,1.91
task4,10516.0,score,1.93
task4,10517.0,score,1.95
task4,10518.0,score,1.97
task4,10519.0,score,1.94
task4,10520.0,score,1.94
task4,10521.0,score,1.88
task4,10522.0,score,1.88
task4,10523.0,score,1.91
task4,10524.0,score,1.93
task4,10525.0,score,1.89
task4,10526.0,score,1.89
task4,10527.0,score,1.89
task4,10528.0,score,1.89
task4,10529.0,score,1.85
task4,10530.0,score,1.89
task4,10531.0,score,1.96
task4,10532.0,score,1.98
task4,10533.0,score,2.04
task4,10534.0,score,1.97
task4,10535.0,score,1.99
task4,10536.0,score,1.97
task4,10537.0,score,1.98
task4,10538.0,score,1.98
task4,10539.0,score,1.98
task4,10540.0,score,1.97
task4,10541.0,score,1.99
task4,10542.0,score,2.03
task4,10543.0,score,2.01
task4,10544.0,score,1.99
task4,10545.0,score,1.97
task4,10546.0,score,2.02
task4,10547.0,score,2.05
task4,10548.0,score,2.05
task4,10549.0,score,2.09
task4,10550.0,score,2.11
task4,10551.0,score,2.12
task4,10552.0,score,2.08
task4,10553.0,score,2.09
task4,10554.0,score,2.07
task4,10555.0,score,2.06
task4,10556.0,score,2.04
task4,10557.0,score,2.04
task4,10558.0,score,2.05
task4,10559.0,score,2.04
task4,10560.0,score,2.04
task4,10561.0,score,2.05
task4,10562.0,score,2.08
task4,10563.0,score,2.08
task4,10564.0,score,2.1
task4,10565.0,score,2.09
task4,10566.0,score,2.09
task4,10567.0,score,2.08
task4,10568.0,score,2.05
task4,10569.0,score,2.06
task4,10570.0,score,2.04
task4,10571.0,score,2.03
task4,10572.0,score,2.05
task4,10573.0,score,2.07
task4,10574.0,score,2.03
task4,10575.0,score,2.04
task4,10576.0,score,2.06
task4,10577.0,score,1.97
task4,10578.0,score,1.95
task4,10579.0,score,1.95
task4,10580.0,score,1.95
task4,10581.0,score,1.95
task4,10582.0,score,1.95
task4,10583.0,score,1.95
task4,10584.0,score,1.95
task4,10585.0,score,2.02
task4,10586.0,score,2.04
task4,10587.0,score,2.03
task4,10588.0,score,2.02
task4,10589.0,score,1.98
task4,10590.0,score,1.99
task4,10591.0,score,1.98
task4,10592.0,score,1.95
task4,10593.0,score,1.92
task4,10594.0,score,1.92
task4,10595.0,score,1.92
task4,10596.0,score,1.94
task4,10597.0,score,1.82
task4,10598.0,score,1.85
task4,10599.0,score,1.86
task4,10600.0,score,1.87
task4,10601.0,score,1.91
task4,10602.0,score,1.93
task4,10603.0,score,1.95
task4,10604.0,score,1.95
task4,10605.0,score,1.98
task4,10606.0,score,1.99
task4,10607.0,score,2.01
task4,10608.0,score,2.02
task4,10609.0,score,2.01
task4,10610.0,score,2.01
task4,10611.0,score,2.01
task4,10612.0,score,2.0
task4,10613.0,score,2.01
task4,10614.0,score,2.02
task4,10615.0,score,2.06
task4,10616.0,score,2.05
task4,10617.0,score,2.03
task4,10618.0,score,2.0
task4,10619.0,score,2.02
task4,10620.0,score,2.02
task4,10621.0,score,2.02
task4,10622.0,score,2.04
task4,10623.0,score,2.01
task4,10624.0,score,1.99
task4,10625.0,score,2.0
task4,10626.0,score,2.02
task4,10627.0,score,2.04
task4,10628.0,score,2.04
task4,10629.0,score,2.05
task4,10630.0,score,2.03
task4,10631.0,score,1.96
task4,10632.0,score,1.96
task4,10633.0,score,1.88
task4,10634.0,score,1.89
task4,10635.0,score,1.88
task4,10636.0,score,1.87
task4,10637.0,score,1.84
task4,10638.0,score,1.84
task4,10639.0,score,1.85
task4,10640.0,score,1.83
task4,10641.0,score,1.85
task4,10642.0,score,1.81
task4,10643.0,score,1.82
task4,10644.0,score,1.82
task4,10645.0,score,1.85
task4,10646.0,score,1.8
task4,10647.0,score,1.78
task4,10648.0,score,1.77
task4,10649.0,score,1.75
task4,10650.0,score,1.74
task4,10651.0,score,1.72
task4,10652.0,score,1.72
task4,10653.0,score,1.73
task4,10654.0,score,1.71
task4,10655.0,score,1.73
task4,10656.0,score,1.74
task4,10657.0,score,1.77
task4,10658.0,score,1.75
task4,10659.0,score,1.75
task4,10660.0,score,1.8
task4,10661.0,score,1.86
task4,10662.0,score,1.86
task4,10663.0,score,1.88
task4,10664.0,score,1.88
task4,10665.0,score,1.88
task4,10666.0,score,1.87
task4,10667.0,score,1.89
task4,10668.0,score,1.9
task4,10669.0,score,1.91
task4,10670.0,score,1.96
task4,10671.0,score,1.97
task4,10672.0,score,1.95
task4,10673.0,score,1.94
task4,10674.0,score,1.94
task4,10675.0,score,1.96
task4,10676.0,score,1.93
task4,10677.0,score,1.92
task4,10678.0,score,1.94
task4,10679.0,score,1.94
task4,10680.0,score,1.95
task4,10681.0,score,1.94
task4,10682.0,score,1.94
task4,10683.0,score,1.87
task4,10684.0,score,1.86
task4,10685.0,score,1.78
task4,10686.0,score,1.76
task4,10687.0,score,1.76
task4,10688.0,score,1.75
task4,10689.0,score,1.76
task4,10690.0,score,1.74
task4,10691.0,score,1.75
task4,10692.0,score,1.79
task4,10693.0,score,1.78
task4,10694.0,score,1.79
task4,10695.0,score,1.79
task4,10696.0,score,1.8
task4,10697.0,score,1.8
task4,10698.0,score,1.77
task4,10699.0,score,1.78
task4,10700.0,score,1.78
task4,10701.0,score,1.71
task4,10702.0,score,1.69
task4,10703.0,score,1.71
task4,10704.0,score,1.71
task4,10705.0,score,1.69
task4,10706.0,score,1.67
task4,10707.0,score,1.65
task4,10708.0,score,1.67
task4,10709.0,score,1.67
task4,10710.0,score,1.68
task4,10711.0,score,1.68
task4,10712.0,score,1.72
task4,10713.0,score,1.74
task4,10714.0,score,1.74
task4,10715.0,score,1.71
task4,10716.0,score,1.7
task4,10717.0,score,1.72
task4,10718.0,score,1.72
task4,10719.0,score,1.72
task4,10720.0,score,1.74
task4,10721.0,score,1.74
task4,10722.0,score,1.71
task4,10723.0,score,1.73
task4,10724.0,score,1.73
task4,10725.0,score,1.74
task4,10726.0,score,1.74
task4,10727.0,score,1.71
task4,10728.0,score,1.69
task4,10729.0,score,1.7
task4,10730.0,score,1.69
task4,10731.0,score,1.7
task4,10732.0,score,1.73
task4,10733.0,score,1.74
task4,10734.0,score,1.73
task4,10735.0,score,1.73
task4,10736.0,score,1.74
task4,10737.0,score,1.74
task4,10738.0,score,1.75
task4,10739.0,score,1.75
task4,10740.0,score,1.77
task4,10741.0,score,1.74
task4,10742.0,score,1.75
task4,10743.0,score,1.74
task4,10744.0,score,1.74
task4,10745.0,score,1.73
task4,10746.0,score,1.73
task4,10747.0,score,1.73
task4,10748.0,score,1.74
task4,10749.0,score,1.76
task4,10750.0,score,1.77
task4,10751.0,score,1.76
task4,10752.0,score,1.77
task4,10753.0,score,1.77
task4,10754.0,score,1.77
task4,10755.0,score,1.77
task4,10756.0,score,1.78
task4,10757.0,score,1.77
task4,10758.0,score,1.77
task4,10759.0,score,1.78
task4,10760.0,score,1.73
task4,10761.0,score,1.66
task4,10762.0,score,1.62
task4,10763.0,score,1.6
task4,10764.0,score,1.59
task4,10765.0,score,1.58
task4,10766.0,score,1.59
task4,10767.0,score,1.58
task4,10768.0,score,1.56
task4,10769.0,score,1.58
task4,10770.0,score,1.53
task4,10771.0,score,1.54
task4,10772.0,score,1.56
task4,10773.0,score,1.55
task4,10774.0,score,1.55
task4,10775.0,score,1.53
task4,10776.0,score,1.54
task4,10777.0,score,1.54
task4,10778.0,score,1.57
task4,10779.0,score,1.61
task4,10780.0,score,1.6
task4,10781.0,score,1.61
task4,10782.0,score,1.6
task4,10783.0,score,1.62
task4,10784.0,score,1.61
task4,10785.0,score,1.63
task4,10786.0,score,1.63
task4,10787.0,score,1.65
task4,10788.0,score,1.66
task4,10789.0,score,1.66
task4,10790.0,score,1.66
task4,10791.0,score,1.68
task4,10792.0,score,1.65
task4,10793.0,score,1.69
task4,10794.0,score,1.71
task4,10795.0,score,1.7
task4,10796.0,score,1.67
task4,10797.0,score,1.68
task4,10798.0,score,1.69
task4,10799.0,score,1.68
task4,10800.0,score,1.67
task4,10801.0,score,1.7
task4,10802.0,score,1.71
task4,10803.0,score,1.67
task4,10804.0,score,1.68
task4,10805.0,score,1.71
task4,10806.0,score,1.73
task4,10807.0,score,1.74
task4,10808.0,score,1.76
task4,10809.0,score,1.76
task4,10810.0,score,1.75
task4,10811.0,score,1.73
task4,10812.0,score,1.71
task4,10813.0,score,1.71
task4,10814.0,score,1.7
task4,10815.0,score,1.74
task4,10816.0,score,1.74
task4,10817.0,score,1.74
task4,10818.0,score,1.73
task4,10819.0,score,1.75
task4,10820.0,score,1.72
task4,10821.0,score,1.71
task4,10822.0,score,1.71
task4,10823.0,score,1.7
task4,10824.0,score,1.69
task4,10825.0,score,1.7
task4,10826.0,score,1.7
task4,10827.0,score,1.72
task4,10828.0,score,1.74
task4,10829.0,score,1.74
task4,10830.0,score,1.74
task4,10831.0,score,1.76
task4,10832.0,score,1.71
task4,10833.0,score,1.7
task4,10834.0,score,1.7
task4,10835.0,score,1.69
task4,10836.0,score,1.69
task4,10837.0,score,1.7
task4,10838.0,score,1.71
task4,10839.0,score,1.71
task4,10840.0,score,1.69
task4,10841.0,score,1.68
task4,10842.0,score,1.66
task4,10843.0,score,1.66
task4,10844.0,score,1.66
task4,10845.0,score,1.65
task4,10846.0,score,1.65
task4,10847.0,score,1.66
task4,10848.0,score,1.65
task4,10849.0,score,1.64
task4,10850.0,score,1.63
task4,10851.0,score,1.66
task4,10852.0,score,1.67
task4,10853.0,score,1.69
task4,10854.0,score,1.7
task4,10855.0,score,1.67
task4,10856.0,score,1.73
task4,10857.0,score,1.72
task4,10858.0,score,1.72
task4,10859.0,score,1.7
task4,10860.0,score,1.72
task4,10861.0,score,1.72
task4,10862.0,score,1.73
task4,10863.0,score,1.74
task4,10864.0,score,1.72
task4,10865.0,score,1.74
task4,10866.0,score,1.75
task4,10867.0,score,1.76
task4,10868.0,score,1.8
task4,10869.0,score,1.76
task4,10870.0,score,1.78
task4,10871.0,score,1.76
task4,10872.0,score,1.77
task4,10873.0,score,1.77
task4,10874.0,score,1.78
task4,10875.0,score,1.83
task4,10876.0,score,1.84
task4,10877.0,score,1.87
task4,10878.0,score,1.82
task4,10879.0,score,1.78
task4,10880.0,score,1.79
task4,10881.0,score,1.81
task4,10882.0,score,1.82
task4,10883.0,score,1.81
task4,10884.0,score,1.87
task4,10885.0,score,1.88
task4,10886.0,score,1.87
task4,10887.0,score,1.88
task4,10888.0,score,1.91
task4,10889.0,score,1.94
task4,10890.0,score,1.96
task4,10891.0,score,1.93
task4,10892.0,score,1.92
task4,10893.0,score,2.01
task4,10894.0,score,2.03
task4,10895.0,score,2.05
task4,10896.0,score,2.07
task4,10897.0,score,2.06
task4,10898.0,score,2.05
task4,10899.0,score,2.05
task4,10900.0,score,2.09
task4,10901.0,score,2.06
task4,10902.0,score,2.06
task4,10903.0,score,2.06
task4,10904.0,score,2.05
task4,10905.0,score,2.01
task4,10906.0,score,2.0
task4,10907.0,score,2.0
task4,10908.0,score,1.95
task4,10909.0,score,2.01
task4,10910.0,score,2.01
task4,10911.0,score,2.02
task4,10912.0,score,2.0
task4,10913.0,score,1.97
task4,10914.0,score,1.97
task4,10915.0,score,1.92
task4,10916.0,score,1.93
task4,10917.0,score,1.94
task4,10918.0,score,1.94
task4,10919.0,score,1.91
task4,10920.0,score,1.92
task4,10921.0,score,1.92
task4,10922.0,score,1.92
task4,10923.0,score,1.92
task4,10924.0,score,1.93
task4,10925.0,score,1.91
task4,10926.0,score,2.02
task4,10927.0,score,2.01
task4,10928.0,score,2.01
task4,10929.0,score,2.06
task4,10930.0,score,2.06
task4,10931.0,score,2.04
task4,10932.0,score,2.05
task4,10933.0,score,2.05
task4,10934.0,score,2.04
task4,10935.0,score,2.06
task4,10936.0,score,2.13
task4,10937.0,score,2.2
task4,10938.0,score,2.18
task4,10939.0,score,2.18
task4,10940.0,score,2.19
task4,10941.0,score,2.19
task4,10942.0,score,2.21
task4,10943.0,score,2.21
task4,10944.0,score,2.23
task4,10945.0,score,2.25
task4,10946.0,score,2.23
task4,10947.0,score,2.23
task4,10948.0,score,2.25
task4,10949.0,score,2.22
task4,10950.0,score,2.21
task4,10951.0,score,2.19
task4,10952.0,score,2.19
task4,10953.0,score,2.16
task4,10954.0,score,2.16
task4,10955.0,score,2.16
task4,10956.0,score,2.08
task4,10957.0,score,2.08
task4,10958.0,score,2.11
task4,10959.0,score,2.11
task4,10960.0,score,2.11
task4,10961.0,score,2.11
task4,10962.0,score,2.14
task4,10963.0,score,2.12
task4,10964.0,score,2.12
task4,10965.0,score,2.13
task4,10966.0,score,2.13
task4,10967.0,score,2.12
task4,10968.0,score,2.14
task4,10969.0,score,2.14
task4,10970.0,score,2.14
task4,10971.0,score,2.13
task4,10972.0,score,2.13
task4,10973.0,score,2.13
task4,10974.0,score,2.13
task4,10975.0,score,2.08
task4,10976.0,score,2.06
task4,10977.0,score,2.03
task4,10978.0,score,2.03
task4,10979.0,score,2.04
task4,10980.0,score,2.05
task4,10981.0,score,2.02
task4,10982.0,score,2.04
task4,10983.0,score,2.04
task4,10984.0,score,1.99
task4,10985.0,score,1.95
task4,10986.0,score,1.95
task4,10987.0,score,1.93
task4,10988.0,score,1.97
task4,10989.0,score,1.94
task4,10990.0,score,1.91
task4,10991.0,score,1.9
task4,10992.0,score,1.94
task4,10993.0,score,1.81
task4,10994.0,score,1.77
task4,10995.0,score,1.76
task4,10996.0,score,1.78
task4,10997.0,score,1.8
task4,10998.0,score,1.8
task4,10999.0,score,1.78
task4,11000.0,score,1.75
task4,11001.0,score,1.77
task4,11002.0,score,1.75
task4,11003.0,score,1.78
task4,11004.0,score,1.79
task4,11005.0,score,1.79
task4,11006.0,score,1.8
task4,11007.0,score,1.78
task4,11008.0,score,1.79
task4,11009.0,score,1.74
task4,11010.0,score,1.73
task4,11011.0,score,1.76
task4,11012.0,score,1.78
task4,11013.0,score,1.79
task4,11014.0,score,1.81
task4,11015.0,score,1.83
task4,11016.0,score,1.82
task4,11017.0,score,1.81
task4,11018.0,score,1.86
task4,11019.0,score,1.87
task4,11020.0,score,1.88
task4,11021.0,score,1.9
task4,11022.0,score,1.94
task4,11023.0,score,1.95
task4,11024.0,score,1.97
task4,11025.0,score,1.98
task4,11026.0,score,1.86
task4,11027.0,score,1.85
task4,11028.0,score,1.83
task4,11029.0,score,1.79
task4,11030.0,score,1.79
task4,11031.0,score,1.8
task4,11032.0,score,1.81
task4,11033.0,score,1.85
task4,11034.0,score,1.86
task4,11035.0,score,1.85
task4,11036.0,score,1.77
task4,11037.0,score,1.73
task4,11038.0,score,1.77
task4,11039.0,score,1.77
task4,11040.0,score,1.77
task4,11041.0,score,1.8
task4,11042.0,score,1.81
task4,11043.0,score,1.8
task4,11044.0,score,1.79
task4,11045.0,score,1.76
task4,11046.0,score,1.78
task4,11047.0,score,1.77
task4,11048.0,score,1.74
task4,11049.0,score,1.76
task4,11050.0,score,1.76
task4,11051.0,score,1.77
task4,11052.0,score,1.75
task4,11053.0,score,1.75
task4,11054.0,score,1.76
task4,11055.0,score,1.77
task4,11056.0,score,1.78
task4,11057.0,score,1.8
task4,11058.0,score,1.77
task4,11059.0,score,1.77
task4,11060.0,score,1.76
task4,11061.0,score,1.78
task4,11062.0,score,1.76
task4,11063.0,score,1.79
task4,11064.0,score,1.79
task4,11065.0,score,1.77
task4,11066.0,score,1.78
task4,11067.0,score,1.82
task4,11068.0,score,1.78
task4,11069.0,score,1.77
task4,11070.0,score,1.75
task4,11071.0,score,1.8
task4,11072.0,score,1.77
task4,11073.0,score,1.79
task4,11074.0,score,1.8
task4,11075.0,score,1.81
task4,11076.0,score,1.82
task4,11077.0,score,1.8
task4,11078.0,score,1.82
task4,11079.0,score,1.85
task4,11080.0,score,1.82
task4,11081.0,score,1.85
task4,11082.0,score,1.84
task4,11083.0,score,1.83
task4,11084.0,score,1.83
task4,11085.0,score,1.86
task4,11086.0,score,1.88
task4,11087.0,score,1.88
task4,11088.0,score,1.82
task4,11089.0,score,1.81
task4,11090.0,score,1.84
task4,11091.0,score,1.85
task4,11092.0,score,1.84
task4,11093.0,score,1.86
task4,11094.0,score,1.89
task4,11095.0,score,1.88
task4,11096.0,score,1.86
task4,11097.0,score,1.85
task4,11098.0,score,1.86
task4,11099.0,score,1.87
task4,11100.0,score,1.89
task4,11101.0,score,1.88
task4,11102.0,score,1.88
task4,11103.0,score,1.86
task4,11104.0,score,1.86
task4,11105.0,score,1.86
task4,11106.0,score,1.86
task4,11107.0,score,1.87
task4,11108.0,score,1.86
task4,11109.0,score,1.85
task4,11110.0,score,1.85
task4,11111.0,score,1.84
task4,11112.0,score,1.83
task4,11113.0,score,1.86
task4,11114.0,score,1.9
task4,11115.0,score,1.9
task4,11116.0,score,1.92
task4,11117.0,score,1.94
task4,11118.0,score,1.88
task4,11119.0,score,1.88
task4,11120.0,score,1.87
task4,11121.0,score,1.83
task4,11122.0,score,1.81
task4,11123.0,score,1.82
task4,11124.0,score,1.81
task4,11125.0,score,1.79
task4,11126.0,score,1.78
task4,11127.0,score,1.79
task4,11128.0,score,1.81
task4,11129.0,score,1.8
task4,11130.0,score,1.79
task4,11131.0,score,1.85
task4,11132.0,score,1.83
task4,11133.0,score,1.83
task4,11134.0,score,1.83
task4,11135.0,score,1.83
task4,11136.0,score,1.87
task4,11137.0,score,1.85
task4,11138.0,score,1.83
task4,11139.0,score,1.83
task4,11140.0,score,1.83
task4,11141.0,score,1.87
task4,11142.0,score,1.87
task4,11143.0,score,1.9
task4,11144.0,score,1.94
task4,11145.0,score,1.94
task4,11146.0,score,1.96
task4,11147.0,score,1.95
task4,11148.0,score,1.98
task4,11149.0,score,1.97
task4,11150.0,score,1.98
task4,11151.0,score,1.97
task4,11152.0,score,1.98
task4,11153.0,score,1.98
task4,11154.0,score,1.96
task4,11155.0,score,1.97
task4,11156.0,score,1.98
task4,11157.0,score,1.95
task4,11158.0,score,1.96
task4,11159.0,score,1.97
task4,11160.0,score,1.95
task4,11161.0,score,1.93
task4,11162.0,score,1.93
task4,11163.0,score,1.98
task4,11164.0,score,2.01
task4,11165.0,score,2.0
task4,11166.0,score,2.02
task4,11167.0,score,2.0
task4,11168.0,score,2.0
task4,11169.0,score,2.07
task4,11170.0,score,2.08
task4,11171.0,score,2.04
task4,11172.0,score,2.09
task4,11173.0,score,2.07
task4,11174.0,score,2.05
task4,11175.0,score,2.05
task4,11176.0,score,2.05
task4,11177.0,score,2.07
task4,11178.0,score,2.07
task4,11179.0,score,2.11
task4,11180.0,score,2.11
task4,11181.0,score,2.1
task4,11182.0,score,2.08
task4,11183.0,score,2.08
task4,11184.0,score,2.08
task4,11185.0,score,2.06
task4,11186.0,score,2.07
task4,11187.0,score,2.07
task4,11188.0,score,2.06
task4,11189.0,score,2.08
task4,11190.0,score,2.07
task4,11191.0,score,2.07
task4,11192.0,score,2.05
task4,11193.0,score,2.04
task4,11194.0,score,2.05
task4,11195.0,score,2.06
task4,11196.0,score,2.04
task4,11197.0,score,2.03
task4,11198.0,score,2.05
task4,11199.0,score,2.06
task4,11200.0,score,2.03
task4,11201.0,score,2.01
task4,11202.0,score,2.02
task4,11203.0,score,2.03
task4,11204.0,score,2.05
task4,11205.0,score,2.05
task4,11206.0,score,2.08
task4,11207.0,score,2.1
task4,11208.0,score,2.1
task4,11209.0,score,2.15
task4,11210.0,score,2.19
task4,11211.0,score,2.16
task4,11212.0,score,2.16
task4,11213.0,score,2.12
task4,11214.0,score,2.05
task4,11215.0,score,2.03
task4,11216.0,score,2.05
task4,11217.0,score,2.01
task4,11218.0,score,2.02
task4,11219.0,score,2.03
task4,11220.0,score,2.03
task4,11221.0,score,2.1
task4,11222.0,score,2.08
task4,11223.0,score,2.05
task4,11224.0,score,2.03
task4,11225.0,score,2.05
task4,11226.0,score,2.11
task4,11227.0,score,2.12
task4,11228.0,score,2.11
task4,11229.0,score,2.1
task4,11230.0,score,2.15
task4,11231.0,score,2.07
task4,11232.0,score,2.07
task4,11233.0,score,2.04
task4,11234.0,score,2.05
task4,11235.0,score,2.06
task4,11236.0,score,2.04
task4,11237.0,score,2.03
task4,11238.0,score,2.01
task4,11239.0,score,2.02
task4,11240.0,score,2.03
task4,11241.0,score,2.02
task4,11242.0,score,2.0
task4,11243.0,score,1.98
task4,11244.0,score,1.93
task4,11245.0,score,1.93
task4,11246.0,score,1.93
task4,11247.0,score,1.93
task4,11248.0,score,1.9
task4,11249.0,score,1.9
task4,11250.0,score,1.9
task4,11251.0,score,1.89
task4,11252.0,score,1.9
task4,11253.0,score,1.94
task4,11254.0,score,1.95
task4,11255.0,score,1.95
task4,11256.0,score,1.96
task4,11257.0,score,1.98
task4,11258.0,score,1.96
task4,11259.0,score,1.95
task4,11260.0,score,1.96
task4,11261.0,score,1.97
task4,11262.0,score,2.06
task4,11263.0,score,1.99
task4,11264.0,score,2.05
task4,11265.0,score,2.09
task4,11266.0,score,2.05
task4,11267.0,score,2.03
task4,11268.0,score,2.01
task4,11269.0,score,1.95
task4,11270.0,score,1.94
task4,11271.0,score,1.94
task4,11272.0,score,1.91
task4,11273.0,score,1.94
task4,11274.0,score,1.96
task4,11275.0,score,1.97
task4,11276.0,score,1.97
task4,11277.0,score,1.97
task4,11278.0,score,1.95
task4,11279.0,score,1.9
task4,11280.0,score,1.91
task4,11281.0,score,1.89
task4,11282.0,score,1.91
task4,11283.0,score,1.93
task4,11284.0,score,1.95
task4,11285.0,score,1.94
task4,11286.0,score,1.95
task4,11287.0,score,1.96
task4,11288.0,score,1.99
task4,11289.0,score,1.97
task4,11290.0,score,2.0
task4,11291.0,score,2.02
task4,11292.0,score,2.03
task4,11293.0,score,2.08
task4,11294.0,score,2.08
task4,11295.0,score,2.09
task4,11296.0,score,2.11
task4,11297.0,score,2.12
task4,11298.0,score,2.11
task4,11299.0,score,2.1
task4,11300.0,score,2.12
task4,11301.0,score,2.15
task4,11302.0,score,2.16
task4,11303.0,score,2.15
task4,11304.0,score,2.13
task4,11305.0,score,2.16
task4,11306.0,score,2.11
task4,11307.0,score,2.08
task4,11308.0,score,2.09
task4,11309.0,score,2.06
task4,11310.0,score,2.04
task4,11311.0,score,2.04
task4,11312.0,score,2.04
task4,11313.0,score,2.05
task4,11314.0,score,2.06
task4,11315.0,score,2.07
task4,11316.0,score,2.03
task4,11317.0,score,2.04
task4,11318.0,score,2.09
task4,11319.0,score,2.07
task4,11320.0,score,2.08
task4,11321.0,score,2.02
task4,11322.0,score,2.04
task4,11323.0,score,2.05
task4,11324.0,score,2.05
task4,11325.0,score,2.05
task4,11326.0,score,1.99
task4,11327.0,score,1.99
task4,11328.0,score,2.0
task4,11329.0,score,2.02
task4,11330.0,score,1.98
task4,11331.0,score,1.98
task4,11332.0,score,1.99
task4,11333.0,score,1.98
task4,11334.0,score,1.97
task4,11335.0,score,1.97
task4,11336.0,score,1.95
task4,11337.0,score,1.98
task4,11338.0,score,1.98
task4,11339.0,score,1.97
task4,11340.0,score,1.99
task4,11341.0,score,1.95
task4,11342.0,score,2.0
task4,11343.0,score,1.99
task4,11344.0,score,2.01
task4,11345.0,score,2.01
task4,11346.0,score,1.97
task4,11347.0,score,1.98
task4,11348.0,score,2.0
task4,11349.0,score,2.0
task4,11350.0,score,2.0
task4,11351.0,score,2.08
task4,11352.0,score,2.08
task4,11353.0,score,2.06
task4,11354.0,score,2.07
task4,11355.0,score,2.06
task4,11356.0,score,2.04
task4,11357.0,score,2.01
task4,11358.0,score,2.02
task4,11359.0,score,2.04
task4,11360.0,score,2.03
task4,11361.0,score,2.04
task4,11362.0,score,1.93
task4,11363.0,score,1.96
task4,11364.0,score,1.89
task4,11365.0,score,1.88
task4,11366.0,score,1.87
task4,11367.0,score,1.89
task4,11368.0,score,1.92
task4,11369.0,score,1.94
task4,11370.0,score,1.99
task4,11371.0,score,2.03
task4,11372.0,score,2.03
task4,11373.0,score,2.0
task4,11374.0,score,2.01
task4,11375.0,score,1.98
task4,11376.0,score,2.03
task4,11377.0,score,2.03
task4,11378.0,score,2.04
task4,11379.0,score,2.04
task4,11380.0,score,2.09
task4,11381.0,score,2.11
task4,11382.0,score,2.12
task4,11383.0,score,2.11
task4,11384.0,score,2.1
task4,11385.0,score,2.12
task4,11386.0,score,2.08
task4,11387.0,score,2.1
task4,11388.0,score,2.11
task4,11389.0,score,2.15
task4,11390.0,score,2.09
task4,11391.0,score,2.1
task4,11392.0,score,2.1
task4,11393.0,score,2.07
task4,11394.0,score,2.03
task4,11395.0,score,2.03
task4,11396.0,score,2.02
task4,11397.0,score,2.03
task4,11398.0,score,2.05
task4,11399.0,score,2.04
task4,11400.0,score,2.03
task4,11401.0,score,2.01
task4,11402.0,score,2.01
task4,11403.0,score,2.05
task4,11404.0,score,2.05
task4,11405.0,score,2.03
task4,11406.0,score,2.06
task4,11407.0,score,2.09
task4,11408.0,score,2.08
task4,11409.0,score,2.08
task4,11410.0,score,2.07
task4,11411.0,score,2.09
task4,11412.0,score,2.08
task4,11413.0,score,2.07
task4,11414.0,score,2.06
task4,11415.0,score,2.05
task4,11416.0,score,2.09
task4,11417.0,score,2.09
task4,11418.0,score,2.05
task4,11419.0,score,2.06
task4,11420.0,score,2.05
task4,11421.0,score,2.09
task4,11422.0,score,2.09
task4,11423.0,score,2.1
task4,11424.0,score,2.14
task4,11425.0,score,2.14
task4,11426.0,score,2.18
task4,11427.0,score,2.19
task4,11428.0,score,2.2
task4,11429.0,score,2.18
task4,11430.0,score,2.17
task4,11431.0,score,2.2
task4,11432.0,score,2.21
task4,11433.0,score,2.22
task4,11434.0,score,2.2
task4,11435.0,score,2.18
task4,11436.0,score,2.18
task4,11437.0,score,2.17
task4,11438.0,score,2.17
task4,11439.0,score,2.18
task4,11440.0,score,2.19
task4,11441.0,score,2.17
task4,11442.0,score,2.11
task4,11443.0,score,2.14
task4,11444.0,score,2.12
task4,11445.0,score,2.12
task4,11446.0,score,2.15
task4,11447.0,score,2.14
task4,11448.0,score,2.15
task4,11449.0,score,2.16
task4,11450.0,score,2.16
task4,11451.0,score,2.1
task4,11452.0,score,2.11
task4,11453.0,score,2.08
task4,11454.0,score,2.05
task4,11455.0,score,2.07
task4,11456.0,score,2.07
task4,11457.0,score,2.08
task4,11458.0,score,2.1
task4,11459.0,score,2.11
task4,11460.0,score,2.14
task4,11461.0,score,2.16
task4,11462.0,score,2.18
task4,11463.0,score,2.15
task4,11464.0,score,2.13
task4,11465.0,score,2.1
task4,11466.0,score,2.11
task4,11467.0,score,2.08
task4,11468.0,score,2.06
task4,11469.0,score,2.05
task4,11470.0,score,2.0
task4,11471.0,score,1.95
task4,11472.0,score,2.01
task4,11473.0,score,2.02
task4,11474.0,score,2.02
task4,11475.0,score,2.04
task4,11476.0,score,2.01
task4,11477.0,score,2.0
task4,11478.0,score,2.01
task4,11479.0,score,1.99
task4,11480.0,score,1.93
task4,11481.0,score,1.94
task4,11482.0,score,1.92
task4,11483.0,score,1.92
task4,11484.0,score,1.93
task4,11485.0,score,1.91
task4,11486.0,score,1.98
task4,11487.0,score,1.94
task4,11488.0,score,1.92
task4,11489.0,score,1.89
task4,11490.0,score,1.89
task4,11491.0,score,1.88
task4,11492.0,score,1.88
task4,11493.0,score,1.87
task4,11494.0,score,1.87
task4,11495.0,score,1.85
task4,11496.0,score,1.85
task4,11497.0,score,1.85
task4,11498.0,score,1.82
task4,11499.0,score,1.86
task4,11500.0,score,1.85
task4,11501.0,score,1.87
task4,11502.0,score,1.85
task4,11503.0,score,1.82
task4,11504.0,score,1.82
task4,11505.0,score,1.81
task4,11506.0,score,1.78
task4,11507.0,score,1.75
task4,11508.0,score,1.74
task4,11509.0,score,1.73
task4,11510.0,score,1.8
task4,11511.0,score,1.81
task4,11512.0,score,1.84
task4,11513.0,score,1.89
task4,11514.0,score,1.9
task4,11515.0,score,1.9
task4,11516.0,score,1.93
task4,11517.0,score,1.93
task4,11518.0,score,1.92
task4,11519.0,score,1.93
task4,11520.0,score,1.92
task4,11521.0,score,1.89
task4,11522.0,score,1.89
task4,11523.0,score,1.94
task4,11524.0,score,1.91
task4,11525.0,score,1.92
task4,11526.0,score,1.91
task4,11527.0,score,1.88
task4,11528.0,score,1.87
task4,11529.0,score,1.87
task4,11530.0,score,1.89
task4,11531.0,score,1.9
task4,11532.0,score,1.9
task4,11533.0,score,1.9
task4,11534.0,score,1.9
task4,11535.0,score,1.93
task4,11536.0,score,1.95
task4,11537.0,score,1.94
task4,11538.0,score,1.96
task4,11539.0,score,1.95
task4,11540.0,score,1.91
task4,11541.0,score,1.93
task4,11542.0,score,1.94
task4,11543.0,score,1.93
task4,11544.0,score,1.94
task4,11545.0,score,1.94
task4,11546.0,score,1.95
task4,11547.0,score,1.98
task4,11548.0,score,1.95
task4,11549.0,score,1.99
task4,11550.0,score,1.98
task4,11551.0,score,1.96
task4,11552.0,score,1.95
task4,11553.0,score,1.95
task4,11554.0,score,2.02
task4,11555.0,score,2.0
task4,11556.0,score,2.02
task4,11557.0,score,2.03
task4,11558.0,score,2.05
task4,11559.0,score,2.05
task4,11560.0,score,2.03
task4,11561.0,score,1.99
task4,11562.0,score,2.03
task4,11563.0,score,2.05
task4,11564.0,score,2.04
task4,11565.0,score,2.06
task4,11566.0,score,2.06
task4,11567.0,score,2.07
task4,11568.0,score,2.07
task4,11569.0,score,2.1
task4,11570.0,score,2.11
task4,11571.0,score,2.12
task4,11572.0,score,2.05
task4,11573.0,score,2.06
task4,11574.0,score,2.04
task4,11575.0,score,2.09
task4,11576.0,score,2.07
task4,11577.0,score,2.17
task4,11578.0,score,2.16
task4,11579.0,score,2.22
task4,11580.0,score,2.23
task4,11581.0,score,2.26
task4,11582.0,score,2.25
task4,11583.0,score,2.26
task4,11584.0,score,2.25
task4,11585.0,score,2.26
task4,11586.0,score,2.22
task4,11587.0,score,2.23
task4,11588.0,score,2.21
task4,11589.0,score,2.22
task4,11590.0,score,2.29
task4,11591.0,score,2.28
task4,11592.0,score,2.28
task4,11593.0,score,2.27
task4,11594.0,score,2.26
task4,11595.0,score,2.28
task4,11596.0,score,2.27
task4,11597.0,score,2.26
task4,11598.0,score,2.25
task4,11599.0,score,2.23
task4,11600.0,score,2.23
task4,11601.0,score,2.2
task4,11602.0,score,2.2
task4,11603.0,score,2.24
task4,11604.0,score,2.23
task4,11605.0,score,2.24
task4,11606.0,score,2.25
task4,11607.0,score,2.26
task4,11608.0,score,2.29
task4,11609.0,score,2.29
task4,11610.0,score,2.26
task4,11611.0,score,2.26
task4,11612.0,score,2.25
task4,11613.0,score,2.2
task4,11614.0,score,2.2
task4,11615.0,score,2.2
task4,11616.0,score,2.13
task4,11617.0,score,2.13
task4,11618.0,score,2.15
task4,11619.0,score,2.13
task4,11620.0,score,2.15
task4,11621.0,score,2.13
task4,11622.0,score,2.13
task4,11623.0,score,2.08
task4,11624.0,score,2.08
task4,11625.0,score,2.05
task4,11626.0,score,2.05
task4,11627.0,score,2.06
task4,11628.0,score,2.07
task4,11629.0,score,2.08
task4,11630.0,score,2.07
task4,11631.0,score,2.05
task4,11632.0,score,2.03
task4,11633.0,score,2.06
task4,11634.0,score,2.07
task4,11635.0,score,2.06
task4,11636.0,score,2.11
task4,11637.0,score,2.09
task4,11638.0,score,2.07
task4,11639.0,score,2.05
task4,11640.0,score,2.05
task4,11641.0,score,2.02
task4,11642.0,score,2.02
task4,11643.0,score,2.0
task4,11644.0,score,2.01
task4,11645.0,score,2.04
task4,11646.0,score,2.0
task4,11647.0,score,1.98
task4,11648.0,score,1.99
task4,11649.0,score,1.94
task4,11650.0,score,1.97
task4,11651.0,score,2.0
task4,11652.0,score,1.99
task4,11653.0,score,2.0
task4,11654.0,score,1.93
task4,11655.0,score,2.0
task4,11656.0,score,1.98
task4,11657.0,score,1.98
task4,11658.0,score,1.94
task4,11659.0,score,1.93
task4,11660.0,score,1.95
task4,11661.0,score,1.96
task4,11662.0,score,1.92
task4,11663.0,score,1.89
task4,11664.0,score,1.91
task4,11665.0,score,1.89
task4,11666.0,score,1.91
task4,11667.0,score,1.92
task4,11668.0,score,1.93
task4,11669.0,score,1.9
task4,11670.0,score,1.9
task4,11671.0,score,1.89
task4,11672.0,score,1.88
task4,11673.0,score,1.89
task4,11674.0,score,1.88
task4,11675.0,score,1.82
task4,11676.0,score,1.81
task4,11677.0,score,1.71
task4,11678.0,score,1.72
task4,11679.0,score,1.69
task4,11680.0,score,1.69
task4,11681.0,score,1.7
task4,11682.0,score,1.71
task4,11683.0,score,1.7
task4,11684.0,score,1.68
task4,11685.0,score,1.68
task4,11686.0,score,1.68
task4,11687.0,score,1.67
task4,11688.0,score,1.68
task4,11689.0,score,1.73
task4,11690.0,score,1.68
task4,11691.0,score,1.75
task4,11692.0,score,1.75
task4,11693.0,score,1.76
task4,11694.0,score,1.82
task4,11695.0,score,1.81
task4,11696.0,score,1.82
task4,11697.0,score,1.8
task4,11698.0,score,1.81
task4,11699.0,score,1.8
task4,11700.0,score,1.81
task4,11701.0,score,1.82
task4,11702.0,score,1.83
task4,11703.0,score,1.77
task4,11704.0,score,1.78
task4,11705.0,score,1.8
task4,11706.0,score,1.82
task4,11707.0,score,1.81
task4,11708.0,score,1.82
task4,11709.0,score,1.8
task4,11710.0,score,1.77
task4,11711.0,score,1.74
task4,11712.0,score,1.74
task4,11713.0,score,1.77
task4,11714.0,score,1.78
task4,11715.0,score,1.79
task4,11716.0,score,1.84
task4,11717.0,score,1.86
task4,11718.0,score,1.86
task4,11719.0,score,1.88
task4,11720.0,score,1.89
task4,11721.0,score,1.9
task4,11722.0,score,1.91
task4,11723.0,score,1.91
task4,11724.0,score,1.94
task4,11725.0,score,1.94
task4,11726.0,score,1.92
task4,11727.0,score,1.91
task4,11728.0,score,1.91
task4,11729.0,score,1.92
task4,11730.0,score,1.92
task4,11731.0,score,1.94
task4,11732.0,score,1.94
task4,11733.0,score,1.93
task4,11734.0,score,1.95
task4,11735.0,score,1.97
task4,11736.0,score,1.92
task4,11737.0,score,1.93
task4,11738.0,score,1.94
task4,11739.0,score,1.95
task4,11740.0,score,1.96
task4,11741.0,score,2.01
task4,11742.0,score,2.05
task4,11743.0,score,2.06
task4,11744.0,score,2.05
task4,11745.0,score,2.04
task4,11746.0,score,2.09
task4,11747.0,score,2.13
task4,11748.0,score,2.15
task4,11749.0,score,2.14
task4,11750.0,score,2.12
task4,11751.0,score,2.1
task4,11752.0,score,2.13
task4,11753.0,score,2.13
task4,11754.0,score,2.14
task4,11755.0,score,2.06
task4,11756.0,score,2.07
task4,11757.0,score,2.07
task4,11758.0,score,2.12
task4,11759.0,score,2.13
task4,11760.0,score,2.13
task4,11761.0,score,2.25
task4,11762.0,score,2.24
task4,11763.0,score,2.24
task4,11764.0,score,2.23
task4,11765.0,score,2.26
task4,11766.0,score,2.23
task4,11767.0,score,2.22
task4,11768.0,score,2.24
task4,11769.0,score,2.24
task4,11770.0,score,2.24
task4,11771.0,score,2.26
task4,11772.0,score,2.28
task4,11773.0,score,2.25
task4,11774.0,score,2.26
task4,11775.0,score,2.27
task4,11776.0,score,2.27
task4,11777.0,score,2.27
task4,11778.0,score,2.26
task4,11779.0,score,2.23
task4,11780.0,score,2.24
task4,11781.0,score,2.17
task4,11782.0,score,2.18
task4,11783.0,score,2.18
task4,11784.0,score,2.19
task4,11785.0,score,2.2
task4,11786.0,score,2.18
task4,11787.0,score,2.25
task4,11788.0,score,2.24
task4,11789.0,score,2.19
task4,11790.0,score,2.18
task4,11791.0,score,2.12
task4,11792.0,score,2.11
task4,11793.0,score,2.11
task4,11794.0,score,2.08
task4,11795.0,score,2.1
task4,11796.0,score,2.09
task4,11797.0,score,2.1
task4,11798.0,score,2.1
task4,11799.0,score,2.1
task4,11800.0,score,2.12
task4,11801.0,score,2.17
task4,11802.0,score,2.16
task4,11803.0,score,2.16
task4,11804.0,score,2.15
task4,11805.0,score,2.14
task4,11806.0,score,2.12
task4,11807.0,score,2.16
task4,11808.0,score,2.14
task4,11809.0,score,2.2
task4,11810.0,score,2.19
task4,11811.0,score,2.22
task4,11812.0,score,2.19
task4,11813.0,score,2.2
task4,11814.0,score,2.23
task4,11815.0,score,2.24
task4,11816.0,score,2.21
task4,11817.0,score,2.2
task4,11818.0,score,2.2
task4,11819.0,score,2.18
task4,11820.0,score,2.15
task4,11821.0,score,2.17
task4,11822.0,score,2.14
task4,11823.0,score,2.13
task4,11824.0,score,2.11
task4,11825.0,score,2.13
task4,11826.0,score,2.12
task4,11827.0,score,2.13
task4,11828.0,score,2.1
task4,11829.0,score,2.08
task4,11830.0,score,2.11
task4,11831.0,score,2.08
task4,11832.0,score,2.08
task4,11833.0,score,2.07
task4,11834.0,score,2.06
task4,11835.0,score,2.02
task4,11836.0,score,2.08
task4,11837.0,score,2.15
task4,11838.0,score,2.18
task4,11839.0,score,2.19
task4,11840.0,score,2.26
task4,11841.0,score,2.22
task4,11842.0,score,2.22
task4,11843.0,score,2.22
task4,11844.0,score,2.21
task4,11845.0,score,2.2
task4,11846.0,score,2.16
task4,11847.0,score,2.12
task4,11848.0,score,2.09
task4,11849.0,score,2.09
task4,11850.0,score,2.08
task4,11851.0,score,2.07
task4,11852.0,score,2.07
task4,11853.0,score,2.08
task4,11854.0,score,2.08
task4,11855.0,score,2.1
task4,11856.0,score,2.13
task4,11857.0,score,2.13
task4,11858.0,score,2.09
task4,11859.0,score,2.07
task4,11860.0,score,2.04
task4,11861.0,score,1.99
task4,11862.0,score,1.99
task4,11863.0,score,2.01
task4,11864.0,score,2.0
task4,11865.0,score,1.99
task4,11866.0,score,2.03
task4,11867.0,score,2.04
task4,11868.0,score,2.03
task4,11869.0,score,2.03
task4,11870.0,score,2.02
task4,11871.0,score,2.02
task4,11872.0,score,2.02
task4,11873.0,score,2.05
task4,11874.0,score,2.06
task4,11875.0,score,2.05
task4,11876.0,score,2.09
task4,11877.0,score,2.1
task4,11878.0,score,2.17
task4,11879.0,score,2.18
task4,11880.0,score,2.16
task4,11881.0,score,2.18
task4,11882.0,score,2.22
task4,11883.0,score,2.21
task4,11884.0,score,2.22
task4,11885.0,score,2.23
task4,11886.0,score,2.24
task4,11887.0,score,2.19
task4,11888.0,score,2.19
task4,11889.0,score,2.19
task4,11890.0,score,2.22
task4,11891.0,score,2.2
task4,11892.0,score,2.26
task4,11893.0,score,2.28
task4,11894.0,score,2.25
task4,11895.0,score,2.22
task4,11896.0,score,2.25
task4,11897.0,score,2.24
task4,11898.0,score,2.24
task4,11899.0,score,2.26
task4,11900.0,score,2.25
task4,11901.0,score,2.23
task4,11902.0,score,2.26
task4,11903.0,score,2.28
task4,11904.0,score,2.31
task4,11905.0,score,2.32
task4,11906.0,score,2.32
task4,11907.0,score,2.28
task4,11908.0,score,2.33
task4,11909.0,score,2.3
task4,11910.0,score,2.28
task4,11911.0,score,2.26
task4,11912.0,score,2.26
task4,11913.0,score,2.24
task4,11914.0,score,2.2
task4,11915.0,score,2.17
task4,11916.0,score,2.15
task4,11917.0,score,2.14
task4,11918.0,score,2.15
task4,11919.0,score,2.16
task4,11920.0,score,2.17
task4,11921.0,score,2.14
task4,11922.0,score,2.15
task4,11923.0,score,2.15
task4,11924.0,score,2.14
task4,11925.0,score,2.16
task4,11926.0,score,2.16
task4,11927.0,score,2.16
task4,11928.0,score,2.16
task4,11929.0,score,2.18
task4,11930.0,score,2.14
task4,11931.0,score,2.21
task4,11932.0,score,2.21
task4,11933.0,score,2.22
task4,11934.0,score,2.23
task4,11935.0,score,2.24
task4,11936.0,score,2.17
task4,11937.0,score,2.1
task4,11938.0,score,2.07
task4,11939.0,score,2.06
task4,11940.0,score,1.99
task4,11941.0,score,2.02
task4,11942.0,score,2.0
task4,11943.0,score,2.01
task4,11944.0,score,2.03
task4,11945.0,score,2.04
task4,11946.0,score,2.07
task4,11947.0,score,2.08
task4,11948.0,score,2.09
task4,11949.0,score,2.09
task4,11950.0,score,2.12
task4,11951.0,score,2.12
task4,11952.0,score,2.08
task4,11953.0,score,2.08
task4,11954.0,score,2.12
task4,11955.0,score,2.12
task4,11956.0,score,2.08
task4,11957.0,score,2.07
task4,11958.0,score,2.07
task4,11959.0,score,2.06
task4,11960.0,score,2.08
task4,11961.0,score,2.01
task4,11962.0,score,2.02
task4,11963.0,score,2.02
task4,11964.0,score,2.03
task4,11965.0,score,2.02
task4,11966.0,score,1.99
task4,11967.0,score,2.0
task4,11968.0,score,2.0
task4,11969.0,score,1.98
task4,11970.0,score,1.97
task4,11971.0,score,1.99
task4,11972.0,score,2.0
task4,11973.0,score,2.0
task4,11974.0,score,2.0
task4,11975.0,score,2.02
task4,11976.0,score,2.01
task4,11977.0,score,2.01
task4,11978.0,score,1.95
task4,11979.0,score,1.96
task4,11980.0,score,2.06
task4,11981.0,score,2.06
task4,11982.0,score,2.0
task4,11983.0,score,2.02
task4,11984.0,score,2.04
task4,11985.0,score,2.03
task4,11986.0,score,2.02
task4,11987.0,score,2.02
task4,11988.0,score,2.04
task4,11989.0,score,2.03
task4,11990.0,score,2.01
task4,11991.0,score,2.06
task4,11992.0,score,2.0
task4,11993.0,score,1.99
task4,11994.0,score,2.02
task4,11995.0,score,2.03
task4,11996.0,score,2.0
task4,11997.0,score,2.01
task4,11998.0,score,2.01
task4,11999.0,score,2.01
task4,12000.0,score,2.0
task4,12001.0,score,1.97
task4,12002.0,score,1.94
task4,12003.0,score,1.94
task4,12004.0,score,1.91
task4,12005.0,score,1.9
task4,12006.0,score,1.9
task4,12007.0,score,1.93
task4,12008.0,score,1.89
task4,12009.0,score,1.87
task4,12010.0,score,1.92
task4,12011.0,score,1.92
task4,12012.0,score,1.95
task4,12013.0,score,1.95
task4,12014.0,score,1.98
task4,12015.0,score,1.99
task4,12016.0,score,2.01
task4,12017.0,score,2.01
task4,12018.0,score,1.99
task4,12019.0,score,1.97
task4,12020.0,score,1.96
task4,12021.0,score,1.96
task4,12022.0,score,1.95
task4,12023.0,score,1.99
task4,12024.0,score,2.01
task4,12025.0,score,1.99
task4,12026.0,score,2.05
task4,12027.0,score,2.04
task4,12028.0,score,2.06
task4,12029.0,score,2.04
task4,12030.0,score,2.09
task4,12031.0,score,2.02
task4,12032.0,score,2.03
task4,12033.0,score,2.01
task4,12034.0,score,2.01
task4,12035.0,score,2.02
task4,12036.0,score,2.01
task4,12037.0,score,2.04
task4,12038.0,score,2.06
task4,12039.0,score,2.09
task4,12040.0,score,2.1
task4,12041.0,score,2.07
task4,12042.0,score,2.06
task4,12043.0,score,2.05
task4,12044.0,score,2.02
task4,12045.0,score,2.0
task4,12046.0,score,1.97
task4,12047.0,score,1.97
task4,12048.0,score,1.96
task4,12049.0,score,1.97
task4,12050.0,score,1.97
task4,12051.0,score,1.98
task4,12052.0,score,2.0
task4,12053.0,score,1.99
task4,12054.0,score,1.97
task4,12055.0,score,1.95
task4,12056.0,score,1.96
task4,12057.0,score,1.96
task4,12058.0,score,1.97
task4,12059.0,score,2.01
task4,12060.0,score,2.02
task4,12061.0,score,2.08
task4,12062.0,score,2.08
task4,12063.0,score,2.08
task4,12064.0,score,2.1
task4,12065.0,score,2.11
task4,12066.0,score,2.1
task4,12067.0,score,2.1
task4,12068.0,score,2.08
task4,12069.0,score,2.08
task4,12070.0,score,2.12
task4,12071.0,score,2.08
task4,12072.0,score,2.08
task4,12073.0,score,2.05
task4,12074.0,score,2.05
task4,12075.0,score,2.03
task4,12076.0,score,2.03
task4,12077.0,score,2.02
task4,12078.0,score,2.0
task4,12079.0,score,1.97
task4,12080.0,score,1.88
task4,12081.0,score,1.89
task4,12082.0,score,1.9
task4,12083.0,score,1.9
task4,12084.0,score,1.89
task4,12085.0,score,1.89
task4,12086.0,score,1.88
task4,12087.0,score,1.86
task4,12088.0,score,1.84
task4,12089.0,score,1.87
task4,12090.0,score,1.86
task4,12091.0,score,1.81
task4,12092.0,score,1.81
task4,12093.0,score,1.81
task4,12094.0,score,1.78
task4,12095.0,score,1.78
task4,12096.0,score,1.8
task4,12097.0,score,1.81
task4,12098.0,score,1.83
task4,12099.0,score,1.84
task4,12100.0,score,1.84
task4,12101.0,score,1.87
task4,12102.0,score,1.88
task4,12103.0,score,1.88
task4,12104.0,score,1.88
task4,12105.0,score,1.9
task4,12106.0,score,1.89
task4,12107.0,score,1.88
task4,12108.0,score,1.85
task4,12109.0,score,1.84
task4,12110.0,score,1.8
task4,12111.0,score,1.79
task4,12112.0,score,1.79
task4,12113.0,score,1.81
task4,12114.0,score,1.8
task4,12115.0,score,1.81
task4,12116.0,score,1.81
task4,12117.0,score,1.81
task4,12118.0,score,1.82
task4,12119.0,score,1.85
task4,12120.0,score,1.87
task4,12121.0,score,1.89
task4,12122.0,score,1.91
task4,12123.0,score,1.86
task4,12124.0,score,1.84
task4,12125.0,score,1.86
task4,12126.0,score,1.81
task4,12127.0,score,1.84
task4,12128.0,score,1.85
task4,12129.0,score,1.86
task4,12130.0,score,1.83
task4,12131.0,score,1.82
task4,12132.0,score,1.84
task4,12133.0,score,1.84
task4,12134.0,score,1.81
task4,12135.0,score,1.79
task4,12136.0,score,1.81
task4,12137.0,score,1.81
task4,12138.0,score,1.79
task4,12139.0,score,1.76
task4,12140.0,score,1.73
task4,12141.0,score,1.74
task4,12142.0,score,1.74
task4,12143.0,score,1.78
task4,12144.0,score,1.79
task4,12145.0,score,1.81
task4,12146.0,score,1.81
task4,12147.0,score,1.81
task4,12148.0,score,1.85
task4,12149.0,score,1.84
task4,12150.0,score,1.81
task4,12151.0,score,1.85
task4,12152.0,score,1.83
task4,12153.0,score,1.83
task4,12154.0,score,1.81
task4,12155.0,score,1.83
task4,12156.0,score,1.85
task4,12157.0,score,1.86
task4,12158.0,score,1.85
task4,12159.0,score,1.84
task4,12160.0,score,1.81
task4,12161.0,score,1.78
task4,12162.0,score,1.77
task4,12163.0,score,1.75
task4,12164.0,score,1.73
task4,12165.0,score,1.75
task4,12166.0,score,1.75
task4,12167.0,score,1.73
task4,12168.0,score,1.72
task4,12169.0,score,1.73
task4,12170.0,score,1.71
task4,12171.0,score,1.72
task4,12172.0,score,1.72
task4,12173.0,score,1.73
task4,12174.0,score,1.72
task4,12175.0,score,1.72
task4,12176.0,score,1.7
task4,12177.0,score,1.7
task4,12178.0,score,1.7
task4,12179.0,score,1.7
task4,12180.0,score,1.73
task4,12181.0,score,1.7
task4,12182.0,score,1.7
task4,12183.0,score,1.68
task4,12184.0,score,1.7
task4,12185.0,score,1.68
task4,12186.0,score,1.71
task4,12187.0,score,1.74
task4,12188.0,score,1.79
task4,12189.0,score,1.77
task4,12190.0,score,1.78
task4,12191.0,score,1.79
task4,12192.0,score,1.79
task4,12193.0,score,1.8
task4,12194.0,score,1.83
task4,12195.0,score,1.82
task4,12196.0,score,1.83
task4,12197.0,score,1.83
task4,12198.0,score,1.8
task4,12199.0,score,1.77
task4,12200.0,score,1.78
task4,12201.0,score,1.75
task4,12202.0,score,1.76
task4,12203.0,score,1.76
task4,12204.0,score,1.75
task4,12205.0,score,1.71
task4,12206.0,score,1.72
task4,12207.0,score,1.71
task4,12208.0,score,1.74
task4,12209.0,score,1.76
task4,12210.0,score,1.76
task4,12211.0,score,1.8
task4,12212.0,score,1.81
task4,12213.0,score,1.77
task4,12214.0,score,1.75
task4,12215.0,score,1.75
task4,12216.0,score,1.75
task4,12217.0,score,1.76
task4,12218.0,score,1.74
task4,12219.0,score,1.72
task4,12220.0,score,1.73
task4,12221.0,score,1.72
task4,12222.0,score,1.74
task4,12223.0,score,1.77
task4,12224.0,score,1.77
task4,12225.0,score,1.8
task4,12226.0,score,1.8
task4,12227.0,score,1.79
task4,12228.0,score,1.78
task4,12229.0,score,1.78
task4,12230.0,score,1.78
task4,12231.0,score,1.8
task4,12232.0,score,1.79
task4,12233.0,score,1.79
task4,12234.0,score,1.81
task4,12235.0,score,1.8
task4,12236.0,score,1.81
task4,12237.0,score,1.8
task4,12238.0,score,1.81
task4,12239.0,score,1.8
task4,12240.0,score,1.8
task4,12241.0,score,1.79
task4,12242.0,score,1.82
task4,12243.0,score,1.77
task4,12244.0,score,1.79
task4,12245.0,score,1.81
task4,12246.0,score,1.82
task4,12247.0,score,1.79
task4,12248.0,score,1.76
task4,12249.0,score,1.78
task4,12250.0,score,1.8
task4,12251.0,score,1.77
task4,12252.0,score,1.77
task4,12253.0,score,1.78
task4,12254.0,score,1.79
task4,12255.0,score,1.79
task4,12256.0,score,1.76
task4,12257.0,score,1.76
task4,12258.0,score,1.74
task4,12259.0,score,1.73
task4,12260.0,score,1.75
task4,12261.0,score,1.72
task4,12262.0,score,1.71
task4,12263.0,score,1.72
task4,12264.0,score,1.78
task4,12265.0,score,1.74
task4,12266.0,score,1.76
task4,12267.0,score,1.79
task4,12268.0,score,1.79
task4,12269.0,score,1.83
task4,12270.0,score,1.84
task4,12271.0,score,1.91
task4,12272.0,score,1.93
task4,12273.0,score,1.96
task4,12274.0,score,2.02
task4,12275.0,score,2.04
task4,12276.0,score,2.05
task4,12277.0,score,2.05
task4,12278.0,score,2.08
task4,12279.0,score,2.11
task4,12280.0,score,2.09
task4,12281.0,score,2.11
task4,12282.0,score,2.12
task4,12283.0,score,2.15
task4,12284.0,score,2.14
task4,12285.0,score,2.16
task4,12286.0,score,2.15
task4,12287.0,score,2.15
task4,12288.0,score,2.13
task4,12289.0,score,2.12
task4,12290.0,score,2.12
task4,12291.0,score,2.11
task4,12292.0,score,2.12
task4,12293.0,score,2.1
task4,12294.0,score,2.08
task4,12295.0,score,2.09
task4,12296.0,score,2.08
task4,12297.0,score,2.06
task4,12298.0,score,2.12
task4,12299.0,score,2.13
task4,12300.0,score,2.14
task4,12301.0,score,2.15
task4,12302.0,score,2.14
task4,12303.0,score,2.13
task4,12304.0,score,2.14
task4,12305.0,score,2.14
task4,12306.0,score,2.13
task4,12307.0,score,2.13
task4,12308.0,score,2.11
task4,12309.0,score,2.12
task4,12310.0,score,2.11
task4,12311.0,score,2.07
task4,12312.0,score,2.03
task4,12313.0,score,2.03
task4,12314.0,score,2.02
task4,12315.0,score,2.02
task4,12316.0,score,2.02
task4,12317.0,score,2.03
task4,12318.0,score,2.04
task4,12319.0,score,2.06
task4,12320.0,score,2.06
task4,12321.0,score,2.08
task4,12322.0,score,2.05
task4,12323.0,score,2.02
task4,12324.0,score,2.01
task4,12325.0,score,1.94
task4,12326.0,score,1.93
task4,12327.0,score,1.93
task4,12328.0,score,1.91
task4,12329.0,score,1.91
task4,12330.0,score,1.93
task4,12331.0,score,1.92
task4,12332.0,score,1.92
task4,12333.0,score,1.94
task4,12334.0,score,1.93
task4,12335.0,score,2.01
task4,12336.0,score,2.03
task4,12337.0,score,2.02
task4,12338.0,score,2.02
task4,12339.0,score,2.03
task4,12340.0,score,2.03
task4,12341.0,score,2.04
task4,12342.0,score,1.99
task4,12343.0,score,2.01
task4,12344.0,score,2.0
task4,12345.0,score,2.0
task4,12346.0,score,2.01
task4,12347.0,score,2.03
task4,12348.0,score,2.05
task4,12349.0,score,2.12
task4,12350.0,score,2.11
task4,12351.0,score,2.11
task4,12352.0,score,2.14
task4,12353.0,score,2.14
task4,12354.0,score,2.12
task4,12355.0,score,2.12
task4,12356.0,score,2.15
task4,12357.0,score,2.14
task4,12358.0,score,2.14
task4,12359.0,score,2.16
task4,12360.0,score,2.16
task4,12361.0,score,2.16
task4,12362.0,score,2.16
task4,12363.0,score,2.18
task4,12364.0,score,2.11
task4,12365.0,score,2.12
task4,12366.0,score,2.11
task4,12367.0,score,2.09
task4,12368.0,score,2.11
task4,12369.0,score,2.1
task4,12370.0,score,2.07
task4,12371.0,score,2.02
task4,12372.0,score,2.0
task4,12373.0,score,1.99
task4,12374.0,score,1.93
task4,12375.0,score,1.96
task4,12376.0,score,1.94
task4,12377.0,score,1.95
task4,12378.0,score,1.94
task4,12379.0,score,1.92
task4,12380.0,score,1.91
task4,12381.0,score,1.89
task4,12382.0,score,1.87
task4,12383.0,score,1.85
task4,12384.0,score,1.87
task4,12385.0,score,1.88
task4,12386.0,score,1.88
task4,12387.0,score,1.86
task4,12388.0,score,1.86
task4,12389.0,score,1.85
task4,12390.0,score,1.84
task4,12391.0,score,1.88
task4,12392.0,score,1.89
task4,12393.0,score,1.88
task4,12394.0,score,1.88
task4,12395.0,score,1.88
task4,12396.0,score,1.88
task4,12397.0,score,1.88
task4,12398.0,score,1.82
task4,12399.0,score,1.82
task4,12400.0,score,1.83
task4,12401.0,score,1.82
task4,12402.0,score,1.82
task4,12403.0,score,1.83
task4,12404.0,score,1.83
task4,12405.0,score,1.85
task4,12406.0,score,1.86
task4,12407.0,score,1.88
task4,12408.0,score,1.89
task4,12409.0,score,1.94
task4,12410.0,score,1.97
task4,12411.0,score,1.99
task4,12412.0,score,2.02
task4,12413.0,score,2.02
task4,12414.0,score,2.05
task4,12415.0,score,2.05
task4,12416.0,score,2.03
task4,12417.0,score,2.02
task4,12418.0,score,2.0
task4,12419.0,score,1.99
task4,12420.0,score,1.97
task4,12421.0,score,1.99
task4,12422.0,score,2.0
task4,12423.0,score,2.0
task4,12424.0,score,2.02
task4,12425.0,score,2.04
task4,12426.0,score,2.08
task4,12427.0,score,2.07
task4,12428.0,score,2.07
task4,12429.0,score,2.07
task4,12430.0,score,2.06
task4,12431.0,score,2.05
task4,12432.0,score,2.07
task4,12433.0,score,2.06
task4,12434.0,score,2.07
task4,12435.0,score,2.03
task4,12436.0,score,1.98
task4,12437.0,score,1.96
task4,12438.0,score,1.98
task4,12439.0,score,1.98
task4,12440.0,score,2.01
task4,12441.0,score,2.03
task4,12442.0,score,2.07
task4,12443.0,score,2.07
task4,12444.0,score,2.05
task4,12445.0,score,2.01
task4,12446.0,score,2.0
task4,12447.0,score,1.98
task4,12448.0,score,1.98
task4,12449.0,score,1.91
task4,12450.0,score,1.92
task4,12451.0,score,1.91
task4,12452.0,score,1.88
task4,12453.0,score,1.88
task4,12454.0,score,1.89
task4,12455.0,score,1.88
task4,12456.0,score,1.87
task4,12457.0,score,1.88
task4,12458.0,score,1.9
task4,12459.0,score,1.87
task4,12460.0,score,1.88
task4,12461.0,score,1.9
task4,12462.0,score,1.92
task4,12463.0,score,1.91
task4,12464.0,score,1.91
task4,12465.0,score,1.92
task4,12466.0,score,1.92
task4,12467.0,score,1.9
task4,12468.0,score,1.9
task4,12469.0,score,1.88
task4,12470.0,score,1.89
task4,12471.0,score,1.88
task4,12472.0,score,1.85
task4,12473.0,score,1.83
task4,12474.0,score,1.82
task4,12475.0,score,1.8
task4,12476.0,score,1.81
task4,12477.0,score,1.81
task4,12478.0,score,1.79
task4,12479.0,score,1.81
task4,12480.0,score,1.82
task4,12481.0,score,1.84
task4,12482.0,score,1.86
task4,12483.0,score,1.86
task4,12484.0,score,1.81
task4,12485.0,score,1.79
task4,12486.0,score,1.8
task4,12487.0,score,1.82
task4,12488.0,score,1.79
task4,12489.0,score,1.79
task4,12490.0,score,1.8
task4,12491.0,score,1.78
task4,12492.0,score,1.77
task4,12493.0,score,1.77
task4,12494.0,score,1.79
task4,12495.0,score,1.8
task4,12496.0,score,1.79
task4,12497.0,score,1.79
task4,12498.0,score,1.8
task4,12499.0,score,1.78
task4,12500.0,score,1.76
task4,12501.0,score,1.76
task4,12502.0,score,1.76
task4,12503.0,score,1.74
task4,12504.0,score,1.74
task4,12505.0,score,1.73
task4,12506.0,score,1.72
task4,12507.0,score,1.7
task4,12508.0,score,1.71
task4,12509.0,score,1.64
task4,12510.0,score,1.62
task4,12511.0,score,1.6
task4,12512.0,score,1.58
task4,12513.0,score,1.6
task4,12514.0,score,1.58
task4,12515.0,score,1.57
task4,12516.0,score,1.57
task4,12517.0,score,1.57
task4,12518.0,score,1.58
task4,12519.0,score,1.58
task4,12520.0,score,1.59
task4,12521.0,score,1.56
task4,12522.0,score,1.54
task4,12523.0,score,1.56
task4,12524.0,score,1.55
task4,12525.0,score,1.55
task4,12526.0,score,1.52
task4,12527.0,score,1.52
task4,12528.0,score,1.55
task4,12529.0,score,1.54
task4,12530.0,score,1.52
task4,12531.0,score,1.52
task4,12532.0,score,1.51
task4,12533.0,score,1.5
task4,12534.0,score,1.52
task4,12535.0,score,1.49
task4,12536.0,score,1.49
task4,12537.0,score,1.49
task4,12538.0,score,1.53
task4,12539.0,score,1.53
task4,12540.0,score,1.52
task4,12541.0,score,1.53
task4,12542.0,score,1.52
task4,12543.0,score,1.5
task4,12544.0,score,1.51
task4,12545.0,score,1.54
task4,12546.0,score,1.53
task4,12547.0,score,1.56
task4,12548.0,score,1.56
task4,12549.0,score,1.56
task4,12550.0,score,1.56
task4,12551.0,score,1.57
task4,12552.0,score,1.62
task4,12553.0,score,1.6
task4,12554.0,score,1.59
task4,12555.0,score,1.59
task4,12556.0,score,1.58
task4,12557.0,score,1.6
task4,12558.0,score,1.59
task4,12559.0,score,1.61
task4,12560.0,score,1.59
task4,12561.0,score,1.57
task4,12562.0,score,1.57
task4,12563.0,score,1.59
task4,12564.0,score,1.63
task4,12565.0,score,1.64
task4,12566.0,score,1.64
task4,12567.0,score,1.66
task4,12568.0,score,1.67
task4,12569.0,score,1.67
task4,12570.0,score,1.66
task4,12571.0,score,1.66
task4,12572.0,score,1.69
task4,12573.0,score,1.69
task4,12574.0,score,1.7
task4,12575.0,score,1.67
task4,12576.0,score,1.67
task4,12577.0,score,1.68
task4,12578.0,score,1.68
task4,12579.0,score,1.66
task4,12580.0,score,1.67
task4,12581.0,score,1.66
task4,12582.0,score,1.64
task4,12583.0,score,1.64
task4,12584.0,score,1.64
task4,12585.0,score,1.66
task4,12586.0,score,1.64
task4,12587.0,score,1.61
task4,12588.0,score,1.62
task4,12589.0,score,1.64
task4,12590.0,score,1.63
task4,12591.0,score,1.63
task4,12592.0,score,1.63
task4,12593.0,score,1.63
task4,12594.0,score,1.61
task4,12595.0,score,1.62
task4,12596.0,score,1.62
task4,12597.0,score,1.7
task4,12598.0,score,1.69
task4,12599.0,score,1.71
task4,12600.0,score,1.7
task4,12601.0,score,1.69
task4,12602.0,score,1.7
task4,12603.0,score,1.76
task4,12604.0,score,1.77
task4,12605.0,score,1.78
task4,12606.0,score,1.79
task4,12607.0,score,1.85
task4,12608.0,score,1.83
task4,12609.0,score,1.86
task4,12610.0,score,1.85
task4,12611.0,score,1.88
task4,12612.0,score,1.89
task4,12613.0,score,1.94
task4,12614.0,score,1.93
task4,12615.0,score,1.99
task4,12616.0,score,1.99
task4,12617.0,score,2.0
task4,12618.0,score,2.02
task4,12619.0,score,2.0
task4,12620.0,score,2.0
task4,12621.0,score,1.98
task4,12622.0,score,1.98
task4,12623.0,score,1.98
task4,12624.0,score,2.05
task4,12625.0,score,2.08
task4,12626.0,score,2.11
task4,12627.0,score,2.11
task4,12628.0,score,2.08
task4,12629.0,score,2.07
task4,12630.0,score,2.08
task4,12631.0,score,2.11
task4,12632.0,score,2.1
task4,12633.0,score,2.09
task4,12634.0,score,2.05
task4,12635.0,score,2.06
task4,12636.0,score,2.07
task4,12637.0,score,2.08
task4,12638.0,score,2.0
task4,12639.0,score,2.01
task4,12640.0,score,2.0
task4,12641.0,score,1.95
task4,12642.0,score,1.93
task4,12643.0,score,1.95
task4,12644.0,score,1.96
task4,12645.0,score,1.94
task4,12646.0,score,1.97
task4,12647.0,score,1.94
task4,12648.0,score,1.92
task4,12649.0,score,1.94
task4,12650.0,score,2.02
task4,12651.0,score,2.04
task4,12652.0,score,1.99
task4,12653.0,score,2.09
task4,12654.0,score,2.1
task4,12655.0,score,2.1
task4,12656.0,score,2.09
task4,12657.0,score,2.07
task4,12658.0,score,2.07
task4,12659.0,score,2.04
task4,12660.0,score,2.06
task4,12661.0,score,2.05
task4,12662.0,score,2.04
task4,12663.0,score,2.03
task4,12664.0,score,2.0
task4,12665.0,score,1.98
task4,12666.0,score,1.97
task4,12667.0,score,1.95
task4,12668.0,score,1.94
task4,12669.0,score,1.92
task4,12670.0,score,1.95
task4,12671.0,score,1.94
task4,12672.0,score,1.93
task4,12673.0,score,1.93
task4,12674.0,score,1.93
task4,12675.0,score,1.93
task4,12676.0,score,1.93
task4,12677.0,score,1.92
task4,12678.0,score,1.93
task4,12679.0,score,2.0
task4,12680.0,score,1.98
task4,12681.0,score,2.0
task4,12682.0,score,2.01
task4,12683.0,score,2.02
task4,12684.0,score,2.04
task4,12685.0,score,2.03
task4,12686.0,score,2.02
task4,12687.0,score,2.04
task4,12688.0,score,2.06
task4,12689.0,score,2.07
task4,12690.0,score,2.09
task4,12691.0,score,2.07
task4,12692.0,score,2.07
task4,12693.0,score,2.09
task4,12694.0,score,2.13
task4,12695.0,score,2.11
task4,12696.0,score,2.1
task4,12697.0,score,2.06
task4,12698.0,score,2.07
task4,12699.0,score,2.06
task4,12700.0,score,2.05
task4,12701.0,score,2.08
task4,12702.0,score,2.07
task4,12703.0,score,2.01
task4,12704.0,score,2.0
task4,12705.0,score,2.06
task4,12706.0,score,2.08
task4,12707.0,score,2.04
task4,12708.0,score,2.03
task4,12709.0,score,1.99
task4,12710.0,score,2.02
task4,12711.0,score,2.02
task4,12712.0,score,2.02
task4,12713.0,score,1.96
task4,12714.0,score,1.98
task4,12715.0,score,1.92
task4,12716.0,score,1.99
task4,12717.0,score,1.97
task4,12718.0,score,1.94
task4,12719.0,score,1.94
task4,12720.0,score,1.94
task4,12721.0,score,1.95
task4,12722.0,score,1.96
task4,12723.0,score,1.97
task4,12724.0,score,1.89
task4,12725.0,score,1.88
task4,12726.0,score,1.87
task4,12727.0,score,1.88
task4,12728.0,score,1.91
task4,12729.0,score,1.93
task4,12730.0,score,1.91
task4,12731.0,score,1.91
task4,12732.0,score,1.9
task4,12733.0,score,1.9
task4,12734.0,score,2.01
task4,12735.0,score,2.02
task4,12736.0,score,2.05
task4,12737.0,score,2.06
task4,12738.0,score,2.08
task4,12739.0,score,2.07
task4,12740.0,score,2.09
task4,12741.0,score,2.1
task4,12742.0,score,2.1
task4,12743.0,score,2.1
task4,12744.0,score,2.08
task4,12745.0,score,2.14
task4,12746.0,score,2.11
task4,12747.0,score,2.11
task4,12748.0,score,2.13
task4,12749.0,score,2.11
task4,12750.0,score,2.01
task4,12751.0,score,1.98
task4,12752.0,score,2.01
task4,12753.0,score,1.93
task4,12754.0,score,1.94
task4,12755.0,score,1.97
task4,12756.0,score,1.96
task4,12757.0,score,1.94
task4,12758.0,score,1.94
task4,12759.0,score,1.94
task4,12760.0,score,1.97
task4,12761.0,score,1.97
task4,12762.0,score,2.05
task4,12763.0,score,2.06
task4,12764.0,score,2.07
task4,12765.0,score,2.09
task4,12766.0,score,2.11
task4,12767.0,score,2.12
task4,12768.0,score,2.11
task4,12769.0,score,2.15
task4,12770.0,score,2.13
task4,12771.0,score,2.14
task4,12772.0,score,2.12
task4,12773.0,score,2.15
task4,12774.0,score,2.17
task4,12775.0,score,2.17
task4,12776.0,score,2.18
task4,12777.0,score,2.17
task4,12778.0,score,2.17
task4,12779.0,score,2.13
task4,12780.0,score,2.13
task4,12781.0,score,2.1
task4,12782.0,score,2.09
task4,12783.0,score,2.09
task4,12784.0,score,2.08
task4,12785.0,score,2.07
task4,12786.0,score,2.1
task4,12787.0,score,2.09
task4,12788.0,score,2.05
task4,12789.0,score,2.03
task4,12790.0,score,2.0
task4,12791.0,score,2.02
task4,12792.0,score,2.02
task4,12793.0,score,2.03
task4,12794.0,score,1.99
task4,12795.0,score,2.03
task4,12796.0,score,2.05
task4,12797.0,score,2.05
task4,12798.0,score,2.06
task4,12799.0,score,2.07
task4,12800.0,score,2.08
task4,12801.0,score,2.12
task4,12802.0,score,2.19
task4,12803.0,score,2.22
task4,12804.0,score,2.22
task4,12805.0,score,2.14
task4,12806.0,score,2.12
task4,12807.0,score,2.09
task4,12808.0,score,2.11
task4,12809.0,score,2.14
task4,12810.0,score,2.11
task4,12811.0,score,2.14
task4,12812.0,score,2.12
task4,12813.0,score,2.12
task4,12814.0,score,2.1
task4,12815.0,score,2.09
task4,12816.0,score,2.04
task4,12817.0,score,2.09
task4,12818.0,score,2.09
task4,12819.0,score,2.09
task4,12820.0,score,2.09
task4,12821.0,score,2.1
task4,12822.0,score,2.1
task4,12823.0,score,2.07
task4,12824.0,score,2.08
task4,12825.0,score,2.04
task4,12826.0,score,2.01
task4,12827.0,score,2.02
task4,12828.0,score,2.0
task4,12829.0,score,1.99
task4,12830.0,score,2.01
task4,12831.0,score,1.99
task4,12832.0,score,2.03
task4,12833.0,score,2.09
task4,12834.0,score,2.02
task4,12835.0,score,2.0
task4,12836.0,score,1.96
task4,12837.0,score,1.95
task4,12838.0,score,1.95
task4,12839.0,score,1.97
task4,12840.0,score,1.96
task4,12841.0,score,1.95
task4,12842.0,score,1.96
task4,12843.0,score,2.0
task4,12844.0,score,2.01
task4,12845.0,score,1.95
task4,12846.0,score,1.96
task4,12847.0,score,1.99
task4,12848.0,score,1.96
task4,12849.0,score,1.95
task4,12850.0,score,1.99
task4,12851.0,score,1.99
task4,12852.0,score,1.96
task4,12853.0,score,1.97
task4,12854.0,score,1.97
task4,12855.0,score,1.95
task4,12856.0,score,1.95
task4,12857.0,score,1.96
task4,12858.0,score,1.97
task4,12859.0,score,1.99
task4,12860.0,score,1.95
task4,12861.0,score,1.95
task4,12862.0,score,1.86
task4,12863.0,score,1.83
task4,12864.0,score,1.83
task4,12865.0,score,1.83
task4,12866.0,score,1.82
task4,12867.0,score,1.85
task4,12868.0,score,1.85
task4,12869.0,score,1.83
task4,12870.0,score,1.84
task4,12871.0,score,1.83
task4,12872.0,score,1.83
task4,12873.0,score,1.79
task4,12874.0,score,1.8
task4,12875.0,score,1.81
task4,12876.0,score,1.85
task4,12877.0,score,1.86
task4,12878.0,score,1.87
task4,12879.0,score,1.83
task4,12880.0,score,1.86
task4,12881.0,score,1.89
task4,12882.0,score,1.9
task4,12883.0,score,1.89
task4,12884.0,score,1.88
task4,12885.0,score,1.88
task4,12886.0,score,1.86
task4,12887.0,score,1.85
task4,12888.0,score,1.85
task4,12889.0,score,1.85
task4,12890.0,score,1.9
task4,12891.0,score,1.87
task4,12892.0,score,1.89
task4,12893.0,score,1.92
task4,12894.0,score,1.91
task4,12895.0,score,1.88
task4,12896.0,score,1.86
task4,12897.0,score,1.84
task4,12898.0,score,1.85
task4,12899.0,score,1.83
task4,12900.0,score,1.83
task4,12901.0,score,1.81
task4,12902.0,score,1.74
task4,12903.0,score,1.71
task4,12904.0,score,1.73
task4,12905.0,score,1.75
task4,12906.0,score,1.8
task4,12907.0,score,1.82
task4,12908.0,score,1.82
task4,12909.0,score,1.79
task4,12910.0,score,1.81
task4,12911.0,score,1.77
task4,12912.0,score,1.77
task4,12913.0,score,1.78
task4,12914.0,score,1.8
task4,12915.0,score,1.82
task4,12916.0,score,1.81
task4,12917.0,score,1.77
task4,12918.0,score,1.78
task4,12919.0,score,1.78
task4,12920.0,score,1.78
task4,12921.0,score,1.79
task4,12922.0,score,1.79
task4,12923.0,score,1.79
task4,12924.0,score,1.81
task4,12925.0,score,1.84
task4,12926.0,score,1.85
task4,12927.0,score,1.84
task4,12928.0,score,1.83
task4,12929.0,score,1.82
task4,12930.0,score,1.81
task4,12931.0,score,1.8
task4,12932.0,score,1.78
task4,12933.0,score,1.75
task4,12934.0,score,1.73
task4,12935.0,score,1.74
task4,12936.0,score,1.83
task4,12937.0,score,1.83
task4,12938.0,score,1.83
task4,12939.0,score,1.83
task4,12940.0,score,1.84
task4,12941.0,score,1.86
task4,12942.0,score,1.84
task4,12943.0,score,1.81
task4,12944.0,score,1.81
task4,12945.0,score,1.82
task4,12946.0,score,1.84
task4,12947.0,score,1.82
task4,12948.0,score,1.89
task4,12949.0,score,1.9
task4,12950.0,score,1.88
task4,12951.0,score,1.87
task4,12952.0,score,1.88
task4,12953.0,score,1.85
task4,12954.0,score,1.84
task4,12955.0,score,1.83
task4,12956.0,score,1.86
task4,12957.0,score,1.85
task4,12958.0,score,1.85
task4,12959.0,score,1.85
task4,12960.0,score,1.84
task4,12961.0,score,1.9
task4,12962.0,score,1.97
task4,12963.0,score,1.98
task4,12964.0,score,1.96
task4,12965.0,score,1.93
task4,12966.0,score,1.95
task4,12967.0,score,1.91
task4,12968.0,score,1.91
task4,12969.0,score,1.9
task4,12970.0,score,1.89
task4,12971.0,score,1.91
task4,12972.0,score,1.93
task4,12973.0,score,1.95
task4,12974.0,score,1.93
task4,12975.0,score,1.95
task4,12976.0,score,1.91
task4,12977.0,score,1.94
task4,12978.0,score,1.94
task4,12979.0,score,1.96
task4,12980.0,score,1.94
task4,12981.0,score,1.91
task4,12982.0,score,1.93
task4,12983.0,score,1.95
task4,12984.0,score,1.96
task4,12985.0,score,1.95
task4,12986.0,score,1.95
task4,12987.0,score,1.97
task4,12988.0,score,1.97
task4,12989.0,score,2.0
task4,12990.0,score,1.97
task4,12991.0,score,1.98
task4,12992.0,score,1.94
task4,12993.0,score,1.89
task4,12994.0,score,1.91
task4,12995.0,score,1.89
task4,12996.0,score,1.91
task4,12997.0,score,1.92
task4,12998.0,score,1.9
task4,12999.0,score,1.94
task4,13000.0,score,1.93
task4,13001.0,score,1.93
task4,13002.0,score,1.92
task4,13003.0,score,1.93
task4,13004.0,score,1.9
task4,13005.0,score,1.92
task4,13006.0,score,1.87
task4,13007.0,score,1.85
task4,13008.0,score,1.84
task4,13009.0,score,1.84
task4,13010.0,score,1.84
task4,13011.0,score,1.84
task4,13012.0,score,1.85
task4,13013.0,score,1.86
task4,13014.0,score,1.86
task4,13015.0,score,1.86
task4,13016.0,score,1.85
task4,13017.0,score,1.84
task4,13018.0,score,1.84
task4,13019.0,score,1.86
task4,13020.0,score,1.85
task4,13021.0,score,1.82
task4,13022.0,score,1.83
task4,13023.0,score,1.85
task4,13024.0,score,1.83
task4,13025.0,score,1.81
task4,13026.0,score,1.81
task4,13027.0,score,1.86
task4,13028.0,score,1.89
task4,13029.0,score,1.9
task4,13030.0,score,1.91
task4,13031.0,score,1.91
task4,13032.0,score,1.89
task4,13033.0,score,1.86
task4,13034.0,score,1.9
task4,13035.0,score,1.88
task4,13036.0,score,1.8
task4,13037.0,score,1.8
task4,13038.0,score,1.8
task4,13039.0,score,1.78
task4,13040.0,score,1.76
task4,13041.0,score,1.76
task4,13042.0,score,1.77
task4,13043.0,score,1.74
task4,13044.0,score,1.76
task4,13045.0,score,1.77
task4,13046.0,score,1.75
task4,13047.0,score,1.76
task4,13048.0,score,1.69
task4,13049.0,score,1.69
task4,13050.0,score,1.68
task4,13051.0,score,1.69
task4,13052.0,score,1.71
task4,13053.0,score,1.73
task4,13054.0,score,1.73
task4,13055.0,score,1.74
task4,13056.0,score,1.72
task4,13057.0,score,1.73
task4,13058.0,score,1.75
task4,13059.0,score,1.74
task4,13060.0,score,1.75
task4,13061.0,score,1.75
task4,13062.0,score,1.69
task4,13063.0,score,1.69
task4,13064.0,score,1.71
task4,13065.0,score,1.78
task4,13066.0,score,1.77
task4,13067.0,score,1.79
task4,13068.0,score,1.83
task4,13069.0,score,1.82
task4,13070.0,score,1.83
task4,13071.0,score,1.8
task4,13072.0,score,1.78
task4,13073.0,score,1.78
task4,13074.0,score,1.77
task4,13075.0,score,1.75
task4,13076.0,score,1.73
task4,13077.0,score,1.69
task4,13078.0,score,1.68
task4,13079.0,score,1.73
task4,13080.0,score,1.72
task4,13081.0,score,1.74
task4,13082.0,score,1.76
task4,13083.0,score,1.76
task4,13084.0,score,1.74
task4,13085.0,score,1.77
task4,13086.0,score,1.77
task4,13087.0,score,1.83
task4,13088.0,score,1.91
task4,13089.0,score,1.9
task4,13090.0,score,1.89
task4,13091.0,score,1.89
task4,13092.0,score,1.9
task4,13093.0,score,1.91
task4,13094.0,score,1.89
task4,13095.0,score,1.89
task4,13096.0,score,1.87
task4,13097.0,score,1.85
task4,13098.0,score,1.86
task4,13099.0,score,1.84
task4,13100.0,score,1.85
task4,13101.0,score,1.8
task4,13102.0,score,1.83
task4,13103.0,score,1.87
task4,13104.0,score,1.9
task4,13105.0,score,1.86
task4,13106.0,score,1.85
task4,13107.0,score,1.85
task4,13108.0,score,1.85
task4,13109.0,score,1.87
task4,13110.0,score,1.87
task4,13111.0,score,1.86
task4,13112.0,score,1.87
task4,13113.0,score,1.84
task4,13114.0,score,1.83
task4,13115.0,score,1.82
task4,13116.0,score,1.84
task4,13117.0,score,1.85
task4,13118.0,score,1.85
task4,13119.0,score,1.85
task4,13120.0,score,1.85
task4,13121.0,score,1.85
task4,13122.0,score,1.84
task4,13123.0,score,1.82
task4,13124.0,score,1.81
task4,13125.0,score,1.81
task4,13126.0,score,1.83
task4,13127.0,score,1.77
task4,13128.0,score,1.75
task4,13129.0,score,1.74
task4,13130.0,score,1.74
task4,13131.0,score,1.75
task4,13132.0,score,1.76
task4,13133.0,score,1.76
task4,13134.0,score,1.72
task4,13135.0,score,1.73
task4,13136.0,score,1.73
task4,13137.0,score,1.74
task4,13138.0,score,1.74
task4,13139.0,score,1.75
task4,13140.0,score,1.77
task4,13141.0,score,1.77
task4,13142.0,score,1.78
task4,13143.0,score,1.79
task4,13144.0,score,1.78
task4,13145.0,score,1.83
task4,13146.0,score,1.81
task4,13147.0,score,1.79
task4,13148.0,score,1.8
task4,13149.0,score,1.82
task4,13150.0,score,1.82
task4,13151.0,score,1.86
task4,13152.0,score,1.84
task4,13153.0,score,1.82
task4,13154.0,score,1.82
task4,13155.0,score,1.81
task4,13156.0,score,1.83
task4,13157.0,score,1.84
task4,13158.0,score,1.8
task4,13159.0,score,1.79
task4,13160.0,score,1.77
task4,13161.0,score,1.73
task4,13162.0,score,1.73
task4,13163.0,score,1.73
task4,13164.0,score,1.72
task4,13165.0,score,1.67
task4,13166.0,score,1.67
task4,13167.0,score,1.67
task4,13168.0,score,1.65
task4,13169.0,score,1.72
task4,13170.0,score,1.73
task4,13171.0,score,1.75
task4,13172.0,score,1.77
task4,13173.0,score,1.81
task4,13174.0,score,1.81
task4,13175.0,score,1.81
task4,13176.0,score,1.82
task4,13177.0,score,1.83
task4,13178.0,score,1.84
task4,13179.0,score,1.77
task4,13180.0,score,1.76
task4,13181.0,score,1.74
task4,13182.0,score,1.71
task4,13183.0,score,1.7
task4,13184.0,score,1.71
task4,13185.0,score,1.69
task4,13186.0,score,1.69
task4,13187.0,score,1.61
task4,13188.0,score,1.56
task4,13189.0,score,1.55
task4,13190.0,score,1.55
task4,13191.0,score,1.56
task4,13192.0,score,1.57
task4,13193.0,score,1.58
task4,13194.0,score,1.58
task4,13195.0,score,1.62
task4,13196.0,score,1.63
task4,13197.0,score,1.64
task4,13198.0,score,1.63
task4,13199.0,score,1.62
task4,13200.0,score,1.65
task4,13201.0,score,1.67
task4,13202.0,score,1.66
task4,13203.0,score,1.61
task4,13204.0,score,1.58
task4,13205.0,score,1.6
task4,13206.0,score,1.63
task4,13207.0,score,1.64
task4,13208.0,score,1.66
task4,13209.0,score,1.66
task4,13210.0,score,1.64
task4,13211.0,score,1.64
task4,13212.0,score,1.64
task4,13213.0,score,1.66
task4,13214.0,score,1.66
task4,13215.0,score,1.74
task4,13216.0,score,1.79
task4,13217.0,score,1.8
task4,13218.0,score,1.8
task4,13219.0,score,1.81
task4,13220.0,score,1.83
task4,13221.0,score,1.84
task4,13222.0,score,1.83
task4,13223.0,score,1.86
task4,13224.0,score,1.87
task4,13225.0,score,1.93
task4,13226.0,score,1.91
task4,13227.0,score,1.92
task4,13228.0,score,1.96
task4,13229.0,score,1.97
task4,13230.0,score,1.95
task4,13231.0,score,2.0
task4,13232.0,score,2.0
task4,13233.0,score,2.08
task4,13234.0,score,2.08
task4,13235.0,score,2.12
task4,13236.0,score,2.18
task4,13237.0,score,2.19
task4,13238.0,score,2.19
task4,13239.0,score,2.19
task4,13240.0,score,2.17
task4,13241.0,score,2.18
task4,13242.0,score,2.18
task4,13243.0,score,2.18
task4,13244.0,score,2.18
task4,13245.0,score,2.13
task4,13246.0,score,2.14
task4,13247.0,score,2.16
task4,13248.0,score,2.15
task4,13249.0,score,2.13
task4,13250.0,score,2.13
task4,13251.0,score,2.09
task4,13252.0,score,2.11
task4,13253.0,score,2.13
task4,13254.0,score,2.12
task4,13255.0,score,2.12
task4,13256.0,score,2.1
task4,13257.0,score,2.1
task4,13258.0,score,2.1
task4,13259.0,score,2.11
task4,13260.0,score,2.12
task4,13261.0,score,2.1
task4,13262.0,score,2.11
task4,13263.0,score,2.12
task4,13264.0,score,2.15
task4,13265.0,score,2.15
task4,13266.0,score,2.14
task4,13267.0,score,2.13
task4,13268.0,score,2.1
task4,13269.0,score,2.03
task4,13270.0,score,2.01
task4,13271.0,score,2.0
task4,13272.0,score,1.99
task4,13273.0,score,1.97
task4,13274.0,score,1.97
task4,13275.0,score,2.03
task4,13276.0,score,2.02
task4,13277.0,score,2.0
task4,13278.0,score,2.0
task4,13279.0,score,2.01
task4,13280.0,score,2.02
task4,13281.0,score,2.04
task4,13282.0,score,2.03
task4,13283.0,score,2.02
task4,13284.0,score,2.02
task4,13285.0,score,2.05
task4,13286.0,score,2.08
task4,13287.0,score,2.1
task4,13288.0,score,2.11
task4,13289.0,score,2.14
task4,13290.0,score,2.15
task4,13291.0,score,2.16
task4,13292.0,score,2.17
task4,13293.0,score,2.2
task4,13294.0,score,2.22
task4,13295.0,score,2.18
task4,13296.0,score,2.19
task4,13297.0,score,2.19
task4,13298.0,score,2.19
task4,13299.0,score,2.2
task4,13300.0,score,2.17
task4,13301.0,score,2.17
task4,13302.0,score,2.16
task4,13303.0,score,2.18
task4,13304.0,score,2.26
task4,13305.0,score,2.24
task4,13306.0,score,2.23
task4,13307.0,score,2.25
task4,13308.0,score,2.24
task4,13309.0,score,2.25
task4,13310.0,score,2.25
task4,13311.0,score,2.26
task4,13312.0,score,2.26
task4,13313.0,score,2.24
task4,13314.0,score,2.25
task4,13315.0,score,2.17
task4,13316.0,score,2.14
task4,13317.0,score,2.14
task4,13318.0,score,2.15
task4,13319.0,score,2.15
task4,13320.0,score,2.13
task4,13321.0,score,2.12
task4,13322.0,score,2.14
task4,13323.0,score,2.14
task4,13324.0,score,2.13
task4,13325.0,score,2.07
task4,13326.0,score,2.07
task4,13327.0,score,2.06
task4,13328.0,score,2.01
task4,13329.0,score,2.02
task4,13330.0,score,2.03
task4,13331.0,score,1.99
task4,13332.0,score,2.06
task4,13333.0,score,1.99
task4,13334.0,score,1.97
task4,13335.0,score,1.93
task4,13336.0,score,1.86
task4,13337.0,score,1.85
task4,13338.0,score,1.84
task4,13339.0,score,1.9
task4,13340.0,score,1.89
task4,13341.0,score,1.86
task4,13342.0,score,1.86
task4,13343.0,score,1.87
task4,13344.0,score,1.86
task4,13345.0,score,1.84
task4,13346.0,score,1.85
task4,13347.0,score,1.83
task4,13348.0,score,1.84
task4,13349.0,score,1.83
task4,13350.0,score,1.82
task4,13351.0,score,1.87
task4,13352.0,score,1.87
task4,13353.0,score,1.91
task4,13354.0,score,1.91
task4,13355.0,score,1.93
task4,13356.0,score,1.94
task4,13357.0,score,1.93
task4,13358.0,score,1.94
task4,13359.0,score,1.94
task4,13360.0,score,1.96
task4,13361.0,score,1.99
task4,13362.0,score,2.0
task4,13363.0,score,1.99
task4,13364.0,score,1.97
task4,13365.0,score,1.98
task4,13366.0,score,1.98
task4,13367.0,score,1.99
task4,13368.0,score,2.02
task4,13369.0,score,2.03
task4,13370.0,score,2.05
task4,13371.0,score,2.04
task4,13372.0,score,2.09
task4,13373.0,score,2.05
task4,13374.0,score,2.06
task4,13375.0,score,2.0
task4,13376.0,score,2.02
task4,13377.0,score,2.02
task4,13378.0,score,2.01
task4,13379.0,score,2.02
task4,13380.0,score,2.01
task4,13381.0,score,2.02
task4,13382.0,score,2.03
task4,13383.0,score,2.04
task4,13384.0,score,2.05
task4,13385.0,score,2.02
task4,13386.0,score,2.0
task4,13387.0,score,1.98
task4,13388.0,score,1.99
task4,13389.0,score,1.96
task4,13390.0,score,1.96
task4,13391.0,score,1.94
task4,13392.0,score,1.92
task4,13393.0,score,1.91
task4,13394.0,score,1.9
task4,13395.0,score,1.9
task4,13396.0,score,1.89
task4,13397.0,score,1.9
task4,13398.0,score,1.92
task4,13399.0,score,1.92
task4,13400.0,score,1.93
task4,13401.0,score,1.92
task4,13402.0,score,1.95
task4,13403.0,score,1.96
task4,13404.0,score,1.91
task4,13405.0,score,1.99
task4,13406.0,score,1.98
task4,13407.0,score,2.0
task4,13408.0,score,1.98
task4,13409.0,score,1.96
task4,13410.0,score,2.04
task4,13411.0,score,2.05
task4,13412.0,score,2.03
task4,13413.0,score,2.03
task4,13414.0,score,2.01
task4,13415.0,score,2.04
task4,13416.0,score,2.01
task4,13417.0,score,2.02
task4,13418.0,score,2.04
task4,13419.0,score,2.01
task4,13420.0,score,2.02
task4,13421.0,score,2.03
task4,13422.0,score,2.07
task4,13423.0,score,2.07
task4,13424.0,score,2.09
task4,13425.0,score,2.12
task4,13426.0,score,2.14
task4,13427.0,score,2.19
task4,13428.0,score,2.21
task4,13429.0,score,2.19
task4,13430.0,score,2.18
task4,13431.0,score,2.17
task4,13432.0,score,2.09
task4,13433.0,score,2.08
task4,13434.0,score,2.13
task4,13435.0,score,2.15
task4,13436.0,score,2.15
task4,13437.0,score,2.15
task4,13438.0,score,2.16
task4,13439.0,score,2.11
task4,13440.0,score,2.12
task4,13441.0,score,2.14
task4,13442.0,score,2.12
task4,13443.0,score,2.11
task4,13444.0,score,2.11
task4,13445.0,score,2.1
task4,13446.0,score,2.11
task4,13447.0,score,2.11
task4,13448.0,score,2.1
task4,13449.0,score,2.1
task4,13450.0,score,2.17
task4,13451.0,score,2.14
task4,13452.0,score,2.15
task4,13453.0,score,2.09
task4,13454.0,score,2.12
task4,13455.0,score,2.17
task4,13456.0,score,2.16
task4,13457.0,score,2.18
task4,13458.0,score,2.19
task4,13459.0,score,2.21
task4,13460.0,score,2.18
task4,13461.0,score,2.16
task4,13462.0,score,2.13
task4,13463.0,score,2.12
task4,13464.0,score,2.12
task4,13465.0,score,2.09
task4,13466.0,score,2.12
task4,13467.0,score,2.11
task4,13468.0,score,2.1
task4,13469.0,score,2.13
task4,13470.0,score,2.13
task4,13471.0,score,2.15
task4,13472.0,score,2.1
task4,13473.0,score,2.11
task4,13474.0,score,2.09
task4,13475.0,score,2.09
task4,13476.0,score,2.07
task4,13477.0,score,2.07
task4,13478.0,score,2.07
task4,13479.0,score,2.09
task4,13480.0,score,2.11
task4,13481.0,score,2.13
task4,13482.0,score,2.13
task4,13483.0,score,2.17
task4,13484.0,score,2.16
task4,13485.0,score,2.16
task4,13486.0,score,2.15
task4,13487.0,score,2.18
task4,13488.0,score,2.15
task4,13489.0,score,2.14
task4,13490.0,score,2.12
task4,13491.0,score,2.13
task4,13492.0,score,2.13
task4,13493.0,score,2.08
task4,13494.0,score,2.11
task4,13495.0,score,2.12
task4,13496.0,score,2.13
task4,13497.0,score,2.13
task4,13498.0,score,2.13
task4,13499.0,score,2.13
task4,13500.0,score,2.12
task4,13501.0,score,2.11
task4,13502.0,score,2.09
task4,13503.0,score,2.13
task4,13504.0,score,2.11
task4,13505.0,score,2.05
task4,13506.0,score,2.07
task4,13507.0,score,2.03
task4,13508.0,score,2.06
task4,13509.0,score,2.06
task4,13510.0,score,1.98
task4,13511.0,score,1.98
task4,13512.0,score,1.98
task4,13513.0,score,1.99
task4,13514.0,score,2.0
task4,13515.0,score,1.97
task4,13516.0,score,1.97
task4,13517.0,score,1.95
task4,13518.0,score,1.94
task4,13519.0,score,1.94
task4,13520.0,score,1.93
task4,13521.0,score,1.92
task4,13522.0,score,1.88
task4,13523.0,score,1.89
task4,13524.0,score,1.88
task4,13525.0,score,1.86
task4,13526.0,score,1.86
task4,13527.0,score,1.8
task4,13528.0,score,1.79
task4,13529.0,score,1.81
task4,13530.0,score,1.82
task4,13531.0,score,1.82
task4,13532.0,score,1.83
task4,13533.0,score,1.86
task4,13534.0,score,1.84
task4,13535.0,score,1.84
task4,13536.0,score,1.84
task4,13537.0,score,1.91
task4,13538.0,score,1.9
task4,13539.0,score,1.87
task4,13540.0,score,1.86
task4,13541.0,score,1.85
task4,13542.0,score,1.88
task4,13543.0,score,2.01
task4,13544.0,score,2.0
task4,13545.0,score,2.01
task4,13546.0,score,1.99
task4,13547.0,score,2.01
task4,13548.0,score,2.03
task4,13549.0,score,2.04
task4,13550.0,score,1.97
task4,13551.0,score,1.97
task4,13552.0,score,1.98
task4,13553.0,score,2.0
task4,13554.0,score,1.98
task4,13555.0,score,1.92
task4,13556.0,score,1.94
task4,13557.0,score,1.93
task4,13558.0,score,1.93
task4,13559.0,score,1.9
task4,13560.0,score,1.92
task4,13561.0,score,1.93
task4,13562.0,score,1.96
task4,13563.0,score,1.96
task4,13564.0,score,1.96
task4,13565.0,score,1.97
task4,13566.0,score,1.95
task4,13567.0,score,1.94
task4,13568.0,score,1.92
task4,13569.0,score,1.92
task4,13570.0,score,1.9
task4,13571.0,score,1.88
task4,13572.0,score,1.9
task4,13573.0,score,1.9
task4,13574.0,score,1.99
task4,13575.0,score,2.0
task4,13576.0,score,2.02
task4,13577.0,score,2.03
task4,13578.0,score,2.02
task4,13579.0,score,2.01
task4,13580.0,score,2.0
task4,13581.0,score,1.98
task4,13582.0,score,1.99
task4,13583.0,score,1.95
task4,13584.0,score,1.97
task4,13585.0,score,1.97
task4,13586.0,score,1.99
task4,13587.0,score,1.97
task4,13588.0,score,1.99
task4,13589.0,score,1.98
task4,13590.0,score,2.01
task4,13591.0,score,2.01
task4,13592.0,score,2.03
task4,13593.0,score,2.05
task4,13594.0,score,2.01
task4,13595.0,score,2.02
task4,13596.0,score,2.0
task4,13597.0,score,1.97
task4,13598.0,score,1.94
task4,13599.0,score,1.99
task4,13600.0,score,2.05
task4,13601.0,score,2.09
task4,13602.0,score,2.08
task4,13603.0,score,2.01
task4,13604.0,score,2.03
task4,13605.0,score,2.03
task4,13606.0,score,2.08
task4,13607.0,score,2.08
task4,13608.0,score,2.06
task4,13609.0,score,2.06
task4,13610.0,score,2.07
task4,13611.0,score,2.05
task4,13612.0,score,2.07
task4,13613.0,score,2.06
task4,13614.0,score,2.08
task4,13615.0,score,2.07
task4,13616.0,score,2.11
task4,13617.0,score,2.1
task4,13618.0,score,2.09
task4,13619.0,score,2.1
task4,13620.0,score,2.1
task4,13621.0,score,2.12
task4,13622.0,score,2.13
task4,13623.0,score,2.09
task4,13624.0,score,2.08
task4,13625.0,score,2.07
task4,13626.0,score,2.06
task4,13627.0,score,2.07
task4,13628.0,score,2.09
task4,13629.0,score,2.08
task4,13630.0,score,2.14
task4,13631.0,score,2.15
task4,13632.0,score,2.15
task4,13633.0,score,2.14
task4,13634.0,score,2.11
task4,13635.0,score,2.12
task4,13636.0,score,2.15
task4,13637.0,score,2.07
task4,13638.0,score,2.09
task4,13639.0,score,2.11
task4,13640.0,score,2.15
task4,13641.0,score,2.16
task4,13642.0,score,2.14
task4,13643.0,score,2.01
task4,13644.0,score,2.01
task4,13645.0,score,2.03
task4,13646.0,score,2.05
task4,13647.0,score,2.03
task4,13648.0,score,2.04
task4,13649.0,score,2.02
task4,13650.0,score,2.05
task4,13651.0,score,2.04
task4,13652.0,score,2.02
task4,13653.0,score,2.01
task4,13654.0,score,2.02
task4,13655.0,score,2.01
task4,13656.0,score,1.99
task4,13657.0,score,1.97
task4,13658.0,score,1.95
task4,13659.0,score,1.96
task4,13660.0,score,2.0
task4,13661.0,score,2.01
task4,13662.0,score,1.98
task4,13663.0,score,1.99
task4,13664.0,score,1.98
task4,13665.0,score,1.97
task4,13666.0,score,1.99
task4,13667.0,score,2.01
task4,13668.0,score,2.03
task4,13669.0,score,2.02
task4,13670.0,score,2.02
task4,13671.0,score,2.03
task4,13672.0,score,2.02
task4,13673.0,score,2.03
task4,13674.0,score,1.95
task4,13675.0,score,1.93
task4,13676.0,score,1.93
task4,13677.0,score,1.95
task4,13678.0,score,1.96
task4,13679.0,score,1.95
task4,13680.0,score,1.96
task4,13681.0,score,1.96
task4,13682.0,score,1.94
task4,13683.0,score,1.94
task4,13684.0,score,1.91
task4,13685.0,score,1.9
task4,13686.0,score,1.88
task4,13687.0,score,1.87
task4,13688.0,score,1.83
task4,13689.0,score,1.86
task4,13690.0,score,1.83
task4,13691.0,score,1.88
task4,13692.0,score,1.87
task4,13693.0,score,1.86
task4,13694.0,score,1.86
task4,13695.0,score,1.88
task4,13696.0,score,1.89
task4,13697.0,score,1.92
task4,13698.0,score,1.92
task4,13699.0,score,1.93
task4,13700.0,score,1.88
task4,13701.0,score,1.86
task4,13702.0,score,1.87
task4,13703.0,score,1.87
task4,13704.0,score,1.88
task4,13705.0,score,1.86
task4,13706.0,score,1.8
task4,13707.0,score,1.79
task4,13708.0,score,1.87
task4,13709.0,score,1.87
task4,13710.0,score,1.86
task4,13711.0,score,1.87
task4,13712.0,score,1.9
task4,13713.0,score,1.93
task4,13714.0,score,1.92
task4,13715.0,score,1.92
task4,13716.0,score,1.88
task4,13717.0,score,1.87
task4,13718.0,score,1.87
task4,13719.0,score,1.89
task4,13720.0,score,1.89
task4,13721.0,score,1.89
task4,13722.0,score,1.88
task4,13723.0,score,1.9
task4,13724.0,score,1.91
task4,13725.0,score,1.95
task4,13726.0,score,1.93
task4,13727.0,score,1.96
task4,13728.0,score,1.95
task4,13729.0,score,1.99
task4,13730.0,score,1.96
task4,13731.0,score,1.95
task4,13732.0,score,1.95
task4,13733.0,score,1.95
task4,13734.0,score,1.98
task4,13735.0,score,1.95
task4,13736.0,score,1.95
task4,13737.0,score,1.94
task4,13738.0,score,1.93
task4,13739.0,score,1.93
task4,13740.0,score,1.92
task4,13741.0,score,1.94
task4,13742.0,score,1.95
task4,13743.0,score,1.96
task4,13744.0,score,1.97
task4,13745.0,score,1.97
task4,13746.0,score,1.96
task4,13747.0,score,1.99
task4,13748.0,score,1.98
task4,13749.0,score,2.0
task4,13750.0,score,1.99
task4,13751.0,score,1.99
task4,13752.0,score,1.98
task4,13753.0,score,1.99
task4,13754.0,score,1.98
task4,13755.0,score,2.0
task4,13756.0,score,2.0
task4,13757.0,score,2.14
task4,13758.0,score,2.17
task4,13759.0,score,2.16
task4,13760.0,score,2.1
task4,13761.0,score,2.09
task4,13762.0,score,2.17
task4,13763.0,score,2.17
task4,13764.0,score,2.19
task4,13765.0,score,2.19
task4,13766.0,score,2.16
task4,13767.0,score,2.18
task4,13768.0,score,2.16
task4,13769.0,score,2.14
task4,13770.0,score,2.14
task4,13771.0,score,2.17
task4,13772.0,score,2.16
task4,13773.0,score,2.14
task4,13774.0,score,2.14
task4,13775.0,score,2.13
task4,13776.0,score,2.14
task4,13777.0,score,2.14
task4,13778.0,score,2.17
task4,13779.0,score,2.17
task4,13780.0,score,2.17
task4,13781.0,score,2.14
task4,13782.0,score,2.14
task4,13783.0,score,2.15
task4,13784.0,score,2.19
task4,13785.0,score,2.22
task4,13786.0,score,2.21
task4,13787.0,score,2.21
task4,13788.0,score,2.22
task4,13789.0,score,2.2
task4,13790.0,score,2.21
task4,13791.0,score,2.15
task4,13792.0,score,2.15
task4,13793.0,score,2.16
task4,13794.0,score,2.2
task4,13795.0,score,2.18
task4,13796.0,score,2.18
task4,13797.0,score,2.2
task4,13798.0,score,2.26
task4,13799.0,score,2.18
task4,13800.0,score,2.22
task4,13801.0,score,2.21
task4,13802.0,score,2.2
task4,13803.0,score,2.21
task4,13804.0,score,2.17
task4,13805.0,score,2.17
task4,13806.0,score,2.17
task4,13807.0,score,2.19
task4,13808.0,score,2.1
task4,13809.0,score,2.13
task4,13810.0,score,2.14
task4,13811.0,score,2.17
task4,13812.0,score,2.12
task4,13813.0,score,2.1
task4,13814.0,score,2.12
task4,13815.0,score,2.15
task4,13816.0,score,2.18
task4,13817.0,score,2.19
task4,13818.0,score,2.19
task4,13819.0,score,2.18
task4,13820.0,score,2.26
task4,13821.0,score,2.26
task4,13822.0,score,2.24
task4,13823.0,score,2.25
task4,13824.0,score,2.27
task4,13825.0,score,2.28
task4,13826.0,score,2.3
task4,13827.0,score,2.26
task4,13828.0,score,2.24
task4,13829.0,score,2.22
task4,13830.0,score,2.22
task4,13831.0,score,2.3
task4,13832.0,score,2.32
task4,13833.0,score,2.31
task4,13834.0,score,2.3
task4,13835.0,score,2.3
task4,13836.0,score,2.28
task4,13837.0,score,2.28
task4,13838.0,score,2.27
task4,13839.0,score,2.27
task4,13840.0,score,2.27
task4,13841.0,score,2.26
task4,13842.0,score,2.28
task4,13843.0,score,2.26
task4,13844.0,score,2.28
task4,13845.0,score,2.27
task4,13846.0,score,2.26
task4,13847.0,score,2.23
task4,13848.0,score,2.23
task4,13849.0,score,2.22
task4,13850.0,score,2.2
task4,13851.0,score,2.21
task4,13852.0,score,2.2
task4,13853.0,score,2.18
task4,13854.0,score,2.23
task4,13855.0,score,2.21
task4,13856.0,score,2.23
task4,13857.0,score,2.12
task4,13858.0,score,2.09
task4,13859.0,score,2.09
task4,13860.0,score,2.13
task4,13861.0,score,2.14
task4,13862.0,score,2.06
task4,13863.0,score,2.05
task4,13864.0,score,2.02
task4,13865.0,score,2.06
task4,13866.0,score,2.08
task4,13867.0,score,2.04
task4,13868.0,score,2.06
task4,13869.0,score,2.05
task4,13870.0,score,2.07
task4,13871.0,score,2.06
task4,13872.0,score,2.08
task4,13873.0,score,2.09
task4,13874.0,score,2.09
task4,13875.0,score,2.13
task4,13876.0,score,2.11
task4,13877.0,score,2.12
task4,13878.0,score,2.09
task4,13879.0,score,2.11
task4,13880.0,score,2.09
task4,13881.0,score,2.12
task4,13882.0,score,2.11
task4,13883.0,score,2.1
task4,13884.0,score,2.1
task4,13885.0,score,2.07
task4,13886.0,score,2.11
task4,13887.0,score,2.11
task4,13888.0,score,2.14
task4,13889.0,score,2.13
task4,13890.0,score,2.15
task4,13891.0,score,2.22
task4,13892.0,score,2.26
task4,13893.0,score,2.25
task4,13894.0,score,2.22
task4,13895.0,score,2.21
task4,13896.0,score,2.21
task4,13897.0,score,2.16
task4,13898.0,score,2.1
task4,13899.0,score,2.13
task4,13900.0,score,2.07
task4,13901.0,score,2.09
task4,13902.0,score,2.1
task4,13903.0,score,2.12
task4,13904.0,score,2.15
task4,13905.0,score,2.16
task4,13906.0,score,2.18
task4,13907.0,score,2.2
task4,13908.0,score,2.28
task4,13909.0,score,2.25
task4,13910.0,score,2.25
task4,13911.0,score,2.22
task4,13912.0,score,2.23
task4,13913.0,score,2.24
task4,13914.0,score,2.2
task4,13915.0,score,2.2
task4,13916.0,score,2.18
task4,13917.0,score,2.19
task4,13918.0,score,2.2
task4,13919.0,score,2.19
task4,13920.0,score,2.1
task4,13921.0,score,2.08
task4,13922.0,score,2.1
task4,13923.0,score,2.08
task4,13924.0,score,2.07
task4,13925.0,score,2.03
task4,13926.0,score,2.01
task4,13927.0,score,2.03
task4,13928.0,score,2.05
task4,13929.0,score,2.04
task4,13930.0,score,2.0
task4,13931.0,score,1.92
task4,13932.0,score,1.9
task4,13933.0,score,1.9
task4,13934.0,score,1.91
task4,13935.0,score,1.91
task4,13936.0,score,1.92
task4,13937.0,score,1.93
task4,13938.0,score,1.92
task4,13939.0,score,1.91
task4,13940.0,score,1.9
task4,13941.0,score,1.87
task4,13942.0,score,1.85
task4,13943.0,score,1.87
task4,13944.0,score,1.86
task4,13945.0,score,1.88
task4,13946.0,score,1.87
task4,13947.0,score,1.89
task4,13948.0,score,1.9
task4,13949.0,score,1.93
task4,13950.0,score,1.93
task4,13951.0,score,1.92
task4,13952.0,score,1.92
task4,13953.0,score,1.97
task4,13954.0,score,1.91
task4,13955.0,score,1.9
task4,13956.0,score,1.9
task4,13957.0,score,1.87
task4,13958.0,score,1.88
task4,13959.0,score,1.89
task4,13960.0,score,1.87
task4,13961.0,score,1.87
task4,13962.0,score,1.9
task4,13963.0,score,1.91
task4,13964.0,score,1.92
task4,13965.0,score,1.89
task4,13966.0,score,1.88
task4,13967.0,score,1.88
task4,13968.0,score,1.87
task4,13969.0,score,1.9
task4,13970.0,score,1.87
task4,13971.0,score,1.86
task4,13972.0,score,1.87
task4,13973.0,score,1.9
task4,13974.0,score,1.91
task4,13975.0,score,1.91
task4,13976.0,score,1.93
task4,13977.0,score,1.93
task4,13978.0,score,1.93
task4,13979.0,score,1.9
task4,13980.0,score,1.92
task4,13981.0,score,1.92
task4,13982.0,score,1.92
task4,13983.0,score,1.91
task4,13984.0,score,1.94
task4,13985.0,score,1.97
task4,13986.0,score,1.93
task4,13987.0,score,1.93
task4,13988.0,score,1.91
task4,13989.0,score,1.92
task4,13990.0,score,1.91
task4,13991.0,score,1.85
task4,13992.0,score,1.82
task4,13993.0,score,1.81
task4,13994.0,score,1.8
task4,13995.0,score,1.8
task4,13996.0,score,1.8
task4,13997.0,score,1.83
task4,13998.0,score,1.91
task4,13999.0,score,1.9
task4,14000.0,score,1.91
task4,14001.0,score,1.89
task4,14002.0,score,1.88
task4,14003.0,score,1.85
task4,14004.0,score,1.82
task4,14005.0,score,1.81
task4,14006.0,score,1.79
task4,14007.0,score,1.77
task4,14008.0,score,1.71
task4,14009.0,score,1.73
task4,14010.0,score,1.72
task4,14011.0,score,1.73
task4,14012.0,score,1.76
task4,14013.0,score,1.77
task4,14014.0,score,1.8
task4,14015.0,score,1.78
task4,14016.0,score,1.77
task4,14017.0,score,1.77
task4,14018.0,score,1.74
task4,14019.0,score,1.74
task4,14020.0,score,1.74
task4,14021.0,score,1.76
task4,14022.0,score,1.77
task4,14023.0,score,1.77
task4,14024.0,score,1.76
task4,14025.0,score,1.74
task4,14026.0,score,1.77
task4,14027.0,score,1.76
task4,14028.0,score,1.74
task4,14029.0,score,1.72
task4,14030.0,score,1.72
task4,14031.0,score,1.72
task4,14032.0,score,1.7
task4,14033.0,score,1.7
task4,14034.0,score,1.7
task4,14035.0,score,1.69
task4,14036.0,score,1.71
task4,14037.0,score,1.72
task4,14038.0,score,1.78
task4,14039.0,score,1.81
task4,14040.0,score,1.81
task4,14041.0,score,1.84
task4,14042.0,score,1.84
task4,14043.0,score,1.93
task4,14044.0,score,1.93
task4,14045.0,score,1.9
task4,14046.0,score,1.91
task4,14047.0,score,1.91
task4,14048.0,score,1.89
task4,14049.0,score,1.85
task4,14050.0,score,1.86
task4,14051.0,score,1.87
task4,14052.0,score,1.9
task4,14053.0,score,1.88
task4,14054.0,score,1.92
task4,14055.0,score,1.93
task4,14056.0,score,1.94
task4,14057.0,score,1.95
task4,14058.0,score,1.96
task4,14059.0,score,1.96
task4,14060.0,score,1.97
task4,14061.0,score,2.01
task4,14062.0,score,2.06
task4,14063.0,score,2.08
task4,14064.0,score,2.11
task4,14065.0,score,2.11
task4,14066.0,score,2.1
task4,14067.0,score,2.11
task4,14068.0,score,2.15
task4,14069.0,score,2.14
task4,14070.0,score,2.15
task4,14071.0,score,2.13
task4,14072.0,score,2.1
task4,14073.0,score,2.06
task4,14074.0,score,2.07
task4,14075.0,score,2.04
task4,14076.0,score,2.01
task4,14077.0,score,2.0
task4,14078.0,score,2.0
task4,14079.0,score,1.99
task4,14080.0,score,2.01
task4,14081.0,score,2.05
task4,14082.0,score,2.09
task4,14083.0,score,2.1
task4,14084.0,score,2.04
task4,14085.0,score,2.05
task4,14086.0,score,2.07
task4,14087.0,score,2.07
task4,14088.0,score,2.07
task4,14089.0,score,2.08
task4,14090.0,score,2.09
task4,14091.0,score,2.07
task4,14092.0,score,2.06
task4,14093.0,score,2.05
task4,14094.0,score,2.07
task4,14095.0,score,2.09
task4,14096.0,score,2.15
task4,14097.0,score,2.14
task4,14098.0,score,2.12
task4,14099.0,score,2.13
task4,14100.0,score,2.15
task4,14101.0,score,2.15
task4,14102.0,score,2.14
task4,14103.0,score,2.17
task4,14104.0,score,2.18
task4,14105.0,score,2.2
task4,14106.0,score,2.18
task4,14107.0,score,2.18
task4,14108.0,score,2.19
task4,14109.0,score,2.18
task4,14110.0,score,2.19
task4,14111.0,score,2.16
task4,14112.0,score,2.13
task4,14113.0,score,2.11
task4,14114.0,score,2.09
task4,14115.0,score,2.09
task4,14116.0,score,2.08
task4,14117.0,score,2.06
task4,14118.0,score,2.1
task4,14119.0,score,2.1
task4,14120.0,score,2.11
task4,14121.0,score,2.11
task4,14122.0,score,2.1
task4,14123.0,score,2.11
task4,14124.0,score,2.13
task4,14125.0,score,2.13
task4,14126.0,score,2.11
task4,14127.0,score,2.1
task4,14128.0,score,2.12
task4,14129.0,score,2.13
task4,14130.0,score,2.14
task4,14131.0,score,2.14
task4,14132.0,score,2.17
task4,14133.0,score,2.17
task4,14134.0,score,2.16
task4,14135.0,score,2.18
task4,14136.0,score,2.2
task4,14137.0,score,2.21
task4,14138.0,score,2.18
task4,14139.0,score,2.16
task4,14140.0,score,2.14
task4,14141.0,score,2.13
task4,14142.0,score,2.13
task4,14143.0,score,2.04
task4,14144.0,score,2.02
task4,14145.0,score,2.03
task4,14146.0,score,2.02
task4,14147.0,score,2.03
task4,14148.0,score,2.02
task4,14149.0,score,2.02
task4,14150.0,score,2.05
task4,14151.0,score,2.02
task4,14152.0,score,2.0
task4,14153.0,score,2.0
task4,14154.0,score,2.01
task4,14155.0,score,2.0
task4,14156.0,score,1.97
task4,14157.0,score,1.98
task4,14158.0,score,2.03
task4,14159.0,score,2.05
task4,14160.0,score,2.04
task4,14161.0,score,2.01
task4,14162.0,score,1.94
task4,14163.0,score,1.91
task4,14164.0,score,1.87
task4,14165.0,score,1.88
task4,14166.0,score,1.9
task4,14167.0,score,1.9
task4,14168.0,score,1.87
task4,14169.0,score,1.87
task4,14170.0,score,1.93
task4,14171.0,score,1.98
task4,14172.0,score,1.97
task4,14173.0,score,1.98
task4,14174.0,score,1.99
task4,14175.0,score,2.0
task4,14176.0,score,2.0
task4,14177.0,score,1.97
task4,14178.0,score,1.98
task4,14179.0,score,1.99
task4,14180.0,score,1.96
task4,14181.0,score,1.89
task4,14182.0,score,1.89
task4,14183.0,score,1.87
task4,14184.0,score,1.86
task4,14185.0,score,1.95
task4,14186.0,score,1.93
task4,14187.0,score,1.94
task4,14188.0,score,1.95
task4,14189.0,score,1.96
task4,14190.0,score,1.96
task4,14191.0,score,1.98
task4,14192.0,score,1.99
task4,14193.0,score,2.05
task4,14194.0,score,2.04
task4,14195.0,score,2.03
task4,14196.0,score,2.0
task4,14197.0,score,2.03
task4,14198.0,score,2.05
task4,14199.0,score,2.04
task4,14200.0,score,2.03
task4,14201.0,score,2.03
task4,14202.0,score,2.07
task4,14203.0,score,2.07
task4,14204.0,score,2.08
task4,14205.0,score,2.09
task4,14206.0,score,2.12
task4,14207.0,score,2.15
task4,14208.0,score,2.14
task4,14209.0,score,2.12
task4,14210.0,score,2.14
task4,14211.0,score,2.21
task4,14212.0,score,2.22
task4,14213.0,score,2.22
task4,14214.0,score,2.24
task4,14215.0,score,2.26
task4,14216.0,score,2.31
task4,14217.0,score,2.32
task4,14218.0,score,2.31
task4,14219.0,score,2.3
task4,14220.0,score,2.3
task4,14221.0,score,2.3
task4,14222.0,score,2.32
task4,14223.0,score,2.38
task4,14224.0,score,2.35
task4,14225.0,score,2.35
task4,14226.0,score,2.36
task4,14227.0,score,2.37
task4,14228.0,score,2.35
task4,14229.0,score,2.34
task4,14230.0,score,2.33
task4,14231.0,score,2.33
task4,14232.0,score,2.32
task4,14233.0,score,2.32
task4,14234.0,score,2.33
task4,14235.0,score,2.33
task4,14236.0,score,2.35
task4,14237.0,score,2.36
task4,14238.0,score,2.34
task4,14239.0,score,2.34
task4,14240.0,score,2.35
task4,14241.0,score,2.34
task4,14242.0,score,2.34
task4,14243.0,score,2.34
task4,14244.0,score,2.35
task4,14245.0,score,2.36
task4,14246.0,score,2.36
task4,14247.0,score,2.35
task4,14248.0,score,2.37
task4,14249.0,score,2.39
task4,14250.0,score,2.36
task4,14251.0,score,2.4
task4,14252.0,score,2.4
task4,14253.0,score,2.4
task4,14254.0,score,2.35
task4,14255.0,score,2.37
task4,14256.0,score,2.41
task4,14257.0,score,2.41
task4,14258.0,score,2.37
task4,14259.0,score,2.35
task4,14260.0,score,2.38
task4,14261.0,score,2.36
task4,14262.0,score,2.38
task4,14263.0,score,2.37
task4,14264.0,score,2.38
task4,14265.0,score,2.36
task4,14266.0,score,2.36
task4,14267.0,score,2.38
task4,14268.0,score,2.39
task4,14269.0,score,2.37
task4,14270.0,score,2.33
task4,14271.0,score,2.32
task4,14272.0,score,2.33
task4,14273.0,score,2.34
task4,14274.0,score,2.33
task4,14275.0,score,2.34
task4,14276.0,score,2.37
task4,14277.0,score,2.39
task4,14278.0,score,2.42
task4,14279.0,score,2.46
task4,14280.0,score,2.46
task4,14281.0,score,2.46
task4,14282.0,score,2.42
task4,14283.0,score,2.46
task4,14284.0,score,2.47
task4,14285.0,score,2.36
task4,14286.0,score,2.37
task4,14287.0,score,2.37
task4,14288.0,score,2.36
task4,14289.0,score,2.34
task4,14290.0,score,2.33
task4,14291.0,score,2.32
task4,14292.0,score,2.32
task4,14293.0,score,2.27
task4,14294.0,score,2.26
task4,14295.0,score,2.27
task4,14296.0,score,2.31
task4,14297.0,score,2.29
task4,14298.0,score,2.24
task4,14299.0,score,2.25
task4,14300.0,score,2.32
task4,14301.0,score,2.35
task4,14302.0,score,2.33
task4,14303.0,score,2.34
task4,14304.0,score,2.33
task4,14305.0,score,2.34
task4,14306.0,score,2.32
task4,14307.0,score,2.32
task4,14308.0,score,2.31
task4,14309.0,score,2.32
task4,14310.0,score,2.31
task4,14311.0,score,2.24
task4,14312.0,score,2.24
task4,14313.0,score,2.24
task4,14314.0,score,2.24
task4,14315.0,score,2.24
task4,14316.0,score,2.2
task4,14317.0,score,2.19
task4,14318.0,score,2.19
task4,14319.0,score,2.21
task4,14320.0,score,2.21
task4,14321.0,score,2.23
task4,14322.0,score,2.21
task4,14323.0,score,2.16
task4,14324.0,score,2.18
task4,14325.0,score,2.2
task4,14326.0,score,2.2
task4,14327.0,score,2.23
task4,14328.0,score,2.24
task4,14329.0,score,2.26
task4,14330.0,score,2.28
task4,14331.0,score,2.3
task4,14332.0,score,2.29
task4,14333.0,score,2.32
task4,14334.0,score,2.31
task4,14335.0,score,2.33
task4,14336.0,score,2.26
task4,14337.0,score,2.25
task4,14338.0,score,2.27
task4,14339.0,score,2.26
task4,14340.0,score,2.28
task4,14341.0,score,2.28
task4,14342.0,score,2.29
task4,14343.0,score,2.27
task4,14344.0,score,2.28
task4,14345.0,score,2.29
task4,14346.0,score,2.33
task4,14347.0,score,2.33
task4,14348.0,score,2.32
task4,14349.0,score,2.31
task4,14350.0,score,2.32
task4,14351.0,score,2.3
task4,14352.0,score,2.35
task4,14353.0,score,2.34
task4,14354.0,score,2.37
task4,14355.0,score,2.37
task4,14356.0,score,2.34
task4,14357.0,score,2.33
task4,14358.0,score,2.31
task4,14359.0,score,2.35
task4,14360.0,score,2.3
task4,14361.0,score,2.3
task4,14362.0,score,2.29
task4,14363.0,score,2.35
task4,14364.0,score,2.35
task4,14365.0,score,2.37
task4,14366.0,score,2.34
task4,14367.0,score,2.32
task4,14368.0,score,2.29
task4,14369.0,score,2.29
task4,14370.0,score,2.36
task4,14371.0,score,2.36
task4,14372.0,score,2.37
task4,14373.0,score,2.35
task4,14374.0,score,2.35
task4,14375.0,score,2.36
task4,14376.0,score,2.33
task4,14377.0,score,2.31
task4,14378.0,score,2.29
task4,14379.0,score,2.25
task4,14380.0,score,2.24
task4,14381.0,score,2.26
task4,14382.0,score,2.28
task4,14383.0,score,2.25
task4,14384.0,score,2.3
task4,14385.0,score,2.3
task4,14386.0,score,2.32
task4,14387.0,score,2.38
task4,14388.0,score,2.38
task4,14389.0,score,2.39
task4,14390.0,score,2.39
task4,14391.0,score,2.39
task4,14392.0,score,2.39
task4,14393.0,score,2.39
task4,14394.0,score,2.41
task4,14395.0,score,2.41
task4,14396.0,score,2.34
task4,14397.0,score,2.31
task4,14398.0,score,2.29
task4,14399.0,score,2.27
task4,14400.0,score,2.19
task4,14401.0,score,2.21
task4,14402.0,score,2.21
task4,14403.0,score,2.17
task4,14404.0,score,2.19
task4,14405.0,score,2.18
task4,14406.0,score,2.18
task4,14407.0,score,2.15
task4,14408.0,score,2.14
task4,14409.0,score,2.15
task4,14410.0,score,2.14
task4,14411.0,score,2.17
task4,14412.0,score,2.18
task4,14413.0,score,2.17
task4,14414.0,score,2.15
task4,14415.0,score,2.13
task4,14416.0,score,2.12
task4,14417.0,score,2.16
task4,14418.0,score,2.16
task4,14419.0,score,2.22
task4,14420.0,score,2.22
task4,14421.0,score,2.21
task4,14422.0,score,2.22
task4,14423.0,score,2.22
task4,14424.0,score,2.24
task4,14425.0,score,2.25
task4,14426.0,score,2.23
task4,14427.0,score,2.22
task4,14428.0,score,2.25
task4,14429.0,score,2.27
task4,14430.0,score,2.26
task4,14431.0,score,2.28
task4,14432.0,score,2.27
task4,14433.0,score,2.32
task4,14434.0,score,2.32
task4,14435.0,score,2.29
task4,14436.0,score,2.3
task4,14437.0,score,2.35
task4,14438.0,score,2.32
task4,14439.0,score,2.31
task4,14440.0,score,2.3
task4,14441.0,score,2.3
task4,14442.0,score,2.29
task4,14443.0,score,2.29
task4,14444.0,score,2.27
task4,14445.0,score,2.25
task4,14446.0,score,2.21
task4,14447.0,score,2.25
task4,14448.0,score,2.27
task4,14449.0,score,2.27
task4,14450.0,score,2.29
task4,14451.0,score,2.29
task4,14452.0,score,2.24
task4,14453.0,score,2.23
task4,14454.0,score,2.23
task4,14455.0,score,2.23
task4,14456.0,score,2.21
task4,14457.0,score,2.22
task4,14458.0,score,2.22
task4,14459.0,score,2.17
task4,14460.0,score,2.18
task4,14461.0,score,2.17
task4,14462.0,score,2.17
task4,14463.0,score,2.13
task4,14464.0,score,2.15
task4,14465.0,score,2.14
task4,14466.0,score,2.17
task4,14467.0,score,2.2
task4,14468.0,score,2.23
task4,14469.0,score,2.23
task4,14470.0,score,2.15
task4,14471.0,score,2.12
task4,14472.0,score,2.11
task4,14473.0,score,2.15
task4,14474.0,score,2.13
task4,14475.0,score,2.11
task4,14476.0,score,2.12
task4,14477.0,score,2.17
task4,14478.0,score,2.15
task4,14479.0,score,2.16
task4,14480.0,score,2.17
task4,14481.0,score,2.16
task4,14482.0,score,2.17
task4,14483.0,score,2.17
task4,14484.0,score,2.11
task4,14485.0,score,2.12
task4,14486.0,score,2.12
task4,14487.0,score,2.06
task4,14488.0,score,2.06
task4,14489.0,score,2.09
task4,14490.0,score,2.1
task4,14491.0,score,2.14
task4,14492.0,score,2.13
task4,14493.0,score,2.12
task4,14494.0,score,2.16
task4,14495.0,score,2.13
task4,14496.0,score,2.15
task4,14497.0,score,2.19
task4,14498.0,score,2.21
task4,14499.0,score,2.23
task4,14500.0,score,2.23
task4,14501.0,score,2.18
task4,14502.0,score,2.2
task4,14503.0,score,2.2
task4,14504.0,score,2.18
task4,14505.0,score,2.18
task4,14506.0,score,2.18
task4,14507.0,score,2.19
task4,14508.0,score,2.2
task4,14509.0,score,2.19
task4,14510.0,score,2.18
task4,14511.0,score,2.18
task4,14512.0,score,2.17
task4,14513.0,score,2.17
task4,14514.0,score,2.18
task4,14515.0,score,2.17
task4,14516.0,score,2.17
task4,14517.0,score,2.14
task4,14518.0,score,2.12
task4,14519.0,score,2.07
task4,14520.0,score,2.09
task4,14521.0,score,2.13
task4,14522.0,score,2.17
task4,14523.0,score,2.16
task4,14524.0,score,2.12
task4,14525.0,score,2.1
task4,14526.0,score,2.12
task4,14527.0,score,2.09
task4,14528.0,score,2.07
task4,14529.0,score,2.04
task4,14530.0,score,2.03
task4,14531.0,score,1.98
task4,14532.0,score,2.01
task4,14533.0,score,1.95
task4,14534.0,score,2.02
task4,14535.0,score,2.06
task4,14536.0,score,2.08
task4,14537.0,score,2.04
task4,14538.0,score,2.12
task4,14539.0,score,2.15
task4,14540.0,score,2.15
task4,14541.0,score,2.16
task4,14542.0,score,2.14
task4,14543.0,score,2.16
task4,14544.0,score,2.19
task4,14545.0,score,2.17
task4,14546.0,score,2.21
task4,14547.0,score,2.18
task4,14548.0,score,2.17
task4,14549.0,score,2.19
task4,14550.0,score,2.17
task4,14551.0,score,2.19
task4,14552.0,score,2.18
task4,14553.0,score,2.21
task4,14554.0,score,2.2
task4,14555.0,score,2.19
task4,14556.0,score,2.19
task4,14557.0,score,2.19
task4,14558.0,score,2.2
task4,14559.0,score,2.24
task4,14560.0,score,2.25
task4,14561.0,score,2.28
task4,14562.0,score,2.29
task4,14563.0,score,2.28
task4,14564.0,score,2.27
task4,14565.0,score,2.26
task4,14566.0,score,2.26
task4,14567.0,score,2.25
task4,14568.0,score,2.25
task4,14569.0,score,2.25
task4,14570.0,score,2.23
task4,14571.0,score,2.26
task4,14572.0,score,2.28
task4,14573.0,score,2.24
task4,14574.0,score,2.27
task4,14575.0,score,2.26
task4,14576.0,score,2.27
task4,14577.0,score,2.23
task4,14578.0,score,2.22
task4,14579.0,score,2.23
task4,14580.0,score,2.23
task4,14581.0,score,2.24
task4,14582.0,score,2.21
task4,14583.0,score,2.22
task4,14584.0,score,2.25
task4,14585.0,score,2.24
task4,14586.0,score,2.21
task4,14587.0,score,2.23
task4,14588.0,score,2.21
task4,14589.0,score,2.16
task4,14590.0,score,2.13
task4,14591.0,score,2.17
task4,14592.0,score,2.18
task4,14593.0,score,2.18
task4,14594.0,score,2.14
task4,14595.0,score,2.16
task4,14596.0,score,2.17
task4,14597.0,score,2.15
task4,14598.0,score,2.15
task4,14599.0,score,2.13
task4,14600.0,score,2.14
task4,14601.0,score,2.13
task4,14602.0,score,2.09
task4,14603.0,score,2.11
task4,14604.0,score,2.18
task4,14605.0,score,2.15
task4,14606.0,score,2.14
task4,14607.0,score,2.12
task4,14608.0,score,2.13
task4,14609.0,score,2.14
task4,14610.0,score,2.19
task4,14611.0,score,2.17
task4,14612.0,score,2.15
task4,14613.0,score,2.15
task4,14614.0,score,2.15
task4,14615.0,score,2.15
task4,14616.0,score,2.17
task4,14617.0,score,2.16
task4,14618.0,score,2.2
task4,14619.0,score,2.19
task4,14620.0,score,2.18
task4,14621.0,score,2.14
task4,14622.0,score,2.07
task4,14623.0,score,2.07
task4,14624.0,score,2.08
task4,14625.0,score,2.11
task4,14626.0,score,2.12
task4,14627.0,score,2.12
task4,14628.0,score,2.12
task4,14629.0,score,2.14
task4,14630.0,score,2.22
task4,14631.0,score,2.23
task4,14632.0,score,2.21
task4,14633.0,score,2.19
task4,14634.0,score,2.11
task4,14635.0,score,2.08
task4,14636.0,score,2.07
task4,14637.0,score,2.06
task4,14638.0,score,1.98
task4,14639.0,score,1.98
task4,14640.0,score,1.99
task4,14641.0,score,2.01
task4,14642.0,score,2.02
task4,14643.0,score,2.01
task4,14644.0,score,1.98
task4,14645.0,score,2.0
task4,14646.0,score,1.98
task4,14647.0,score,1.96
task4,14648.0,score,1.94
task4,14649.0,score,1.93
task4,14650.0,score,1.93
task4,14651.0,score,1.91
task4,14652.0,score,1.92
task4,14653.0,score,1.89
task4,14654.0,score,1.89
task4,14655.0,score,1.89
task4,14656.0,score,1.9
task4,14657.0,score,1.91
task4,14658.0,score,1.91
task4,14659.0,score,1.91
task4,14660.0,score,1.91
task4,14661.0,score,1.88
task4,14662.0,score,1.86
task4,14663.0,score,1.85
task4,14664.0,score,1.86
task4,14665.0,score,1.9
task4,14666.0,score,1.88
task4,14667.0,score,1.87
task4,14668.0,score,1.85
task4,14669.0,score,1.87
task4,14670.0,score,1.9
task4,14671.0,score,1.87
task4,14672.0,score,1.84
task4,14673.0,score,1.85
task4,14674.0,score,1.89
task4,14675.0,score,1.91
task4,14676.0,score,1.91
task4,14677.0,score,1.91
task4,14678.0,score,1.94
task4,14679.0,score,1.92
task4,14680.0,score,1.93
task4,14681.0,score,1.92
task4,14682.0,score,1.93
task4,14683.0,score,1.95
task4,14684.0,score,1.96
task4,14685.0,score,1.97
task4,14686.0,score,1.99
task4,14687.0,score,1.98
task4,14688.0,score,2.03
task4,14689.0,score,2.04
task4,14690.0,score,2.04
task4,14691.0,score,1.96
task4,14692.0,score,1.94
task4,14693.0,score,1.94
task4,14694.0,score,1.94
task4,14695.0,score,1.95
task4,14696.0,score,1.93
task4,14697.0,score,1.93
task4,14698.0,score,1.91
task4,14699.0,score,1.91
task4,14700.0,score,1.91
task4,14701.0,score,1.91
task4,14702.0,score,1.94
task4,14703.0,score,1.93
task4,14704.0,score,1.87
task4,14705.0,score,1.93
task4,14706.0,score,1.96
task4,14707.0,score,1.99
task4,14708.0,score,1.99
task4,14709.0,score,1.97
task4,14710.0,score,1.95
task4,14711.0,score,2.01
task4,14712.0,score,2.02
task4,14713.0,score,2.02
task4,14714.0,score,2.02
task4,14715.0,score,2.04
task4,14716.0,score,2.04
task4,14717.0,score,2.05
task4,14718.0,score,2.1
task4,14719.0,score,2.13
task4,14720.0,score,2.11
task4,14721.0,score,2.09
task4,14722.0,score,2.1
task4,14723.0,score,2.09
task4,14724.0,score,2.1
task4,14725.0,score,2.08
task4,14726.0,score,2.05
task4,14727.0,score,2.07
task4,14728.0,score,2.05
task4,14729.0,score,2.02
task4,14730.0,score,1.94
task4,14731.0,score,1.93
task4,14732.0,score,1.94
task4,14733.0,score,1.93
task4,14734.0,score,1.95
task4,14735.0,score,1.95
task4,14736.0,score,1.94
task4,14737.0,score,1.92
task4,14738.0,score,1.95
task4,14739.0,score,1.93
task4,14740.0,score,1.9
task4,14741.0,score,1.87
task4,14742.0,score,1.86
task4,14743.0,score,1.85
task4,14744.0,score,1.87
task4,14745.0,score,1.9
task4,14746.0,score,1.88
task4,14747.0,score,1.9
task4,14748.0,score,1.9
task4,14749.0,score,1.89
task4,14750.0,score,1.94
task4,14751.0,score,1.94
task4,14752.0,score,1.94
task4,14753.0,score,1.94
task4,14754.0,score,1.93
task4,14755.0,score,1.94
task4,14756.0,score,1.93
task4,14757.0,score,1.91
task4,14758.0,score,1.95
task4,14759.0,score,1.92
task4,14760.0,score,1.9
task4,14761.0,score,1.89
task4,14762.0,score,1.89
task4,14763.0,score,1.9
task4,14764.0,score,1.88
task4,14765.0,score,1.94
task4,14766.0,score,1.95
task4,14767.0,score,1.95
task4,14768.0,score,1.99
task4,14769.0,score,2.0
task4,14770.0,score,1.98
task4,14771.0,score,1.98
task4,14772.0,score,1.98
task4,14773.0,score,2.01
task4,14774.0,score,1.96
task4,14775.0,score,1.94
task4,14776.0,score,1.93
task4,14777.0,score,1.94
task4,14778.0,score,1.91
task4,14779.0,score,1.9
task4,14780.0,score,1.89
task4,14781.0,score,1.9
task4,14782.0,score,1.9
task4,14783.0,score,1.88
task4,14784.0,score,1.87
task4,14785.0,score,1.84
task4,14786.0,score,1.83
task4,14787.0,score,1.85
task4,14788.0,score,1.82
task4,14789.0,score,1.82
task4,14790.0,score,1.84
task4,14791.0,score,1.85
task4,14792.0,score,1.84
task4,14793.0,score,1.86
task4,14794.0,score,1.85
task4,14795.0,score,1.84
task4,14796.0,score,1.85
task4,14797.0,score,1.84
task4,14798.0,score,1.87
task4,14799.0,score,1.89
task4,14800.0,score,1.88
task4,14801.0,score,1.91
task4,14802.0,score,1.88
task4,14803.0,score,1.9
task4,14804.0,score,1.9
task4,14805.0,score,1.84
task4,14806.0,score,1.86
task4,14807.0,score,1.84
task4,14808.0,score,1.83
task4,14809.0,score,1.84
task4,14810.0,score,1.82
task4,14811.0,score,1.75
task4,14812.0,score,1.77
task4,14813.0,score,1.79
task4,14814.0,score,1.83
task4,14815.0,score,1.86
task4,14816.0,score,1.86
task4,14817.0,score,1.86
task4,14818.0,score,1.82
task4,14819.0,score,1.78
task4,14820.0,score,1.8
task4,14821.0,score,1.8
task4,14822.0,score,1.79
task4,14823.0,score,1.8
task4,14824.0,score,1.79
task4,14825.0,score,1.79
task4,14826.0,score,1.8
task4,14827.0,score,1.79
task4,14828.0,score,1.79
task4,14829.0,score,1.81
task4,14830.0,score,1.81
task4,14831.0,score,1.84
task4,14832.0,score,1.83
task4,14833.0,score,1.86
task4,14834.0,score,1.83
task4,14835.0,score,1.81
task4,14836.0,score,1.79
task4,14837.0,score,1.79
task4,14838.0,score,1.78
task4,14839.0,score,1.78
task4,14840.0,score,1.82
task4,14841.0,score,1.86
task4,14842.0,score,1.88
task4,14843.0,score,1.99
task4,14844.0,score,2.04
task4,14845.0,score,2.01
task4,14846.0,score,2.03
task4,14847.0,score,2.03
task4,14848.0,score,2.05
task4,14849.0,score,2.06
task4,14850.0,score,2.0
task4,14851.0,score,2.0
task4,14852.0,score,1.99
task4,14853.0,score,2.0
task4,14854.0,score,2.01
task4,14855.0,score,2.0
task4,14856.0,score,2.03
task4,14857.0,score,2.05
task4,14858.0,score,1.99
task4,14859.0,score,1.99
task4,14860.0,score,2.0
task4,14861.0,score,2.01
task4,14862.0,score,2.01
task4,14863.0,score,2.03
task4,14864.0,score,2.04
task4,14865.0,score,1.96
task4,14866.0,score,1.96
task4,14867.0,score,1.95
task4,14868.0,score,1.93
task4,14869.0,score,1.94
task4,14870.0,score,1.93
task4,14871.0,score,1.93
task4,14872.0,score,1.94
task4,14873.0,score,1.93
task4,14874.0,score,1.9
task4,14875.0,score,1.92
task4,14876.0,score,1.92
task4,14877.0,score,1.91
task4,14878.0,score,1.92
task4,14879.0,score,1.93
task4,14880.0,score,1.93
task4,14881.0,score,1.92
task4,14882.0,score,1.93
task4,14883.0,score,1.94
task4,14884.0,score,1.93
task4,14885.0,score,1.95
task4,14886.0,score,1.94
task4,14887.0,score,1.9
task4,14888.0,score,1.9
task4,14889.0,score,1.9
task4,14890.0,score,1.89
task4,14891.0,score,1.88
task4,14892.0,score,1.9
task4,14893.0,score,1.92
task4,14894.0,score,1.94
task4,14895.0,score,1.92
task4,14896.0,score,1.91
task4,14897.0,score,1.91
task4,14898.0,score,1.91
task4,14899.0,score,1.92
task4,14900.0,score,1.94
task4,14901.0,score,1.96
task4,14902.0,score,2.0
task4,14903.0,score,1.98
task4,14904.0,score,2.06
task4,14905.0,score,2.06
task4,14906.0,score,2.02
task4,14907.0,score,2.01
task4,14908.0,score,2.0
task4,14909.0,score,2.02
task4,14910.0,score,2.01
task4,14911.0,score,2.02
task4,14912.0,score,2.01
task4,14913.0,score,1.99
task4,14914.0,score,1.94
task4,14915.0,score,1.89
task4,14916.0,score,1.88
task4,14917.0,score,1.89
task4,14918.0,score,1.86
task4,14919.0,score,1.85
task4,14920.0,score,1.84
task4,14921.0,score,1.83
task4,14922.0,score,1.85
task4,14923.0,score,1.86
task4,14924.0,score,1.85
task4,14925.0,score,1.87
task4,14926.0,score,1.94
task4,14927.0,score,1.95
task4,14928.0,score,1.96
task4,14929.0,score,1.97
task4,14930.0,score,1.97
task4,14931.0,score,1.96
task4,14932.0,score,1.98
task4,14933.0,score,1.97
task4,14934.0,score,1.97
task4,14935.0,score,1.98
task4,14936.0,score,2.0
task4,14937.0,score,2.02
task4,14938.0,score,2.03
task4,14939.0,score,2.07
task4,14940.0,score,2.03
task4,14941.0,score,1.99
task4,14942.0,score,2.01
task4,14943.0,score,1.93
task4,14944.0,score,1.86
task4,14945.0,score,1.86
task4,14946.0,score,1.84
task4,14947.0,score,1.82
task4,14948.0,score,1.82
task4,14949.0,score,1.85
task4,14950.0,score,1.85
task4,14951.0,score,1.85
task4,14952.0,score,1.87
task4,14953.0,score,1.86
task4,14954.0,score,1.86
task4,14955.0,score,1.86
task4,14956.0,score,1.84
task4,14957.0,score,1.81
task4,14958.0,score,1.83
task4,14959.0,score,1.83
task4,14960.0,score,1.85
task4,14961.0,score,1.86
task4,14962.0,score,1.85
task4,14963.0,score,1.83
task4,14964.0,score,1.82
task4,14965.0,score,1.8
task4,14966.0,score,1.81
task4,14967.0,score,1.81
task4,14968.0,score,1.81
task4,14969.0,score,1.79
task4,14970.0,score,1.83
task4,14971.0,score,1.85
task4,14972.0,score,1.84
task4,14973.0,score,1.83
task4,14974.0,score,1.84
task4,14975.0,score,1.81
task4,14976.0,score,1.83
task4,14977.0,score,1.84
task4,14978.0,score,1.84
task4,14979.0,score,1.85
task4,14980.0,score,1.84
task4,14981.0,score,1.84
task4,14982.0,score,1.83
task4,14983.0,score,1.83
task4,14984.0,score,1.82
task4,14985.0,score,1.81
task4,14986.0,score,1.86
task4,14987.0,score,1.87
task4,14988.0,score,1.88
task4,14989.0,score,1.88
task4,14990.0,score,1.9
task4,14991.0,score,1.91
task4,14992.0,score,1.93
task4,14993.0,score,1.89
task4,14994.0,score,1.88
task4,14995.0,score,1.9
task4,14996.0,score,1.91
task4,14997.0,score,1.92
task4,14998.0,score,1.91
task4,14999.0,score,1.89
task4,15000.0,score,1.87
task4,15001.0,score,1.82
task4,15002.0,score,1.8
task4,15003.0,score,1.79
task4,15004.0,score,1.69
task4,15005.0,score,1.71
task4,15006.0,score,1.71
task4,15007.0,score,1.71
task4,15008.0,score,1.73
task4,15009.0,score,1.72
task4,15010.0,score,1.75
task4,15011.0,score,1.75
task4,15012.0,score,1.73
task4,15013.0,score,1.77
task4,15014.0,score,1.77
task4,15015.0,score,1.78
task4,15016.0,score,1.82
task4,15017.0,score,1.82
task4,15018.0,score,1.81
task4,15019.0,score,1.82
task4,15020.0,score,1.82
task4,15021.0,score,1.89
task4,15022.0,score,1.91
task4,15023.0,score,1.9
task4,15024.0,score,1.91
task4,15025.0,score,1.88
task4,15026.0,score,1.8
task4,15027.0,score,1.8
task4,15028.0,score,1.82
task4,15029.0,score,1.82
task4,15030.0,score,1.84
task4,15031.0,score,1.85
task4,15032.0,score,1.83
task4,15033.0,score,1.88
task4,15034.0,score,1.88
task4,15035.0,score,1.88
task4,15036.0,score,1.89
task4,15037.0,score,1.87
task4,15038.0,score,1.87
task4,15039.0,score,1.85
task4,15040.0,score,1.86
task4,15041.0,score,1.88
task4,15042.0,score,1.87
task4,15043.0,score,1.86
task4,15044.0,score,1.86
task4,15045.0,score,1.86
task4,15046.0,score,1.87
task4,15047.0,score,1.94
task4,15048.0,score,1.94
task4,15049.0,score,1.9
task4,15050.0,score,1.91
task4,15051.0,score,1.93
task4,15052.0,score,1.94
task4,15053.0,score,1.94
task4,15054.0,score,1.93
task4,15055.0,score,1.93
task4,15056.0,score,1.93
task4,15057.0,score,1.94
task4,15058.0,score,1.95
task4,15059.0,score,1.94
task4,15060.0,score,1.92
task4,15061.0,score,1.92
task4,15062.0,score,1.94
task4,15063.0,score,1.95
task4,15064.0,score,1.97
task4,15065.0,score,2.0
task4,15066.0,score,1.97
task4,15067.0,score,1.96
task4,15068.0,score,1.95
task4,15069.0,score,1.95
task4,15070.0,score,2.02
task4,15071.0,score,1.99
task4,15072.0,score,2.0
task4,15073.0,score,2.0
task4,15074.0,score,2.01
task4,15075.0,score,2.01
task4,15076.0,score,1.98
task4,15077.0,score,1.96
task4,15078.0,score,1.99
task4,15079.0,score,2.07
task4,15080.0,score,2.1
task4,15081.0,score,2.11
task4,15082.0,score,2.11
task4,15083.0,score,2.15
task4,15084.0,score,2.14
task4,15085.0,score,2.13
task4,15086.0,score,2.14
task4,15087.0,score,2.14
task4,15088.0,score,2.12
task4,15089.0,score,2.13
task4,15090.0,score,2.11
task4,15091.0,score,2.12
task4,15092.0,score,2.09
task4,15093.0,score,2.09
task4,15094.0,score,2.09
task4,15095.0,score,2.08
task4,15096.0,score,2.09
task4,15097.0,score,2.09
task4,15098.0,score,2.07
task4,15099.0,score,2.08
task4,15100.0,score,2.09
task4,15101.0,score,2.11
task4,15102.0,score,2.13
task4,15103.0,score,2.16
task4,15104.0,score,2.18
task4,15105.0,score,2.17
task4,15106.0,score,2.22
task4,15107.0,score,2.21
task4,15108.0,score,2.19
task4,15109.0,score,2.19
task4,15110.0,score,2.18
task4,15111.0,score,2.24
task4,15112.0,score,2.28
task4,15113.0,score,2.25
task4,15114.0,score,2.27
task4,15115.0,score,2.28
task4,15116.0,score,2.27
task4,15117.0,score,2.26
task4,15118.0,score,2.28
task4,15119.0,score,2.27
task4,15120.0,score,2.26
task4,15121.0,score,2.2
task4,15122.0,score,2.16
task4,15123.0,score,2.15
task4,15124.0,score,2.17
task4,15125.0,score,2.18
task4,15126.0,score,2.19
task4,15127.0,score,2.19
task4,15128.0,score,2.18
task4,15129.0,score,2.16
task4,15130.0,score,2.16
task4,15131.0,score,2.13
task4,15132.0,score,2.14
task4,15133.0,score,2.07
task4,15134.0,score,2.1
task4,15135.0,score,2.15
task4,15136.0,score,2.13
task4,15137.0,score,2.13
task4,15138.0,score,2.11
task4,15139.0,score,2.08
task4,15140.0,score,2.09
task4,15141.0,score,2.11
task4,15142.0,score,2.09
task4,15143.0,score,2.11
task4,15144.0,score,2.13
task4,15145.0,score,2.11
task4,15146.0,score,2.11
task4,15147.0,score,2.06
task4,15148.0,score,2.07
task4,15149.0,score,2.06
task4,15150.0,score,2.06
task4,15151.0,score,2.1
task4,15152.0,score,2.06
task4,15153.0,score,2.06
task4,15154.0,score,2.08
task4,15155.0,score,2.11
task4,15156.0,score,2.12
task4,15157.0,score,2.14
task4,15158.0,score,2.17
task4,15159.0,score,2.19
task4,15160.0,score,2.2
task4,15161.0,score,2.19
task4,15162.0,score,2.19
task4,15163.0,score,2.19
task4,15164.0,score,2.17
task4,15165.0,score,2.17
task4,15166.0,score,2.19
task4,15167.0,score,2.2
task4,15168.0,score,2.19
task4,15169.0,score,2.19
task4,15170.0,score,2.08
task4,15171.0,score,2.09
task4,15172.0,score,2.11
task4,15173.0,score,2.1
task4,15174.0,score,2.12
task4,15175.0,score,2.15
task4,15176.0,score,2.18
task4,15177.0,score,2.19
task4,15178.0,score,2.18
task4,15179.0,score,2.09
task4,15180.0,score,2.06
task4,15181.0,score,2.12
task4,15182.0,score,2.11
task4,15183.0,score,2.07
task4,15184.0,score,2.1
task4,15185.0,score,2.17
task4,15186.0,score,2.14
task4,15187.0,score,2.17
task4,15188.0,score,2.18
task4,15189.0,score,2.18
task4,15190.0,score,2.18
task4,15191.0,score,2.15
task4,15192.0,score,2.15
task4,15193.0,score,2.16
task4,15194.0,score,2.15
task4,15195.0,score,2.15
task4,15196.0,score,2.13
task4,15197.0,score,2.11
task4,15198.0,score,2.12
task4,15199.0,score,2.09
task4,15200.0,score,2.08
task4,15201.0,score,2.09
task4,15202.0,score,2.05
task4,15203.0,score,2.04
task4,15204.0,score,2.04
task4,15205.0,score,2.04
task4,15206.0,score,2.02
task4,15207.0,score,2.02
task4,15208.0,score,2.04
task4,15209.0,score,2.02
task4,15210.0,score,2.01
task4,15211.0,score,1.95
task4,15212.0,score,1.93
task4,15213.0,score,1.94
task4,15214.0,score,1.95
task4,15215.0,score,1.96
task4,15216.0,score,1.92
task4,15217.0,score,1.94
task4,15218.0,score,1.91
task4,15219.0,score,1.94
task4,15220.0,score,1.96
task4,15221.0,score,1.98
task4,15222.0,score,1.98
task4,15223.0,score,2.0
task4,15224.0,score,1.98
task4,15225.0,score,1.96
task4,15226.0,score,1.98
task4,15227.0,score,1.96
task4,15228.0,score,1.95
task4,15229.0,score,2.02
task4,15230.0,score,2.0
task4,15231.0,score,2.01
task4,15232.0,score,2.0
task4,15233.0,score,2.0
task4,15234.0,score,1.99
task4,15235.0,score,1.94
task4,15236.0,score,1.93
task4,15237.0,score,1.94
task4,15238.0,score,1.94
task4,15239.0,score,1.96
task4,15240.0,score,1.99
task4,15241.0,score,1.97
task4,15242.0,score,1.99
task4,15243.0,score,1.98
task4,15244.0,score,1.97
task4,15245.0,score,1.98
task4,15246.0,score,2.01
task4,15247.0,score,2.0
task4,15248.0,score,1.98
task4,15249.0,score,1.99
task4,15250.0,score,2.0
task4,15251.0,score,1.94
task4,15252.0,score,1.98
task4,15253.0,score,1.98
task4,15254.0,score,1.97
task4,15255.0,score,1.93
task4,15256.0,score,1.95
task4,15257.0,score,1.96
task4,15258.0,score,1.92
task4,15259.0,score,1.92
task4,15260.0,score,1.91
task4,15261.0,score,1.92
task4,15262.0,score,1.93
task4,15263.0,score,1.91
task4,15264.0,score,1.92
task4,15265.0,score,1.9
task4,15266.0,score,1.91
task4,15267.0,score,1.94
task4,15268.0,score,1.95
task4,15269.0,score,1.95
task4,15270.0,score,1.95
task4,15271.0,score,1.95
task4,15272.0,score,1.93
task4,15273.0,score,1.93
task4,15274.0,score,1.89
task4,15275.0,score,1.89
task4,15276.0,score,1.86
task4,15277.0,score,1.87
task4,15278.0,score,1.87
task4,15279.0,score,1.87
task4,15280.0,score,1.89
task4,15281.0,score,1.85
task4,15282.0,score,1.87
task4,15283.0,score,1.88
task4,15284.0,score,1.87
task4,15285.0,score,1.8
task4,15286.0,score,1.77
task4,15287.0,score,1.76
task4,15288.0,score,1.76
task4,15289.0,score,1.78
task4,15290.0,score,1.79
task4,15291.0,score,1.79
task4,15292.0,score,1.81
task4,15293.0,score,1.82
task4,15294.0,score,1.82
task4,15295.0,score,1.84
task4,15296.0,score,1.85
task4,15297.0,score,1.89
task4,15298.0,score,1.87
task4,15299.0,score,1.88
task4,15300.0,score,1.89
task4,15301.0,score,1.93
task4,15302.0,score,1.95
task4,15303.0,score,1.94
task4,15304.0,score,1.92
task4,15305.0,score,1.94
task4,15306.0,score,1.9
task4,15307.0,score,1.91
task4,15308.0,score,1.9
task4,15309.0,score,1.9
task4,15310.0,score,1.97
task4,15311.0,score,1.97
task4,15312.0,score,1.96
task4,15313.0,score,1.97
task4,15314.0,score,1.94
task4,15315.0,score,1.93
task4,15316.0,score,1.93
task4,15317.0,score,1.93
task4,15318.0,score,1.93
task4,15319.0,score,1.92
task4,15320.0,score,1.95
task4,15321.0,score,1.93
task4,15322.0,score,1.97
task4,15323.0,score,1.95
task4,15324.0,score,1.96
task4,15325.0,score,1.99
task4,15326.0,score,1.99
task4,15327.0,score,2.01
task4,15328.0,score,2.01
task4,15329.0,score,1.94
task4,15330.0,score,1.96
task4,15331.0,score,1.98
task4,15332.0,score,2.01
task4,15333.0,score,2.01
task4,15334.0,score,2.0
task4,15335.0,score,2.01
task4,15336.0,score,2.05
task4,15337.0,score,2.04
task4,15338.0,score,2.03
task4,15339.0,score,2.02
task4,15340.0,score,1.98
task4,15341.0,score,1.96
task4,15342.0,score,2.0
task4,15343.0,score,2.0
task4,15344.0,score,2.0
task4,15345.0,score,2.05
task4,15346.0,score,2.04
task4,15347.0,score,2.02
task4,15348.0,score,2.02
task4,15349.0,score,2.1
task4,15350.0,score,2.1
task4,15351.0,score,2.12
task4,15352.0,score,2.08
task4,15353.0,score,2.1
task4,15354.0,score,2.09
task4,15355.0,score,2.1
task4,15356.0,score,2.09
task4,15357.0,score,2.07
task4,15358.0,score,2.05
task4,15359.0,score,2.05
task4,15360.0,score,2.06
task4,15361.0,score,2.05
task4,15362.0,score,2.03
task4,15363.0,score,2.05
task4,15364.0,score,2.03
task4,15365.0,score,2.04
task4,15366.0,score,2.02
task4,15367.0,score,1.98
task4,15368.0,score,1.97
task4,15369.0,score,1.98
task4,15370.0,score,1.99
task4,15371.0,score,1.99
task4,15372.0,score,2.0
task4,15373.0,score,2.01
task4,15374.0,score,2.03
task4,15375.0,score,2.01
task4,15376.0,score,2.03
task4,15377.0,score,2.04
task4,15378.0,score,2.03
task4,15379.0,score,2.02
task4,15380.0,score,2.02
task4,15381.0,score,2.01
task4,15382.0,score,1.99
task4,15383.0,score,1.96
task4,15384.0,score,1.96
task4,15385.0,score,1.98
task4,15386.0,score,2.04
task4,15387.0,score,2.02
task4,15388.0,score,2.01
task4,15389.0,score,2.0
task4,15390.0,score,1.98
task4,15391.0,score,2.01
task4,15392.0,score,1.98
task4,15393.0,score,1.99
task4,15394.0,score,2.0
task4,15395.0,score,2.01
task4,15396.0,score,2.0
task4,15397.0,score,1.97
task4,15398.0,score,2.0
task4,15399.0,score,2.1
task4,15400.0,score,2.12
task4,15401.0,score,2.08
task4,15402.0,score,2.07
task4,15403.0,score,2.08
task4,15404.0,score,2.08
task4,15405.0,score,2.07
task4,15406.0,score,2.08
task4,15407.0,score,2.07
task4,15408.0,score,2.09
task4,15409.0,score,2.09
task4,15410.0,score,2.01
task4,15411.0,score,2.0
task4,15412.0,score,2.0
task4,15413.0,score,1.98
task4,15414.0,score,1.99
task4,15415.0,score,2.0
task4,15416.0,score,2.02
task4,15417.0,score,2.02
task4,15418.0,score,2.01
task4,15419.0,score,2.04
task4,15420.0,score,1.99
task4,15421.0,score,1.98
task4,15422.0,score,1.95
task4,15423.0,score,1.95
task4,15424.0,score,1.94
task4,15425.0,score,1.92
task4,15426.0,score,1.9
task4,15427.0,score,1.89
task4,15428.0,score,1.9
task4,15429.0,score,1.91
task4,15430.0,score,1.9
task4,15431.0,score,1.87
task4,15432.0,score,1.86
task4,15433.0,score,1.86
task4,15434.0,score,1.87
task4,15435.0,score,1.88
task4,15436.0,score,1.84
task4,15437.0,score,1.84
task4,15438.0,score,1.84
task4,15439.0,score,1.84
task4,15440.0,score,1.86
task4,15441.0,score,1.86
task4,15442.0,score,1.82
task4,15443.0,score,1.83
task4,15444.0,score,1.84
task4,15445.0,score,1.8
task4,15446.0,score,1.79
task4,15447.0,score,1.82
task4,15448.0,score,1.82
task4,15449.0,score,1.75
task4,15450.0,score,1.74
task4,15451.0,score,1.71
task4,15452.0,score,1.72
task4,15453.0,score,1.72
task4,15454.0,score,1.71
task4,15455.0,score,1.71
task4,15456.0,score,1.68
task4,15457.0,score,1.67
task4,15458.0,score,1.68
task4,15459.0,score,1.67
task4,15460.0,score,1.65
task4,15461.0,score,1.66
task4,15462.0,score,1.66
task4,15463.0,score,1.66
task4,15464.0,score,1.69
task4,15465.0,score,1.7
task4,15466.0,score,1.72
task4,15467.0,score,1.75
task4,15468.0,score,1.81
task4,15469.0,score,1.78
task4,15470.0,score,1.8
task4,15471.0,score,1.79
task4,15472.0,score,1.81
task4,15473.0,score,1.8
task4,15474.0,score,1.8
task4,15475.0,score,1.81
task4,15476.0,score,1.84
task4,15477.0,score,1.81
task4,15478.0,score,1.8
task4,15479.0,score,1.85
task4,15480.0,score,1.85
task4,15481.0,score,1.85
task4,15482.0,score,1.87
task4,15483.0,score,1.87
task4,15484.0,score,1.85
task4,15485.0,score,1.9
task4,15486.0,score,1.85
task4,15487.0,score,1.85
task4,15488.0,score,1.85
task4,15489.0,score,1.84
task4,15490.0,score,1.84
task4,15491.0,score,1.82
task4,15492.0,score,1.83
task4,15493.0,score,1.85
task4,15494.0,score,1.85
task4,15495.0,score,1.83
task4,15496.0,score,1.82
task4,15497.0,score,1.82
task4,15498.0,score,1.82
task4,15499.0,score,1.72
task4,15500.0,score,1.72
task4,15501.0,score,1.7
task4,15502.0,score,1.72
task4,15503.0,score,1.7
task4,15504.0,score,1.72
task4,15505.0,score,1.71
task4,15506.0,score,1.72
task4,15507.0,score,1.75
task4,15508.0,score,1.74
task4,15509.0,score,1.76
task4,15510.0,score,1.77
task4,15511.0,score,1.79
task4,15512.0,score,1.8
task4,15513.0,score,1.83
task4,15514.0,score,1.83
task4,15515.0,score,1.82
task4,15516.0,score,1.82
task4,15517.0,score,1.83
task4,15518.0,score,1.85
task4,15519.0,score,1.81
task4,15520.0,score,1.83
task4,15521.0,score,1.84
task4,15522.0,score,1.84
task4,15523.0,score,1.83
task4,15524.0,score,1.86
task4,15525.0,score,1.85
task4,15526.0,score,1.84
task4,15527.0,score,1.87
task4,15528.0,score,1.88
task4,15529.0,score,1.86
task4,15530.0,score,1.87
task4,15531.0,score,1.89
task4,15532.0,score,1.9
task4,15533.0,score,1.94
task4,15534.0,score,1.93
task4,15535.0,score,1.95
task4,15536.0,score,1.97
task4,15537.0,score,1.97
task4,15538.0,score,2.0
task4,15539.0,score,2.05
task4,15540.0,score,2.03
task4,15541.0,score,2.03
task4,15542.0,score,2.0
task4,15543.0,score,1.99
task4,15544.0,score,1.99
task4,15545.0,score,1.98
task4,15546.0,score,2.01
task4,15547.0,score,1.98
task4,15548.0,score,1.97
task4,15549.0,score,1.98
task4,15550.0,score,1.98
task4,15551.0,score,1.98
task4,15552.0,score,2.0
task4,15553.0,score,1.97
task4,15554.0,score,2.0
task4,15555.0,score,2.0
task4,15556.0,score,2.03
task4,15557.0,score,2.05
task4,15558.0,score,2.04
task4,15559.0,score,2.05
task4,15560.0,score,2.06
task4,15561.0,score,2.04
task4,15562.0,score,2.03
task4,15563.0,score,2.09
task4,15564.0,score,2.07
task4,15565.0,score,2.08
task4,15566.0,score,2.07
task4,15567.0,score,2.05
task4,15568.0,score,2.0
task4,15569.0,score,2.02
task4,15570.0,score,2.08
task4,15571.0,score,2.08
task4,15572.0,score,2.07
task4,15573.0,score,2.06
task4,15574.0,score,2.06
task4,15575.0,score,2.04
task4,15576.0,score,2.0
task4,15577.0,score,2.01
task4,15578.0,score,2.01
task4,15579.0,score,1.99
task4,15580.0,score,2.0
task4,15581.0,score,2.06
task4,15582.0,score,2.05
task4,15583.0,score,2.06
task4,15584.0,score,2.08
task4,15585.0,score,2.03
task4,15586.0,score,2.04
task4,15587.0,score,2.05
task4,15588.0,score,2.07
task4,15589.0,score,2.05
task4,15590.0,score,2.07
task4,15591.0,score,2.07
task4,15592.0,score,2.07
task4,15593.0,score,2.07
task4,15594.0,score,2.09
task4,15595.0,score,2.07
task4,15596.0,score,2.08
task4,15597.0,score,2.07
task4,15598.0,score,2.04
task4,15599.0,score,2.04
task4,15600.0,score,2.09
task4,15601.0,score,2.1
task4,15602.0,score,2.09
task4,15603.0,score,2.14
task4,15604.0,score,2.14
task4,15605.0,score,2.16
task4,15606.0,score,2.15
task4,15607.0,score,2.13
task4,15608.0,score,2.11
task4,15609.0,score,2.12
task4,15610.0,score,2.11
task4,15611.0,score,2.12
task4,15612.0,score,2.12
task4,15613.0,score,2.08
task4,15614.0,score,2.07
task4,15615.0,score,2.05
task4,15616.0,score,2.03
task4,15617.0,score,2.0
task4,15618.0,score,1.98
task4,15619.0,score,2.0
task4,15620.0,score,1.98
task4,15621.0,score,1.98
task4,15622.0,score,2.05
task4,15623.0,score,2.07
task4,15624.0,score,2.03
task4,15625.0,score,2.04
task4,15626.0,score,2.08
task4,15627.0,score,2.06
task4,15628.0,score,2.06
task4,15629.0,score,2.06
task4,15630.0,score,2.08
task4,15631.0,score,2.08
task4,15632.0,score,2.12
task4,15633.0,score,2.11
task4,15634.0,score,2.12
task4,15635.0,score,2.08
task4,15636.0,score,2.07
task4,15637.0,score,2.09
task4,15638.0,score,2.07
task4,15639.0,score,2.03
task4,15640.0,score,2.05
task4,15641.0,score,2.05
task4,15642.0,score,2.07
task4,15643.0,score,2.07
task4,15644.0,score,2.08
task4,15645.0,score,2.1
task4,15646.0,score,2.08
task4,15647.0,score,2.11
task4,15648.0,score,2.16
task4,15649.0,score,2.14
task4,15650.0,score,2.14
task4,15651.0,score,2.13
task4,15652.0,score,2.12
task4,15653.0,score,2.16
task4,15654.0,score,2.14
task4,15655.0,score,2.15
task4,15656.0,score,2.13
task4,15657.0,score,2.14
task4,15658.0,score,2.16
task4,15659.0,score,2.16
task4,15660.0,score,2.16
task4,15661.0,score,2.17
task4,15662.0,score,2.18
task4,15663.0,score,2.1
task4,15664.0,score,2.09
task4,15665.0,score,2.08
task4,15666.0,score,2.09
task4,15667.0,score,2.12
task4,15668.0,score,2.1
task4,15669.0,score,2.09
task4,15670.0,score,2.01
task4,15671.0,score,2.02
task4,15672.0,score,2.0
task4,15673.0,score,2.06
task4,15674.0,score,2.06
task4,15675.0,score,2.08
task4,15676.0,score,2.08
task4,15677.0,score,2.08
task4,15678.0,score,2.11
task4,15679.0,score,2.08
task4,15680.0,score,2.07
task4,15681.0,score,1.99
task4,15682.0,score,2.02
task4,15683.0,score,2.01
task4,15684.0,score,2.01
task4,15685.0,score,2.0
task4,15686.0,score,2.01
task4,15687.0,score,2.0
task4,15688.0,score,1.98
task4,15689.0,score,1.99
task4,15690.0,score,1.98
task4,15691.0,score,1.97
task4,15692.0,score,2.01
task4,15693.0,score,2.0
task4,15694.0,score,1.97
task4,15695.0,score,1.99
task4,15696.0,score,1.98
task4,15697.0,score,1.99
task4,15698.0,score,2.0
task4,15699.0,score,1.99
task4,15700.0,score,1.91
task4,15701.0,score,1.89
task4,15702.0,score,1.89
task4,15703.0,score,1.86
task4,15704.0,score,1.85
task4,15705.0,score,1.83
task4,15706.0,score,1.82
task4,15707.0,score,1.81
task4,15708.0,score,1.82
task4,15709.0,score,1.81
task4,15710.0,score,1.82
task4,15711.0,score,1.8
task4,15712.0,score,1.78
task4,15713.0,score,1.8
task4,15714.0,score,1.81
task4,15715.0,score,1.84
task4,15716.0,score,1.86
task4,15717.0,score,1.9
task4,15718.0,score,1.91
task4,15719.0,score,1.89
task4,15720.0,score,1.89
task4,15721.0,score,1.91
task4,15722.0,score,1.86
task4,15723.0,score,1.86
task4,15724.0,score,1.87
task4,15725.0,score,1.9
task4,15726.0,score,1.86
task4,15727.0,score,1.84
task4,15728.0,score,1.83
task4,15729.0,score,1.83
task4,15730.0,score,1.79
task4,15731.0,score,1.78
task4,15732.0,score,1.71
task4,15733.0,score,1.71
task4,15734.0,score,1.69
task4,15735.0,score,1.69
task4,15736.0,score,1.7
task4,15737.0,score,1.7
task4,15738.0,score,1.71
task4,15739.0,score,1.72
task4,15740.0,score,1.76
task4,15741.0,score,1.79
task4,15742.0,score,1.79
task4,15743.0,score,1.77
task4,15744.0,score,1.76
task4,15745.0,score,1.76
task4,15746.0,score,1.74
task4,15747.0,score,1.75
task4,15748.0,score,1.71
task4,15749.0,score,1.72
task4,15750.0,score,1.7
task4,15751.0,score,1.72
task4,15752.0,score,1.71
task4,15753.0,score,1.68
task4,15754.0,score,1.7
task4,15755.0,score,1.7
task4,15756.0,score,1.7
task4,15757.0,score,1.7
task4,15758.0,score,1.69
task4,15759.0,score,1.69
task4,15760.0,score,1.71
task4,15761.0,score,1.72
task4,15762.0,score,1.74
task4,15763.0,score,1.79
task4,15764.0,score,1.8
task4,15765.0,score,1.78
task4,15766.0,score,1.77
task4,15767.0,score,1.75
task4,15768.0,score,1.75
task4,15769.0,score,1.76
task4,15770.0,score,1.78
task4,15771.0,score,1.79
task4,15772.0,score,1.8
task4,15773.0,score,1.76
task4,15774.0,score,1.79
task4,15775.0,score,1.84
task4,15776.0,score,1.84
task4,15777.0,score,1.85
task4,15778.0,score,1.82
task4,15779.0,score,1.84
task4,15780.0,score,1.85
task4,15781.0,score,1.86
task4,15782.0,score,1.82
task4,15783.0,score,1.83
task4,15784.0,score,1.82
task4,15785.0,score,1.85
task4,15786.0,score,1.84
task4,15787.0,score,1.87
task4,15788.0,score,1.88
task4,15789.0,score,1.93
task4,15790.0,score,1.94
task4,15791.0,score,1.96
task4,15792.0,score,1.93
task4,15793.0,score,1.92
task4,15794.0,score,1.93
task4,15795.0,score,1.92
task4,15796.0,score,1.92
task4,15797.0,score,1.92
task4,15798.0,score,1.93
task4,15799.0,score,1.94
task4,15800.0,score,1.94
task4,15801.0,score,1.96
task4,15802.0,score,1.94
task4,15803.0,score,1.92
task4,15804.0,score,1.91
task4,15805.0,score,1.92
task4,15806.0,score,1.93
task4,15807.0,score,1.94
task4,15808.0,score,1.94
task4,15809.0,score,1.96
task4,15810.0,score,1.95
task4,15811.0,score,1.97
task4,15812.0,score,2.01
task4,15813.0,score,2.03
task4,15814.0,score,2.03
task4,15815.0,score,2.0
task4,15816.0,score,1.99
task4,15817.0,score,1.94
task4,15818.0,score,1.94
task4,15819.0,score,1.99
task4,15820.0,score,2.01
task4,15821.0,score,2.01
task4,15822.0,score,2.01
task4,15823.0,score,2.0
task4,15824.0,score,1.99
task4,15825.0,score,1.95
task4,15826.0,score,1.97
task4,15827.0,score,1.97
task4,15828.0,score,2.0
task4,15829.0,score,2.02
task4,15830.0,score,2.03
task4,15831.0,score,2.04
task4,15832.0,score,2.04
task4,15833.0,score,2.02
task4,15834.0,score,2.02
task4,15835.0,score,2.03
task4,15836.0,score,2.06
task4,15837.0,score,2.04
task4,15838.0,score,2.05
task4,15839.0,score,2.05
task4,15840.0,score,2.03
task4,15841.0,score,2.0
task4,15842.0,score,2.03
task4,15843.0,score,2.03
task4,15844.0,score,2.02
task4,15845.0,score,2.01
task4,15846.0,score,2.02
task4,15847.0,score,1.99
task4,15848.0,score,2.01
task4,15849.0,score,2.0
task4,15850.0,score,2.03
task4,15851.0,score,2.01
task4,15852.0,score,2.05
task4,15853.0,score,2.05
task4,15854.0,score,2.06
task4,15855.0,score,2.06
task4,15856.0,score,2.07
task4,15857.0,score,2.04
task4,15858.0,score,2.09
task4,15859.0,score,2.1
task4,15860.0,score,2.07
task4,15861.0,score,2.1
task4,15862.0,score,2.13
task4,15863.0,score,2.12
task4,15864.0,score,2.12
task4,15865.0,score,2.12
task4,15866.0,score,2.14
task4,15867.0,score,2.13
task4,15868.0,score,2.14
task4,15869.0,score,2.15
task4,15870.0,score,2.14
task4,15871.0,score,2.14
task4,15872.0,score,2.13
task4,15873.0,score,2.13
task4,15874.0,score,2.09
task4,15875.0,score,2.02
task4,15876.0,score,2.02
task4,15877.0,score,2.04
task4,15878.0,score,2.04
task4,15879.0,score,2.06
task4,15880.0,score,2.04
task4,15881.0,score,2.02
task4,15882.0,score,2.04
task4,15883.0,score,2.06
task4,15884.0,score,2.05
task4,15885.0,score,2.05
task4,15886.0,score,2.11
task4,15887.0,score,2.1
task4,15888.0,score,2.08
task4,15889.0,score,2.05
task4,15890.0,score,2.04
task4,15891.0,score,2.03
task4,15892.0,score,2.05
task4,15893.0,score,2.05
task4,15894.0,score,2.03
task4,15895.0,score,2.02
task4,15896.0,score,2.01
task4,15897.0,score,2.01
task4,15898.0,score,1.99
task4,15899.0,score,1.99
task4,15900.0,score,2.0
task4,15901.0,score,2.02
task4,15902.0,score,2.04
task4,15903.0,score,2.04
task4,15904.0,score,2.07
task4,15905.0,score,2.09
task4,15906.0,score,2.1
task4,15907.0,score,2.11
task4,15908.0,score,2.13
task4,15909.0,score,2.11
task4,15910.0,score,2.17
task4,15911.0,score,2.15
task4,15912.0,score,2.13
task4,15913.0,score,2.11
task4,15914.0,score,2.09
task4,15915.0,score,2.11
task4,15916.0,score,2.12
task4,15917.0,score,2.13
task4,15918.0,score,2.13
task4,15919.0,score,2.1
task4,15920.0,score,2.08
task4,15921.0,score,2.07
task4,15922.0,score,2.04
task4,15923.0,score,2.07
task4,15924.0,score,2.08
task4,15925.0,score,2.09
task4,15926.0,score,2.07
task4,15927.0,score,2.07
task4,15928.0,score,2.03
task4,15929.0,score,2.01
task4,15930.0,score,2.02
task4,15931.0,score,2.0
task4,15932.0,score,2.03
task4,15933.0,score,2.07
task4,15934.0,score,2.11
task4,15935.0,score,2.1
task4,15936.0,score,2.05
task4,15937.0,score,2.13
task4,15938.0,score,2.11
task4,15939.0,score,2.09
task4,15940.0,score,2.05
task4,15941.0,score,2.04
task4,15942.0,score,2.0
task4,15943.0,score,1.99
task4,15944.0,score,2.05
task4,15945.0,score,2.06
task4,15946.0,score,2.07
task4,15947.0,score,2.07
task4,15948.0,score,2.04
task4,15949.0,score,2.05
task4,15950.0,score,2.04
task4,15951.0,score,2.05
task4,15952.0,score,2.01
task4,15953.0,score,2.03
task4,15954.0,score,2.02
task4,15955.0,score,2.01
task4,15956.0,score,1.99
task4,15957.0,score,1.98
task4,15958.0,score,1.96
task4,15959.0,score,1.93
task4,15960.0,score,1.96
task4,15961.0,score,1.91
task4,15962.0,score,1.85
task4,15963.0,score,1.81
task4,15964.0,score,1.81
task4,15965.0,score,1.81
task4,15966.0,score,1.8
task4,15967.0,score,1.81
task4,15968.0,score,1.81
task4,15969.0,score,1.8
task4,15970.0,score,1.79
task4,15971.0,score,1.79
task4,15972.0,score,1.8
task4,15973.0,score,1.81
task4,15974.0,score,1.83
task4,15975.0,score,1.85
task4,15976.0,score,1.84
task4,15977.0,score,1.81
task4,15978.0,score,1.82
task4,15979.0,score,1.8
task4,15980.0,score,1.81
task4,15981.0,score,1.84
task4,15982.0,score,1.83
task4,15983.0,score,1.83
task4,15984.0,score,1.85
task4,15985.0,score,1.83
task4,15986.0,score,1.76
task4,15987.0,score,1.74
task4,15988.0,score,1.76
task4,15989.0,score,1.75
task4,15990.0,score,1.76
task4,15991.0,score,1.76
task4,15992.0,score,1.74
task4,15993.0,score,1.77
task4,15994.0,score,1.79
task4,15995.0,score,1.79
task4,15996.0,score,1.79
task4,15997.0,score,1.79
task4,15998.0,score,1.8
task4,15999.0,score,1.79
task4,16000.0,score,1.84
task4,16001.0,score,1.81
task4,16002.0,score,1.81
task4,16003.0,score,1.88
task4,16004.0,score,1.86
task4,16005.0,score,1.84
task4,16006.0,score,1.83
task4,16007.0,score,1.84
task4,16008.0,score,1.82
task4,16009.0,score,1.82
task4,16010.0,score,1.76
task4,16011.0,score,1.77
task4,16012.0,score,1.77
task4,16013.0,score,1.77
task4,16014.0,score,1.79
task4,16015.0,score,1.79
task4,16016.0,score,1.8
task4,16017.0,score,1.8
task4,16018.0,score,1.81
task4,16019.0,score,1.78
task4,16020.0,score,1.79
task4,16021.0,score,1.79
task4,16022.0,score,1.79
task4,16023.0,score,1.77
task4,16024.0,score,1.77
task4,16025.0,score,1.77
task4,16026.0,score,1.77
task4,16027.0,score,1.77
task4,16028.0,score,1.79
task4,16029.0,score,1.8
task4,16030.0,score,1.8
task4,16031.0,score,1.81
task4,16032.0,score,1.8
task4,16033.0,score,1.77
task4,16034.0,score,1.75
task4,16035.0,score,1.77
task4,16036.0,score,1.79
task4,16037.0,score,1.73
task4,16038.0,score,1.73
task4,16039.0,score,1.79
task4,16040.0,score,1.8
task4,16041.0,score,1.83
task4,16042.0,score,1.83
task4,16043.0,score,1.88
task4,16044.0,score,1.82
task4,16045.0,score,1.79
task4,16046.0,score,1.77
task4,16047.0,score,1.77
task4,16048.0,score,1.8
task4,16049.0,score,1.78
task4,16050.0,score,1.76
task4,16051.0,score,1.77
task4,16052.0,score,1.76
task4,16053.0,score,1.75
task4,16054.0,score,1.73
task4,16055.0,score,1.74
task4,16056.0,score,1.76
task4,16057.0,score,1.78
task4,16058.0,score,1.78
task4,16059.0,score,1.79
task4,16060.0,score,1.77
task4,16061.0,score,1.79
task4,16062.0,score,1.8
task4,16063.0,score,1.82
task4,16064.0,score,1.85
task4,16065.0,score,1.85
task4,16066.0,score,1.85
task4,16067.0,score,1.83
task4,16068.0,score,1.82
task4,16069.0,score,1.81
task4,16070.0,score,1.81
task4,16071.0,score,1.8
task4,16072.0,score,1.8
task4,16073.0,score,1.78
task4,16074.0,score,1.76
task4,16075.0,score,1.75
task4,16076.0,score,1.77
task4,16077.0,score,1.76
task4,16078.0,score,1.75
task4,16079.0,score,1.75
task4,16080.0,score,1.74
task4,16081.0,score,1.72
task4,16082.0,score,1.74
task4,16083.0,score,1.73
task4,16084.0,score,1.73
task4,16085.0,score,1.71
task4,16086.0,score,1.7
task4,16087.0,score,1.71
task4,16088.0,score,1.7
task4,16089.0,score,1.71
task4,16090.0,score,1.69
task4,16091.0,score,1.7
task4,16092.0,score,1.69
task4,16093.0,score,1.65
task4,16094.0,score,1.64
task4,16095.0,score,1.67
task4,16096.0,score,1.68
task4,16097.0,score,1.68
task4,16098.0,score,1.67
task4,16099.0,score,1.71
task4,16100.0,score,1.64
task4,16101.0,score,1.64
task4,16102.0,score,1.64
task4,16103.0,score,1.6
task4,16104.0,score,1.6
task4,16105.0,score,1.58
task4,16106.0,score,1.64
task4,16107.0,score,1.65
task4,16108.0,score,1.64
task4,16109.0,score,1.65
task4,16110.0,score,1.67
task4,16111.0,score,1.67
task4,16112.0,score,1.65
task4,16113.0,score,1.64
task4,16114.0,score,1.63
task4,16115.0,score,1.64
task4,16116.0,score,1.64
task4,16117.0,score,1.7
task4,16118.0,score,1.7
task4,16119.0,score,1.74
task4,16120.0,score,1.75
task4,16121.0,score,1.73
task4,16122.0,score,1.76
task4,16123.0,score,1.76
task4,16124.0,score,1.76
task4,16125.0,score,1.76
task4,16126.0,score,1.8
task4,16127.0,score,1.85
task4,16128.0,score,1.83
task4,16129.0,score,1.85
task4,16130.0,score,1.84
task4,16131.0,score,1.86
task4,16132.0,score,1.85
task4,16133.0,score,1.87
task4,16134.0,score,1.87
task4,16135.0,score,1.84
task4,16136.0,score,1.82
task4,16137.0,score,1.8
task4,16138.0,score,1.79
task4,16139.0,score,1.74
task4,16140.0,score,1.73
task4,16141.0,score,1.74
task4,16142.0,score,1.75
task4,16143.0,score,1.72
task4,16144.0,score,1.73
task4,16145.0,score,1.77
task4,16146.0,score,1.77
task4,16147.0,score,1.78
task4,16148.0,score,1.76
task4,16149.0,score,1.76
task4,16150.0,score,1.81
task4,16151.0,score,1.82
task4,16152.0,score,1.84
task4,16153.0,score,1.83
task4,16154.0,score,1.82
task4,16155.0,score,1.81
task4,16156.0,score,1.79
task4,16157.0,score,1.8
task4,16158.0,score,1.77
task4,16159.0,score,1.78
task4,16160.0,score,1.79
task4,16161.0,score,1.8
task4,16162.0,score,1.87
task4,16163.0,score,1.86
task4,16164.0,score,1.83
task4,16165.0,score,1.85
task4,16166.0,score,1.82
task4,16167.0,score,1.83
task4,16168.0,score,1.86
task4,16169.0,score,1.87
task4,16170.0,score,1.87
task4,16171.0,score,1.86
task4,16172.0,score,1.86
task4,16173.0,score,1.86
task4,16174.0,score,1.87
task4,16175.0,score,1.93
task4,16176.0,score,1.91
task4,16177.0,score,1.93
task4,16178.0,score,1.93
task4,16179.0,score,1.91
task4,16180.0,score,1.92
task4,16181.0,score,1.95
task4,16182.0,score,1.95
task4,16183.0,score,1.92
task4,16184.0,score,1.93
task4,16185.0,score,1.93
task4,16186.0,score,1.95
task4,16187.0,score,2.0
task4,16188.0,score,2.01
task4,16189.0,score,1.99
task4,16190.0,score,2.06
task4,16191.0,score,2.07
task4,16192.0,score,2.08
task4,16193.0,score,2.09
task4,16194.0,score,2.08
task4,16195.0,score,2.06
task4,16196.0,score,2.07
task4,16197.0,score,2.07
task4,16198.0,score,2.09
task4,16199.0,score,2.06
task4,16200.0,score,2.08
task4,16201.0,score,2.09
task4,16202.0,score,2.09
task4,16203.0,score,2.06
task4,16204.0,score,2.07
task4,16205.0,score,2.1
task4,16206.0,score,2.05
task4,16207.0,score,2.05
task4,16208.0,score,2.11
task4,16209.0,score,2.1
task4,16210.0,score,2.08
task4,16211.0,score,2.08
task4,16212.0,score,2.08
task4,16213.0,score,2.1
task4,16214.0,score,2.15
task4,16215.0,score,2.13
task4,16216.0,score,2.11
task4,16217.0,score,2.05
task4,16218.0,score,2.05
task4,16219.0,score,2.06
task4,16220.0,score,2.04
task4,16221.0,score,2.05
task4,16222.0,score,2.04
task4,16223.0,score,2.04
task4,16224.0,score,2.12
task4,16225.0,score,2.13
task4,16226.0,score,2.12
task4,16227.0,score,2.09
task4,16228.0,score,2.11
task4,16229.0,score,2.1
task4,16230.0,score,2.1
task4,16231.0,score,2.1
task4,16232.0,score,2.13
task4,16233.0,score,2.1
task4,16234.0,score,2.09
task4,16235.0,score,2.1
task4,16236.0,score,2.11
task4,16237.0,score,2.11
task4,16238.0,score,2.11
task4,16239.0,score,2.13
task4,16240.0,score,2.12
task4,16241.0,score,2.09
task4,16242.0,score,2.12
task4,16243.0,score,2.12
task4,16244.0,score,2.12
task4,16245.0,score,2.09
task4,16246.0,score,2.14
task4,16247.0,score,2.12
task4,16248.0,score,2.11
task4,16249.0,score,2.14
task4,16250.0,score,2.11
task4,16251.0,score,2.11
task4,16252.0,score,2.1
task4,16253.0,score,2.09
task4,16254.0,score,2.16
task4,16255.0,score,2.17
task4,16256.0,score,2.2
task4,16257.0,score,2.24
task4,16258.0,score,2.25
task4,16259.0,score,2.24
task4,16260.0,score,2.3
task4,16261.0,score,2.28
task4,16262.0,score,2.21
task4,16263.0,score,2.24
task4,16264.0,score,2.25
task4,16265.0,score,2.22
task4,16266.0,score,2.27
task4,16267.0,score,2.26
task4,16268.0,score,2.28
task4,16269.0,score,2.3
task4,16270.0,score,2.32
task4,16271.0,score,2.33
task4,16272.0,score,2.33
task4,16273.0,score,2.32
task4,16274.0,score,2.3
task4,16275.0,score,2.25
task4,16276.0,score,2.26
task4,16277.0,score,2.29
task4,16278.0,score,2.28
task4,16279.0,score,2.28
task4,16280.0,score,2.27
task4,16281.0,score,2.24
task4,16282.0,score,2.21
task4,16283.0,score,2.23
task4,16284.0,score,2.21
task4,16285.0,score,2.23
task4,16286.0,score,2.24
task4,16287.0,score,2.17
task4,16288.0,score,2.16
task4,16289.0,score,2.23
task4,16290.0,score,2.18
task4,16291.0,score,2.17
task4,16292.0,score,2.18
task4,16293.0,score,2.18
task4,16294.0,score,2.19
task4,16295.0,score,2.19
task4,16296.0,score,2.21
task4,16297.0,score,2.21
task4,16298.0,score,2.2
task4,16299.0,score,2.2
task4,16300.0,score,2.21
task4,16301.0,score,2.21
task4,16302.0,score,2.2
task4,16303.0,score,2.2
task4,16304.0,score,2.19
task4,16305.0,score,2.19
task4,16306.0,score,2.21
task4,16307.0,score,2.17
task4,16308.0,score,2.11
task4,16309.0,score,2.11
task4,16310.0,score,2.13
task4,16311.0,score,2.13
task4,16312.0,score,2.14
task4,16313.0,score,2.16
task4,16314.0,score,2.1
task4,16315.0,score,2.1
task4,16316.0,score,2.12
task4,16317.0,score,2.14
task4,16318.0,score,2.12
task4,16319.0,score,2.11
task4,16320.0,score,2.15
task4,16321.0,score,2.16
task4,16322.0,score,2.17
task4,16323.0,score,2.16
task4,16324.0,score,2.08
task4,16325.0,score,2.1
task4,16326.0,score,2.09
task4,16327.0,score,2.08
task4,16328.0,score,2.06
task4,16329.0,score,2.06
task4,16330.0,score,2.08
task4,16331.0,score,2.05
task4,16332.0,score,2.02
task4,16333.0,score,2.02
task4,16334.0,score,2.03
task4,16335.0,score,2.04
task4,16336.0,score,2.03
task4,16337.0,score,2.03
task4,16338.0,score,2.04
task4,16339.0,score,2.02
task4,16340.0,score,2.03
task4,16341.0,score,2.02
task4,16342.0,score,1.98
task4,16343.0,score,1.99
task4,16344.0,score,1.99
task4,16345.0,score,1.99
task4,16346.0,score,1.93
task4,16347.0,score,1.96
task4,16348.0,score,2.0
task4,16349.0,score,2.0
task4,16350.0,score,2.04
task4,16351.0,score,2.04
task4,16352.0,score,2.05
task4,16353.0,score,2.07
task4,16354.0,score,2.01
task4,16355.0,score,2.04
task4,16356.0,score,2.01
task4,16357.0,score,1.95
task4,16358.0,score,1.94
task4,16359.0,score,1.94
task4,16360.0,score,1.91
task4,16361.0,score,1.91
task4,16362.0,score,1.96
task4,16363.0,score,1.94
task4,16364.0,score,1.94
task4,16365.0,score,1.95
task4,16366.0,score,1.9
task4,16367.0,score,1.9
task4,16368.0,score,1.88
task4,16369.0,score,1.85
task4,16370.0,score,1.83
task4,16371.0,score,1.82
task4,16372.0,score,1.83
task4,16373.0,score,1.9
task4,16374.0,score,1.92
task4,16375.0,score,1.91
task4,16376.0,score,1.91
task4,16377.0,score,1.86
task4,16378.0,score,1.87
task4,16379.0,score,1.88
task4,16380.0,score,1.89
task4,16381.0,score,1.9
task4,16382.0,score,1.92
task4,16383.0,score,1.93
task4,16384.0,score,1.94
task4,16385.0,score,1.97
task4,16386.0,score,1.94
task4,16387.0,score,1.96
task4,16388.0,score,1.96
task4,16389.0,score,1.88
task4,16390.0,score,1.91
task4,16391.0,score,1.9
task4,16392.0,score,1.88
task4,16393.0,score,1.87
task4,16394.0,score,1.87
task4,16395.0,score,1.88
task4,16396.0,score,1.85
task4,16397.0,score,1.87
task4,16398.0,score,1.88
task4,16399.0,score,1.9
task4,16400.0,score,1.89
task4,16401.0,score,1.91
task4,16402.0,score,1.92
task4,16403.0,score,1.94
task4,16404.0,score,1.93
task4,16405.0,score,1.91
task4,16406.0,score,1.88
task4,16407.0,score,1.88
task4,16408.0,score,1.89
task4,16409.0,score,1.89
task4,16410.0,score,1.92
task4,16411.0,score,1.91
task4,16412.0,score,1.97
task4,16413.0,score,1.95
task4,16414.0,score,1.97
task4,16415.0,score,1.97
task4,16416.0,score,1.94
task4,16417.0,score,1.91
task4,16418.0,score,1.92
task4,16419.0,score,1.9
task4,16420.0,score,1.87
task4,16421.0,score,1.86
task4,16422.0,score,1.85
task4,16423.0,score,1.85
task4,16424.0,score,1.85
task4,16425.0,score,1.82
task4,16426.0,score,1.82
task4,16427.0,score,1.82
task4,16428.0,score,1.82
task4,16429.0,score,1.81
task4,16430.0,score,1.79
task4,16431.0,score,1.81
task4,16432.0,score,1.8
task4,16433.0,score,1.8
task4,16434.0,score,1.8
task4,16435.0,score,1.84
task4,16436.0,score,1.85
task4,16437.0,score,1.86
task4,16438.0,score,1.88
task4,16439.0,score,1.88
task4,16440.0,score,1.89
task4,16441.0,score,1.9
task4,16442.0,score,1.92
task4,16443.0,score,1.9
task4,16444.0,score,1.88
task4,16445.0,score,1.91
task4,16446.0,score,1.92
task4,16447.0,score,1.92
task4,16448.0,score,1.88
task4,16449.0,score,1.86
task4,16450.0,score,1.82
task4,16451.0,score,1.79
task4,16452.0,score,1.78
task4,16453.0,score,1.79
task4,16454.0,score,1.79
task4,16455.0,score,1.75
task4,16456.0,score,1.77
task4,16457.0,score,1.8
task4,16458.0,score,1.8
task4,16459.0,score,1.79
task4,16460.0,score,1.76
task4,16461.0,score,1.75
task4,16462.0,score,1.71
task4,16463.0,score,1.72
task4,16464.0,score,1.7
task4,16465.0,score,1.7
task4,16466.0,score,1.71
task4,16467.0,score,1.75
task4,16468.0,score,1.75
task4,16469.0,score,1.75
task4,16470.0,score,1.75
task4,16471.0,score,1.76
task4,16472.0,score,1.77
task4,16473.0,score,1.73
task4,16474.0,score,1.72
task4,16475.0,score,1.73
task4,16476.0,score,1.72
task4,16477.0,score,1.72
task4,16478.0,score,1.73
task4,16479.0,score,1.74
task4,16480.0,score,1.74
task4,16481.0,score,1.73
task4,16482.0,score,1.74
task4,16483.0,score,1.74
task4,16484.0,score,1.74
task4,16485.0,score,1.71
task4,16486.0,score,1.74
task4,16487.0,score,1.72
task4,16488.0,score,1.75
task4,16489.0,score,1.75
task4,16490.0,score,1.73
task4,16491.0,score,1.75
task4,16492.0,score,1.75
task4,16493.0,score,1.73
task4,16494.0,score,1.73
task4,16495.0,score,1.73
task4,16496.0,score,1.79
task4,16497.0,score,1.78
task4,16498.0,score,1.78
task4,16499.0,score,1.77
task4,16500.0,score,1.81
task4,16501.0,score,1.79
task4,16502.0,score,1.77
task4,16503.0,score,1.77
task4,16504.0,score,1.79
task4,16505.0,score,1.79
task4,16506.0,score,1.83
task4,16507.0,score,1.86
task4,16508.0,score,1.85
task4,16509.0,score,1.85
task4,16510.0,score,1.81
task4,16511.0,score,1.82
task4,16512.0,score,1.78
task4,16513.0,score,1.8
task4,16514.0,score,1.8
task4,16515.0,score,1.81
task4,16516.0,score,1.83
task4,16517.0,score,1.83
task4,16518.0,score,1.84
task4,16519.0,score,1.84
task4,16520.0,score,1.85
task4,16521.0,score,1.84
task4,16522.0,score,1.82
task4,16523.0,score,1.81
task4,16524.0,score,1.82
task4,16525.0,score,1.84
task4,16526.0,score,1.91
task4,16527.0,score,1.92
task4,16528.0,score,1.93
task4,16529.0,score,1.97
task4,16530.0,score,1.97
task4,16531.0,score,1.97
task4,16532.0,score,1.97
task4,16533.0,score,2.0
task4,16534.0,score,2.0
task4,16535.0,score,1.96
task4,16536.0,score,1.95
task4,16537.0,score,1.94
task4,16538.0,score,1.92
task4,16539.0,score,1.93
task4,16540.0,score,1.91
task4,16541.0,score,1.97
task4,16542.0,score,1.95
task4,16543.0,score,1.94
task4,16544.0,score,1.94
task4,16545.0,score,1.91
task4,16546.0,score,1.91
task4,16547.0,score,1.89
task4,16548.0,score,1.91
task4,16549.0,score,1.9
task4,16550.0,score,1.91
task4,16551.0,score,1.91
task4,16552.0,score,1.91
task4,16553.0,score,1.9
task4,16554.0,score,1.92
task4,16555.0,score,1.94
task4,16556.0,score,1.93
task4,16557.0,score,1.91
task4,16558.0,score,1.9
task4,16559.0,score,1.91
task4,16560.0,score,1.89
task4,16561.0,score,1.91
task4,16562.0,score,1.93
task4,16563.0,score,1.9
task4,16564.0,score,1.92
task4,16565.0,score,1.92
task4,16566.0,score,1.92
task4,16567.0,score,1.9
task4,16568.0,score,1.87
task4,16569.0,score,1.88
task4,16570.0,score,1.9
task4,16571.0,score,1.97
task4,16572.0,score,1.96
task4,16573.0,score,2.01
task4,16574.0,score,2.0
task4,16575.0,score,1.99
task4,16576.0,score,2.02
task4,16577.0,score,2.08
task4,16578.0,score,2.07
task4,16579.0,score,2.08
task4,16580.0,score,2.09
task4,16581.0,score,2.12
task4,16582.0,score,2.09
task4,16583.0,score,2.08
task4,16584.0,score,2.08
task4,16585.0,score,2.06
task4,16586.0,score,2.05
task4,16587.0,score,2.08
task4,16588.0,score,2.04
task4,16589.0,score,2.06
task4,16590.0,score,2.06
task4,16591.0,score,2.05
task4,16592.0,score,2.04
task4,16593.0,score,2.05
task4,16594.0,score,2.05
task4,16595.0,score,2.04
task4,16596.0,score,1.97
task4,16597.0,score,2.05
task4,16598.0,score,2.04
task4,16599.0,score,2.03
task4,16600.0,score,1.97
task4,16601.0,score,1.97
task4,16602.0,score,1.99
task4,16603.0,score,2.0
task4,16604.0,score,1.99
task4,16605.0,score,2.02
task4,16606.0,score,1.97
task4,16607.0,score,1.95
task4,16608.0,score,1.99
task4,16609.0,score,2.0
task4,16610.0,score,1.99
task4,16611.0,score,1.98
task4,16612.0,score,1.96
task4,16613.0,score,1.91
task4,16614.0,score,1.91
task4,16615.0,score,1.92
task4,16616.0,score,1.9
task4,16617.0,score,1.91
task4,16618.0,score,1.92
task4,16619.0,score,1.91
task4,16620.0,score,1.93
task4,16621.0,score,1.94
task4,16622.0,score,1.94
task4,16623.0,score,1.96
task4,16624.0,score,1.96
task4,16625.0,score,1.98
task4,16626.0,score,1.92
task4,16627.0,score,1.93
task4,16628.0,score,1.94
task4,16629.0,score,1.94
task4,16630.0,score,1.94
task4,16631.0,score,1.94
task4,16632.0,score,1.96
task4,16633.0,score,1.92
task4,16634.0,score,1.92
task4,16635.0,score,1.9
task4,16636.0,score,1.93
task4,16637.0,score,1.95
task4,16638.0,score,1.96
task4,16639.0,score,1.94
task4,16640.0,score,1.96
task4,16641.0,score,1.93
task4,16642.0,score,1.92
task4,16643.0,score,1.94
task4,16644.0,score,1.94
task4,16645.0,score,1.98
task4,16646.0,score,2.0
task4,16647.0,score,2.03
task4,16648.0,score,2.03
task4,16649.0,score,2.03
task4,16650.0,score,2.02
task4,16651.0,score,2.05
task4,16652.0,score,2.07
task4,16653.0,score,2.11
task4,16654.0,score,2.1
task4,16655.0,score,2.09
task4,16656.0,score,2.1
task4,16657.0,score,2.11
task4,16658.0,score,2.11
task4,16659.0,score,2.13
task4,16660.0,score,2.16
task4,16661.0,score,2.16
task4,16662.0,score,2.12
task4,16663.0,score,2.14
task4,16664.0,score,2.13
task4,16665.0,score,2.12
task4,16666.0,score,2.13
task4,16667.0,score,2.13
task4,16668.0,score,2.14
task4,16669.0,score,2.16
task4,16670.0,score,2.18
task4,16671.0,score,2.11
task4,16672.0,score,2.09
task4,16673.0,score,2.02
task4,16674.0,score,2.02
task4,16675.0,score,2.03
task4,16676.0,score,2.01
task4,16677.0,score,1.98
task4,16678.0,score,2.04
task4,16679.0,score,2.04
task4,16680.0,score,2.03
task4,16681.0,score,2.0
task4,16682.0,score,2.02
task4,16683.0,score,2.05
task4,16684.0,score,2.05
task4,16685.0,score,2.05
task4,16686.0,score,2.05
task4,16687.0,score,2.05
task4,16688.0,score,2.06
task4,16689.0,score,2.05
task4,16690.0,score,2.05
task4,16691.0,score,2.05
task4,16692.0,score,2.14
task4,16693.0,score,2.14
task4,16694.0,score,2.15
task4,16695.0,score,2.17
task4,16696.0,score,2.2
task4,16697.0,score,2.1
task4,16698.0,score,2.12
task4,16699.0,score,2.13
task4,16700.0,score,2.15
task4,16701.0,score,2.15
task4,16702.0,score,2.15
task4,16703.0,score,2.19
task4,16704.0,score,2.2
task4,16705.0,score,2.17
task4,16706.0,score,2.19
task4,16707.0,score,2.19
task4,16708.0,score,2.16
task4,16709.0,score,2.14
task4,16710.0,score,2.14
task4,16711.0,score,2.14
task4,16712.0,score,2.14
task4,16713.0,score,2.18
task4,16714.0,score,2.17
task4,16715.0,score,2.16
task4,16716.0,score,2.19
task4,16717.0,score,2.2
task4,16718.0,score,2.19
task4,16719.0,score,2.22
task4,16720.0,score,2.2
task4,16721.0,score,2.19
task4,16722.0,score,2.2
task4,16723.0,score,2.24
task4,16724.0,score,2.23
task4,16725.0,score,2.19
task4,16726.0,score,2.17
task4,16727.0,score,2.16
task4,16728.0,score,2.16
task4,16729.0,score,2.16
task4,16730.0,score,2.15
task4,16731.0,score,2.14
task4,16732.0,score,2.21
task4,16733.0,score,2.23
task4,16734.0,score,2.24
task4,16735.0,score,2.26
task4,16736.0,score,2.23
task4,16737.0,score,2.22
task4,16738.0,score,2.23
task4,16739.0,score,2.24
task4,16740.0,score,2.24
task4,16741.0,score,2.21
task4,16742.0,score,2.22
task4,16743.0,score,2.2
task4,16744.0,score,2.2
task4,16745.0,score,2.15
task4,16746.0,score,2.19
task4,16747.0,score,2.17
task4,16748.0,score,2.18
task4,16749.0,score,2.21
task4,16750.0,score,2.23
task4,16751.0,score,2.21
task4,16752.0,score,2.2
task4,16753.0,score,2.18
task4,16754.0,score,2.19
task4,16755.0,score,2.18
task4,16756.0,score,2.29
task4,16757.0,score,2.29
task4,16758.0,score,2.31
task4,16759.0,score,2.3
task4,16760.0,score,2.27
task4,16761.0,score,2.29
task4,16762.0,score,2.29
task4,16763.0,score,2.27
task4,16764.0,score,2.29
task4,16765.0,score,2.34
task4,16766.0,score,2.32
task4,16767.0,score,2.32
task4,16768.0,score,2.35
task4,16769.0,score,2.32
task4,16770.0,score,2.27
task4,16771.0,score,2.29
task4,16772.0,score,2.28
task4,16773.0,score,2.29
task4,16774.0,score,2.29
task4,16775.0,score,2.28
task4,16776.0,score,2.31
task4,16777.0,score,2.3
task4,16778.0,score,2.24
task4,16779.0,score,2.28
task4,16780.0,score,2.29
task4,16781.0,score,2.3
task4,16782.0,score,2.28
task4,16783.0,score,2.25
task4,16784.0,score,2.28
task4,16785.0,score,2.28
task4,16786.0,score,2.27
task4,16787.0,score,2.26
task4,16788.0,score,2.28
task4,16789.0,score,2.3
task4,16790.0,score,2.27
task4,16791.0,score,2.26
task4,16792.0,score,2.18
task4,16793.0,score,2.18
task4,16794.0,score,2.17
task4,16795.0,score,2.16
task4,16796.0,score,2.15
task4,16797.0,score,2.16
task4,16798.0,score,2.16
task4,16799.0,score,2.16
task4,16800.0,score,2.16
task4,16801.0,score,2.14
task4,16802.0,score,2.15
task4,16803.0,score,2.09
task4,16804.0,score,2.08
task4,16805.0,score,2.07
task4,16806.0,score,2.05
task4,16807.0,score,2.04
task4,16808.0,score,2.03
task4,16809.0,score,2.03
task4,16810.0,score,2.04
task4,16811.0,score,2.03
task4,16812.0,score,2.05
task4,16813.0,score,2.04
task4,16814.0,score,2.06
task4,16815.0,score,2.04
task4,16816.0,score,2.04
task4,16817.0,score,2.07
task4,16818.0,score,2.05
task4,16819.0,score,2.02
task4,16820.0,score,2.02
task4,16821.0,score,2.06
task4,16822.0,score,2.05
task4,16823.0,score,2.02
task4,16824.0,score,2.02
task4,16825.0,score,2.03
task4,16826.0,score,2.02
task4,16827.0,score,2.01
task4,16828.0,score,2.02
task4,16829.0,score,1.99
task4,16830.0,score,1.99
task4,16831.0,score,2.0
task4,16832.0,score,1.96
task4,16833.0,score,1.97
task4,16834.0,score,1.96
task4,16835.0,score,1.98
task4,16836.0,score,2.02
task4,16837.0,score,2.0
task4,16838.0,score,2.05
task4,16839.0,score,2.06
task4,16840.0,score,2.06
task4,16841.0,score,2.08
task4,16842.0,score,2.1
task4,16843.0,score,2.15
task4,16844.0,score,2.18
task4,16845.0,score,2.18
task4,16846.0,score,2.15
task4,16847.0,score,2.15
task4,16848.0,score,2.19
task4,16849.0,score,2.17
task4,16850.0,score,2.18
task4,16851.0,score,2.19
task4,16852.0,score,2.18
task4,16853.0,score,2.15
task4,16854.0,score,2.15
task4,16855.0,score,2.18
task4,16856.0,score,2.07
task4,16857.0,score,2.05
task4,16858.0,score,2.05
task4,16859.0,score,2.03
task4,16860.0,score,2.05
task4,16861.0,score,2.01
task4,16862.0,score,2.03
task4,16863.0,score,2.07
task4,16864.0,score,2.12
task4,16865.0,score,2.08
task4,16866.0,score,2.09
task4,16867.0,score,2.1
task4,16868.0,score,2.08
task4,16869.0,score,2.09
task4,16870.0,score,2.09
task4,16871.0,score,2.09
task4,16872.0,score,2.13
task4,16873.0,score,2.12
task4,16874.0,score,2.13
task4,16875.0,score,2.15
task4,16876.0,score,2.14
task4,16877.0,score,2.15
task4,16878.0,score,2.17
task4,16879.0,score,2.11
task4,16880.0,score,2.17
task4,16881.0,score,2.19
task4,16882.0,score,2.21
task4,16883.0,score,2.2
task4,16884.0,score,2.23
task4,16885.0,score,2.28
task4,16886.0,score,2.28
task4,16887.0,score,2.27
task4,16888.0,score,2.24
task4,16889.0,score,2.23
task4,16890.0,score,2.24
task4,16891.0,score,2.26
task4,16892.0,score,2.26
task4,16893.0,score,2.26
task4,16894.0,score,2.25
task4,16895.0,score,2.26
task4,16896.0,score,2.27
task4,16897.0,score,2.27
task4,16898.0,score,2.26
task4,16899.0,score,2.24
task4,16900.0,score,2.26
task4,16901.0,score,2.34
task4,16902.0,score,2.34
task4,16903.0,score,2.35
task4,16904.0,score,2.34
task4,16905.0,score,2.4
task4,16906.0,score,2.45
task4,16907.0,score,2.47
task4,16908.0,score,2.49
task4,16909.0,score,2.48
task4,16910.0,score,2.49
task4,16911.0,score,2.53
task4,16912.0,score,2.52
task4,16913.0,score,2.5
task4,16914.0,score,2.49
task4,16915.0,score,2.57
task4,16916.0,score,2.57
task4,16917.0,score,2.55
task4,16918.0,score,2.55
task4,16919.0,score,2.6
task4,16920.0,score,2.66
task4,16921.0,score,2.66
task4,16922.0,score,2.68
task4,16923.0,score,2.66
task4,16924.0,score,2.7
task4,16925.0,score,2.71
task4,16926.0,score,2.72
task4,16927.0,score,2.71
task4,16928.0,score,2.69
task4,16929.0,score,2.7
task4,16930.0,score,2.72
task4,16931.0,score,2.72
task4,16932.0,score,2.68
task4,16933.0,score,2.65
task4,16934.0,score,2.64
task4,16935.0,score,2.61
task4,16936.0,score,2.58
task4,16937.0,score,2.6
task4,16938.0,score,2.53
task4,16939.0,score,2.51
task4,16940.0,score,2.49
task4,16941.0,score,2.49
task4,16942.0,score,2.49
task4,16943.0,score,2.46
task4,16944.0,score,2.43
task4,16945.0,score,2.44
task4,16946.0,score,2.4
task4,16947.0,score,2.41
task4,16948.0,score,2.36
task4,16949.0,score,2.38
task4,16950.0,score,2.35
task4,16951.0,score,2.34
task4,16952.0,score,2.36
task4,16953.0,score,2.37
task4,16954.0,score,2.37
task4,16955.0,score,2.35
task4,16956.0,score,2.36
task4,16957.0,score,2.37
task4,16958.0,score,2.36
task4,16959.0,score,2.38
task4,16960.0,score,2.38
task4,16961.0,score,2.41
task4,16962.0,score,2.43
task4,16963.0,score,2.4
task4,16964.0,score,2.33
task4,16965.0,score,2.35
task4,16966.0,score,2.35
task4,16967.0,score,2.34
task4,16968.0,score,2.35
task4,16969.0,score,2.34
task4,16970.0,score,2.35
task4,16971.0,score,2.32
task4,16972.0,score,2.28
task4,16973.0,score,2.27
task4,16974.0,score,2.34
task4,16975.0,score,2.36
task4,16976.0,score,2.36
task4,16977.0,score,2.34
task4,16978.0,score,2.33
task4,16979.0,score,2.34
task4,16980.0,score,2.25
task4,16981.0,score,2.24
task4,16982.0,score,2.24
task4,16983.0,score,2.27
task4,16984.0,score,2.2
task4,16985.0,score,2.16
task4,16986.0,score,2.16
task4,16987.0,score,2.18
task4,16988.0,score,2.18
task4,16989.0,score,2.17
task4,16990.0,score,2.17
task4,16991.0,score,2.15
task4,16992.0,score,2.16
task4,16993.0,score,2.17
task4,16994.0,score,2.17
task4,16995.0,score,2.15
task4,16996.0,score,2.12
task4,16997.0,score,2.11
task4,16998.0,score,2.12
task4,16999.0,score,2.14
task4,17000.0,score,2.19
task4,17001.0,score,2.11
task4,17002.0,score,2.08
task4,17003.0,score,2.12
task4,17004.0,score,2.13
task4,17005.0,score,2.09
task4,17006.0,score,2.08
task4,17007.0,score,2.08
task4,17008.0,score,2.06
task4,17009.0,score,2.06
task4,17010.0,score,2.05
task4,17011.0,score,2.03
task4,17012.0,score,2.03
task4,17013.0,score,2.03
task4,17014.0,score,2.03
task4,17015.0,score,1.98
task4,17016.0,score,1.95
task4,17017.0,score,1.94
task4,17018.0,score,1.96
task4,17019.0,score,1.92
task4,17020.0,score,1.84
task4,17021.0,score,1.8
task4,17022.0,score,1.78
task4,17023.0,score,1.79
task4,17024.0,score,1.79
task4,17025.0,score,1.76
task4,17026.0,score,1.79
task4,17027.0,score,1.81
task4,17028.0,score,1.83
task4,17029.0,score,1.8
task4,17030.0,score,1.79
task4,17031.0,score,1.81
task4,17032.0,score,1.8
task4,17033.0,score,1.82
task4,17034.0,score,1.85
task4,17035.0,score,1.86
task4,17036.0,score,1.87
task4,17037.0,score,1.86
task4,17038.0,score,1.85
task4,17039.0,score,1.94
task4,17040.0,score,1.95
task4,17041.0,score,1.93
task4,17042.0,score,1.98
task4,17043.0,score,1.97
task4,17044.0,score,1.98
task4,17045.0,score,1.98
task4,17046.0,score,1.98
task4,17047.0,score,1.97
task4,17048.0,score,1.95
task4,17049.0,score,1.93
task4,17050.0,score,1.91
task4,17051.0,score,1.9
task4,17052.0,score,1.87
task4,17053.0,score,1.87
task4,17054.0,score,1.85
task4,17055.0,score,1.84
task4,17056.0,score,1.82
task4,17057.0,score,1.82
task4,17058.0,score,1.84
task4,17059.0,score,1.82
task4,17060.0,score,1.81
task4,17061.0,score,1.79
task4,17062.0,score,1.75
task4,17063.0,score,1.75
task4,17064.0,score,1.74
task4,17065.0,score,1.73
task4,17066.0,score,1.76
task4,17067.0,score,1.75
task4,17068.0,score,1.74
task4,17069.0,score,1.73
task4,17070.0,score,1.75
task4,17071.0,score,1.77
task4,17072.0,score,1.8
task4,17073.0,score,1.8
task4,17074.0,score,1.73
task4,17075.0,score,1.71
task4,17076.0,score,1.69
task4,17077.0,score,1.7
task4,17078.0,score,1.68
task4,17079.0,score,1.67
task4,17080.0,score,1.68
task4,17081.0,score,1.65
task4,17082.0,score,1.64
task4,17083.0,score,1.63
task4,17084.0,score,1.64
task4,17085.0,score,1.65
task4,17086.0,score,1.64
task4,17087.0,score,1.63
task4,17088.0,score,1.64
task4,17089.0,score,1.63
task4,17090.0,score,1.62
task4,17091.0,score,1.62
task4,17092.0,score,1.64
task4,17093.0,score,1.65
task4,17094.0,score,1.65
task4,17095.0,score,1.66
task4,17096.0,score,1.67
task4,17097.0,score,1.67
task4,17098.0,score,1.66
task4,17099.0,score,1.7
task4,17100.0,score,1.66
task4,17101.0,score,1.68
task4,17102.0,score,1.71
task4,17103.0,score,1.65
task4,17104.0,score,1.65
task4,17105.0,score,1.63
task4,17106.0,score,1.63
task4,17107.0,score,1.62
task4,17108.0,score,1.65
task4,17109.0,score,1.68
task4,17110.0,score,1.69
task4,17111.0,score,1.72
task4,17112.0,score,1.71
task4,17113.0,score,1.73
task4,17114.0,score,1.73
task4,17115.0,score,1.74
task4,17116.0,score,1.75
task4,17117.0,score,1.73
task4,17118.0,score,1.73
task4,17119.0,score,1.72
task4,17120.0,score,1.73
task4,17121.0,score,1.74
task4,17122.0,score,1.74
task4,17123.0,score,1.72
task4,17124.0,score,1.7
task4,17125.0,score,1.73
task4,17126.0,score,1.72
task4,17127.0,score,1.73
task4,17128.0,score,1.69
task4,17129.0,score,1.72
task4,17130.0,score,1.73
task4,17131.0,score,1.71
task4,17132.0,score,1.72
task4,17133.0,score,1.7
task4,17134.0,score,1.68
task4,17135.0,score,1.7
task4,17136.0,score,1.7
task4,17137.0,score,1.73
task4,17138.0,score,1.76
task4,17139.0,score,1.7
task4,17140.0,score,1.72
task4,17141.0,score,1.72
task4,17142.0,score,1.66
task4,17143.0,score,1.67
task4,17144.0,score,1.66
task4,17145.0,score,1.67
task4,17146.0,score,1.67
task4,17147.0,score,1.66
task4,17148.0,score,1.66
task4,17149.0,score,1.68
task4,17150.0,score,1.74
task4,17151.0,score,1.77
task4,17152.0,score,1.84
task4,17153.0,score,1.86
task4,17154.0,score,1.87
task4,17155.0,score,1.89
task4,17156.0,score,1.92
task4,17157.0,score,1.92
task4,17158.0,score,1.89
task4,17159.0,score,1.92
task4,17160.0,score,1.94
task4,17161.0,score,1.95
task4,17162.0,score,1.99
task4,17163.0,score,1.99
task4,17164.0,score,2.02
task4,17165.0,score,2.09
task4,17166.0,score,2.14
task4,17167.0,score,2.13
task4,17168.0,score,2.12
task4,17169.0,score,2.13
task4,17170.0,score,2.12
task4,17171.0,score,2.14
task4,17172.0,score,2.13
task4,17173.0,score,2.15
task4,17174.0,score,2.15
task4,17175.0,score,2.12
task4,17176.0,score,2.12
task4,17177.0,score,2.1
task4,17178.0,score,2.11
task4,17179.0,score,2.11
task4,17180.0,score,2.13
task4,17181.0,score,2.16
task4,17182.0,score,2.15
task4,17183.0,score,2.15
task4,17184.0,score,2.15
task4,17185.0,score,2.16
task4,17186.0,score,2.18
task4,17187.0,score,2.21
task4,17188.0,score,2.22
task4,17189.0,score,2.26
task4,17190.0,score,2.3
task4,17191.0,score,2.3
task4,17192.0,score,2.28
task4,17193.0,score,2.25
task4,17194.0,score,2.28
task4,17195.0,score,2.3
task4,17196.0,score,2.33
task4,17197.0,score,2.35
task4,17198.0,score,2.34
task4,17199.0,score,2.3
task4,17200.0,score,2.28
task4,17201.0,score,2.27
task4,17202.0,score,2.28
task4,17203.0,score,2.29
task4,17204.0,score,2.28
task4,17205.0,score,2.29
task4,17206.0,score,2.25
task4,17207.0,score,2.25
task4,17208.0,score,2.22
task4,17209.0,score,2.21
task4,17210.0,score,2.23
task4,17211.0,score,2.2
task4,17212.0,score,2.25
task4,17213.0,score,2.24
task4,17214.0,score,2.25
task4,17215.0,score,2.23
task4,17216.0,score,2.25
task4,17217.0,score,2.29
task4,17218.0,score,2.27
task4,17219.0,score,2.27
task4,17220.0,score,2.28
task4,17221.0,score,2.27
task4,17222.0,score,2.27
task4,17223.0,score,2.29
task4,17224.0,score,2.26
task4,17225.0,score,2.25
task4,17226.0,score,2.22
task4,17227.0,score,2.2
task4,17228.0,score,2.24
task4,17229.0,score,2.24
task4,17230.0,score,2.26
task4,17231.0,score,2.25
task4,17232.0,score,2.23
task4,17233.0,score,2.26
task4,17234.0,score,2.26
task4,17235.0,score,2.25
task4,17236.0,score,2.26
task4,17237.0,score,2.24
task4,17238.0,score,2.21
task4,17239.0,score,2.17
task4,17240.0,score,2.17
task4,17241.0,score,2.16
task4,17242.0,score,2.19
task4,17243.0,score,2.19
task4,17244.0,score,2.23
task4,17245.0,score,2.24
task4,17246.0,score,2.25
task4,17247.0,score,2.25
task4,17248.0,score,2.26
task4,17249.0,score,2.24
task4,17250.0,score,2.2
task4,17251.0,score,2.18
task4,17252.0,score,2.12
task4,17253.0,score,2.11
task4,17254.0,score,2.09
task4,17255.0,score,2.07
task4,17256.0,score,2.06
task4,17257.0,score,2.07
task4,17258.0,score,2.09
task4,17259.0,score,2.08
task4,17260.0,score,2.08
task4,17261.0,score,2.08
task4,17262.0,score,2.04
task4,17263.0,score,2.05
task4,17264.0,score,2.03
task4,17265.0,score,1.97
task4,17266.0,score,1.88
task4,17267.0,score,1.88
task4,17268.0,score,1.88
task4,17269.0,score,1.88
task4,17270.0,score,1.9
task4,17271.0,score,1.87
task4,17272.0,score,1.87
task4,17273.0,score,1.87
task4,17274.0,score,1.9
task4,17275.0,score,1.91
task4,17276.0,score,1.9
task4,17277.0,score,1.92
task4,17278.0,score,1.94
task4,17279.0,score,2.01
task4,17280.0,score,2.06
task4,17281.0,score,2.07
task4,17282.0,score,2.08
task4,17283.0,score,2.07
task4,17284.0,score,2.05
task4,17285.0,score,2.05
task4,17286.0,score,2.12
task4,17287.0,score,2.1
task4,17288.0,score,2.11
task4,17289.0,score,2.08
task4,17290.0,score,2.06
task4,17291.0,score,2.1
task4,17292.0,score,2.13
task4,17293.0,score,2.16
task4,17294.0,score,2.16
task4,17295.0,score,2.13
task4,17296.0,score,2.11
task4,17297.0,score,2.15
task4,17298.0,score,2.15
task4,17299.0,score,2.16
task4,17300.0,score,2.13
task4,17301.0,score,2.12
task4,17302.0,score,2.1
task4,17303.0,score,2.11
task4,17304.0,score,2.12
task4,17305.0,score,2.19
task4,17306.0,score,2.2
task4,17307.0,score,2.22
task4,17308.0,score,2.26
task4,17309.0,score,2.26
task4,17310.0,score,2.24
task4,17311.0,score,2.24
task4,17312.0,score,2.21
task4,17313.0,score,2.2
task4,17314.0,score,2.18
task4,17315.0,score,2.18
task4,17316.0,score,2.16
task4,17317.0,score,2.15
task4,17318.0,score,2.15
task4,17319.0,score,2.21
task4,17320.0,score,2.2
task4,17321.0,score,2.2
task4,17322.0,score,2.2
task4,17323.0,score,2.19
task4,17324.0,score,2.22
task4,17325.0,score,2.28
task4,17326.0,score,2.3
task4,17327.0,score,2.32
task4,17328.0,score,2.3
task4,17329.0,score,2.3
task4,17330.0,score,2.26
task4,17331.0,score,2.28
task4,17332.0,score,2.32
task4,17333.0,score,2.32
task4,17334.0,score,2.32
task4,17335.0,score,2.3
task4,17336.0,score,2.29
task4,17337.0,score,2.3
task4,17338.0,score,2.33
task4,17339.0,score,2.36
task4,17340.0,score,2.36
task4,17341.0,score,2.37
task4,17342.0,score,2.33
task4,17343.0,score,2.31
task4,17344.0,score,2.29
task4,17345.0,score,2.28
task4,17346.0,score,2.27
task4,17347.0,score,2.29
task4,17348.0,score,2.29
task4,17349.0,score,2.28
task4,17350.0,score,2.3
task4,17351.0,score,2.29
task4,17352.0,score,2.28
task4,17353.0,score,2.27
task4,17354.0,score,2.29
task4,17355.0,score,2.29
task4,17356.0,score,2.26
task4,17357.0,score,2.25
task4,17358.0,score,2.24
task4,17359.0,score,2.24
task4,17360.0,score,2.23
task4,17361.0,score,2.23
task4,17362.0,score,2.23
task4,17363.0,score,2.24
task4,17364.0,score,2.25
task4,17365.0,score,2.23
task4,17366.0,score,2.25
task4,17367.0,score,2.29
task4,17368.0,score,2.29
task4,17369.0,score,2.29
task4,17370.0,score,2.28
task4,17371.0,score,2.31
task4,17372.0,score,2.3
task4,17373.0,score,2.3
task4,17374.0,score,2.29
task4,17375.0,score,2.3
task4,17376.0,score,2.33
task4,17377.0,score,2.33
task4,17378.0,score,2.36
task4,17379.0,score,2.29
task4,17380.0,score,2.21
task4,17381.0,score,2.18
task4,17382.0,score,2.17
task4,17383.0,score,2.16
task4,17384.0,score,2.25
task4,17385.0,score,2.22
task4,17386.0,score,2.17
task4,17387.0,score,2.14
task4,17388.0,score,2.13
task4,17389.0,score,2.13
task4,17390.0,score,2.13
task4,17391.0,score,2.08
task4,17392.0,score,2.05
task4,17393.0,score,2.03
task4,17394.0,score,2.02
task4,17395.0,score,2.05
task4,17396.0,score,2.04
task4,17397.0,score,1.98
task4,17398.0,score,2.04
task4,17399.0,score,2.02
task4,17400.0,score,2.03
task4,17401.0,score,2.07
task4,17402.0,score,2.07
task4,17403.0,score,2.07
task4,17404.0,score,2.08
task4,17405.0,score,2.01
task4,17406.0,score,2.01
task4,17407.0,score,2.0
task4,17408.0,score,2.03
task4,17409.0,score,2.04
task4,17410.0,score,2.03
task4,17411.0,score,2.03
task4,17412.0,score,2.02
task4,17413.0,score,2.03
task4,17414.0,score,2.03
task4,17415.0,score,2.02
task4,17416.0,score,2.05
task4,17417.0,score,2.03
task4,17418.0,score,2.05
task4,17419.0,score,2.05
task4,17420.0,score,2.04
task4,17421.0,score,2.08
task4,17422.0,score,2.09
task4,17423.0,score,2.1
task4,17424.0,score,2.08
task4,17425.0,score,2.01
task4,17426.0,score,2.02
task4,17427.0,score,1.99
task4,17428.0,score,1.97
task4,17429.0,score,1.96
task4,17430.0,score,1.96
task4,17431.0,score,1.94
task4,17432.0,score,1.9
task4,17433.0,score,1.9
task4,17434.0,score,1.89
task4,17435.0,score,1.92
task4,17436.0,score,1.9
task4,17437.0,score,1.88
task4,17438.0,score,1.86
task4,17439.0,score,1.85
task4,17440.0,score,1.84
task4,17441.0,score,1.86
task4,17442.0,score,1.86
task4,17443.0,score,1.89
task4,17444.0,score,1.9
task4,17445.0,score,1.92
task4,17446.0,score,1.95
task4,17447.0,score,1.94
task4,17448.0,score,1.95
task4,17449.0,score,1.96
task4,17450.0,score,1.97
task4,17451.0,score,1.99
task4,17452.0,score,2.0
task4,17453.0,score,1.99
task4,17454.0,score,1.98
task4,17455.0,score,1.97
task4,17456.0,score,1.99
task4,17457.0,score,2.02
task4,17458.0,score,2.07
task4,17459.0,score,2.08
task4,17460.0,score,2.08
task4,17461.0,score,2.07
task4,17462.0,score,2.1
task4,17463.0,score,2.1
task4,17464.0,score,2.12
task4,17465.0,score,2.17
task4,17466.0,score,2.18
task4,17467.0,score,2.16
task4,17468.0,score,2.16
task4,17469.0,score,2.17
task4,17470.0,score,2.14
task4,17471.0,score,2.11
task4,17472.0,score,2.1
task4,17473.0,score,2.1
task4,17474.0,score,2.1
task4,17475.0,score,2.08
task4,17476.0,score,2.06
task4,17477.0,score,2.04
task4,17478.0,score,1.99
task4,17479.0,score,2.03
task4,17480.0,score,2.06
task4,17481.0,score,2.07
task4,17482.0,score,2.07
task4,17483.0,score,2.09
task4,17484.0,score,2.06
task4,17485.0,score,2.08
task4,17486.0,score,2.06
task4,17487.0,score,2.08
task4,17488.0,score,2.08
task4,17489.0,score,2.07
task4,17490.0,score,2.05
task4,17491.0,score,2.07
task4,17492.0,score,2.07
task4,17493.0,score,2.08
task4,17494.0,score,2.1
task4,17495.0,score,2.07
task4,17496.0,score,2.07
task4,17497.0,score,2.07
task4,17498.0,score,2.01
task4,17499.0,score,2.01
task4,17500.0,score,2.01
task4,17501.0,score,1.99
task4,17502.0,score,2.0
task4,17503.0,score,1.99
task4,17504.0,score,1.98
task4,17505.0,score,1.97
task4,17506.0,score,1.98
task4,17507.0,score,1.97
task4,17508.0,score,1.94
task4,17509.0,score,1.92
task4,17510.0,score,1.93
task4,17511.0,score,1.92
task4,17512.0,score,1.92
task4,17513.0,score,1.92
task4,17514.0,score,1.95
task4,17515.0,score,1.98
task4,17516.0,score,1.96
task4,17517.0,score,2.02
task4,17518.0,score,2.01
task4,17519.0,score,1.94
task4,17520.0,score,1.95
task4,17521.0,score,1.92
task4,17522.0,score,1.92
task4,17523.0,score,1.91
task4,17524.0,score,1.92
task4,17525.0,score,1.92
task4,17526.0,score,1.94
task4,17527.0,score,1.98
task4,17528.0,score,1.99
task4,17529.0,score,1.98
task4,17530.0,score,2.01
task4,17531.0,score,2.02
task4,17532.0,score,2.03
task4,17533.0,score,2.06
task4,17534.0,score,2.05
task4,17535.0,score,2.01
task4,17536.0,score,2.01
task4,17537.0,score,2.07
task4,17538.0,score,2.06
task4,17539.0,score,2.04
task4,17540.0,score,2.03
task4,17541.0,score,2.02
task4,17542.0,score,2.03
task4,17543.0,score,2.02
task4,17544.0,score,1.99
task4,17545.0,score,1.98
task4,17546.0,score,1.96
task4,17547.0,score,1.94
task4,17548.0,score,1.92
task4,17549.0,score,1.92
task4,17550.0,score,1.88
task4,17551.0,score,1.92
task4,17552.0,score,1.94
task4,17553.0,score,1.93
task4,17554.0,score,1.93
task4,17555.0,score,1.94
task4,17556.0,score,1.94
task4,17557.0,score,1.95
task4,17558.0,score,1.93
task4,17559.0,score,1.92
task4,17560.0,score,1.91
task4,17561.0,score,1.92
task4,17562.0,score,1.93
task4,17563.0,score,1.93
task4,17564.0,score,1.93
task4,17565.0,score,1.87
task4,17566.0,score,1.85
task4,17567.0,score,1.86
task4,17568.0,score,1.88
task4,17569.0,score,1.91
task4,17570.0,score,1.92
task4,17571.0,score,1.94
task4,17572.0,score,1.95
task4,17573.0,score,1.93
task4,17574.0,score,1.9
task4,17575.0,score,1.92
task4,17576.0,score,1.93
task4,17577.0,score,1.93
task4,17578.0,score,2.0
task4,17579.0,score,1.97
task4,17580.0,score,1.96
task4,17581.0,score,1.94
task4,17582.0,score,1.98
task4,17583.0,score,1.95
task4,17584.0,score,1.91
task4,17585.0,score,1.93
task4,17586.0,score,1.93
task4,17587.0,score,1.94
task4,17588.0,score,1.92
task4,17589.0,score,1.93
task4,17590.0,score,1.96
task4,17591.0,score,1.95
task4,17592.0,score,1.93
task4,17593.0,score,1.93
task4,17594.0,score,1.89
task4,17595.0,score,1.96
task4,17596.0,score,2.01
task4,17597.0,score,2.1
task4,17598.0,score,2.1
task4,17599.0,score,2.1
task4,17600.0,score,2.11
task4,17601.0,score,2.1
task4,17602.0,score,2.14
task4,17603.0,score,2.15
task4,17604.0,score,2.14
task4,17605.0,score,2.15
task4,17606.0,score,2.14
task4,17607.0,score,2.14
task4,17608.0,score,2.12
task4,17609.0,score,2.13
task4,17610.0,score,2.13
task4,17611.0,score,2.12
task4,17612.0,score,2.1
task4,17613.0,score,2.13
task4,17614.0,score,2.1
task4,17615.0,score,2.06
task4,17616.0,score,2.04
task4,17617.0,score,1.98
task4,17618.0,score,2.01
task4,17619.0,score,2.02
task4,17620.0,score,2.03
task4,17621.0,score,2.02
task4,17622.0,score,2.04
task4,17623.0,score,2.04
task4,17624.0,score,2.03
task4,17625.0,score,2.06
task4,17626.0,score,2.01
task4,17627.0,score,1.99
task4,17628.0,score,2.0
task4,17629.0,score,2.01
task4,17630.0,score,2.02
task4,17631.0,score,2.0
task4,17632.0,score,1.99
task4,17633.0,score,1.97
task4,17634.0,score,1.97
task4,17635.0,score,1.98
task4,17636.0,score,2.01
task4,17637.0,score,1.97
task4,17638.0,score,1.99
task4,17639.0,score,2.01
task4,17640.0,score,2.03
task4,17641.0,score,2.02
task4,17642.0,score,2.03
task4,17643.0,score,2.03
task4,17644.0,score,2.05
task4,17645.0,score,2.07
task4,17646.0,score,2.06
task4,17647.0,score,2.08
task4,17648.0,score,2.1
task4,17649.0,score,2.09
task4,17650.0,score,2.08
task4,17651.0,score,2.03
task4,17652.0,score,2.0
task4,17653.0,score,2.0
task4,17654.0,score,2.01
task4,17655.0,score,2.08
task4,17656.0,score,2.11
task4,17657.0,score,2.07
task4,17658.0,score,2.04
task4,17659.0,score,2.05
task4,17660.0,score,2.05
task4,17661.0,score,2.07
task4,17662.0,score,2.03
task4,17663.0,score,2.03
task4,17664.0,score,2.02
task4,17665.0,score,2.04
task4,17666.0,score,2.03
task4,17667.0,score,2.01
task4,17668.0,score,2.01
task4,17669.0,score,1.99
task4,17670.0,score,2.0
task4,17671.0,score,1.98
task4,17672.0,score,2.0
task4,17673.0,score,2.01
task4,17674.0,score,2.03
task4,17675.0,score,2.04
task4,17676.0,score,2.03
task4,17677.0,score,2.05
task4,17678.0,score,1.98
task4,17679.0,score,1.96
task4,17680.0,score,1.94
task4,17681.0,score,1.95
task4,17682.0,score,1.92
task4,17683.0,score,1.93
task4,17684.0,score,1.93
task4,17685.0,score,1.91
task4,17686.0,score,1.9
task4,17687.0,score,1.91
task4,17688.0,score,1.94
task4,17689.0,score,1.93
task4,17690.0,score,1.95
task4,17691.0,score,1.96
task4,17692.0,score,1.99
task4,17693.0,score,2.0
task4,17694.0,score,2.02
task4,17695.0,score,1.96
task4,17696.0,score,1.94
task4,17697.0,score,1.85
task4,17698.0,score,1.86
task4,17699.0,score,1.88
task4,17700.0,score,1.86
task4,17701.0,score,1.87
task4,17702.0,score,1.8
task4,17703.0,score,1.8
task4,17704.0,score,1.82
task4,17705.0,score,1.83
task4,17706.0,score,1.84
task4,17707.0,score,1.89
task4,17708.0,score,1.91
task4,17709.0,score,1.91
task4,17710.0,score,1.91
task4,17711.0,score,1.91
task4,17712.0,score,1.92
task4,17713.0,score,1.88
task4,17714.0,score,1.93
task4,17715.0,score,1.96
task4,17716.0,score,1.99
task4,17717.0,score,1.98
task4,17718.0,score,1.96
task4,17719.0,score,1.97
task4,17720.0,score,1.96
task4,17721.0,score,1.97
task4,17722.0,score,1.94
task4,17723.0,score,1.94
task4,17724.0,score,2.0
task4,17725.0,score,2.0
task4,17726.0,score,2.03
task4,17727.0,score,2.02
task4,17728.0,score,2.02
task4,17729.0,score,2.02
task4,17730.0,score,2.01
task4,17731.0,score,2.01
task4,17732.0,score,2.01
task4,17733.0,score,1.98
task4,17734.0,score,1.99
task4,17735.0,score,2.04
task4,17736.0,score,2.07
task4,17737.0,score,2.07
task4,17738.0,score,2.07
task4,17739.0,score,2.06
task4,17740.0,score,2.05
task4,17741.0,score,2.05
task4,17742.0,score,2.06
task4,17743.0,score,2.05
task4,17744.0,score,2.05
task4,17745.0,score,2.02
task4,17746.0,score,2.04
task4,17747.0,score,2.05
task4,17748.0,score,2.11
task4,17749.0,score,2.13
task4,17750.0,score,2.13
task4,17751.0,score,2.19
task4,17752.0,score,2.23
task4,17753.0,score,2.24
task4,17754.0,score,2.26
task4,17755.0,score,2.18
task4,17756.0,score,2.16
task4,17757.0,score,2.16
task4,17758.0,score,2.18
task4,17759.0,score,2.18
task4,17760.0,score,2.18
task4,17761.0,score,2.15
task4,17762.0,score,2.17
task4,17763.0,score,2.16
task4,17764.0,score,2.15
task4,17765.0,score,2.14
task4,17766.0,score,2.17
task4,17767.0,score,2.17
task4,17768.0,score,2.18
task4,17769.0,score,2.18
task4,17770.0,score,2.17
task4,17771.0,score,2.24
task4,17772.0,score,2.22
task4,17773.0,score,2.21
task4,17774.0,score,2.22
task4,17775.0,score,2.2
task4,17776.0,score,2.21
task4,17777.0,score,2.25
task4,17778.0,score,2.25
task4,17779.0,score,2.27
task4,17780.0,score,2.28
task4,17781.0,score,2.3
task4,17782.0,score,2.33
task4,17783.0,score,2.32
task4,17784.0,score,2.32
task4,17785.0,score,2.33
task4,17786.0,score,2.36
task4,17787.0,score,2.32
task4,17788.0,score,2.33
task4,17789.0,score,2.34
task4,17790.0,score,2.32
task4,17791.0,score,2.32
task4,17792.0,score,2.33
task4,17793.0,score,2.3
task4,17794.0,score,2.32
task4,17795.0,score,2.3
task4,17796.0,score,2.26
task4,17797.0,score,2.26
task4,17798.0,score,2.27
task4,17799.0,score,2.27
task4,17800.0,score,2.29
task4,17801.0,score,2.28
task4,17802.0,score,2.28
task4,17803.0,score,2.29
task4,17804.0,score,2.29
task4,17805.0,score,2.3
task4,17806.0,score,2.29
task4,17807.0,score,2.24
task4,17808.0,score,2.21
task4,17809.0,score,2.21
task4,17810.0,score,2.19
task4,17811.0,score,2.22
task4,17812.0,score,2.24
task4,17813.0,score,2.24
task4,17814.0,score,2.2
task4,17815.0,score,2.19
task4,17816.0,score,2.19
task4,17817.0,score,2.19
task4,17818.0,score,2.2
task4,17819.0,score,2.21
task4,17820.0,score,2.21
task4,17821.0,score,2.2
task4,17822.0,score,2.21
task4,17823.0,score,2.2
task4,17824.0,score,2.13
task4,17825.0,score,2.11
task4,17826.0,score,2.18
task4,17827.0,score,2.18
task4,17828.0,score,2.16
task4,17829.0,score,2.16
task4,17830.0,score,2.13
task4,17831.0,score,2.15
task4,17832.0,score,2.15
task4,17833.0,score,2.15
task4,17834.0,score,2.16
task4,17835.0,score,2.12
task4,17836.0,score,2.08
task4,17837.0,score,2.07
task4,17838.0,score,2.08
task4,17839.0,score,2.07
task4,17840.0,score,2.05
task4,17841.0,score,2.05
task4,17842.0,score,2.02
task4,17843.0,score,2.02
task4,17844.0,score,2.02
task4,17845.0,score,2.01
task4,17846.0,score,2.01
task4,17847.0,score,1.99
task4,17848.0,score,1.93
task4,17849.0,score,1.94
task4,17850.0,score,1.95
task4,17851.0,score,1.89
task4,17852.0,score,1.85
task4,17853.0,score,1.84
task4,17854.0,score,1.86
task4,17855.0,score,1.86
task4,17856.0,score,1.85
task4,17857.0,score,1.85
task4,17858.0,score,1.83
task4,17859.0,score,1.8
task4,17860.0,score,1.81
task4,17861.0,score,1.83
task4,17862.0,score,1.83
task4,17863.0,score,1.83
task4,17864.0,score,1.85
task4,17865.0,score,1.87
task4,17866.0,score,1.96
task4,17867.0,score,1.95
task4,17868.0,score,1.93
task4,17869.0,score,1.92
task4,17870.0,score,1.97
task4,17871.0,score,1.91
task4,17872.0,score,1.93
task4,17873.0,score,1.95
task4,17874.0,score,1.94
task4,17875.0,score,1.94
task4,17876.0,score,1.93
task4,17877.0,score,1.88
task4,17878.0,score,1.89
task4,17879.0,score,1.88
task4,17880.0,score,1.88
task4,17881.0,score,1.86
task4,17882.0,score,1.84
task4,17883.0,score,1.87
task4,17884.0,score,1.87
task4,17885.0,score,1.87
task4,17886.0,score,1.84
task4,17887.0,score,1.86
task4,17888.0,score,1.85
task4,17889.0,score,1.84
task4,17890.0,score,1.84
task4,17891.0,score,1.84
task4,17892.0,score,1.8
task4,17893.0,score,1.8
task4,17894.0,score,1.76
task4,17895.0,score,1.76
task4,17896.0,score,1.79
task4,17897.0,score,1.81
task4,17898.0,score,1.87
task4,17899.0,score,1.88
task4,17900.0,score,1.88
task4,17901.0,score,1.91
task4,17902.0,score,1.98
task4,17903.0,score,1.97
task4,17904.0,score,1.98
task4,17905.0,score,1.97
task4,17906.0,score,1.97
task4,17907.0,score,1.99
task4,17908.0,score,2.01
task4,17909.0,score,1.99
task4,17910.0,score,2.02
task4,17911.0,score,1.99
task4,17912.0,score,2.0
task4,17913.0,score,2.03
task4,17914.0,score,2.02
task4,17915.0,score,2.0
task4,17916.0,score,2.0
task4,17917.0,score,2.02
task4,17918.0,score,2.01
task4,17919.0,score,1.98
task4,17920.0,score,2.0
task4,17921.0,score,2.02
task4,17922.0,score,2.03
task4,17923.0,score,2.05
task4,17924.0,score,2.07
task4,17925.0,score,2.07
task4,17926.0,score,1.98
task4,17927.0,score,1.99
task4,17928.0,score,2.02
task4,17929.0,score,2.0
task4,17930.0,score,2.03
task4,17931.0,score,2.02
task4,17932.0,score,2.06
task4,17933.0,score,2.05
task4,17934.0,score,2.05
task4,17935.0,score,2.03
task4,17936.0,score,2.01
task4,17937.0,score,2.02
task4,17938.0,score,1.99
task4,17939.0,score,2.01
task4,17940.0,score,2.03
task4,17941.0,score,2.04
task4,17942.0,score,2.04
task4,17943.0,score,2.03
task4,17944.0,score,2.01
task4,17945.0,score,2.0
task4,17946.0,score,1.99
task4,17947.0,score,2.0
task4,17948.0,score,2.0
task4,17949.0,score,2.05
task4,17950.0,score,2.05
task4,17951.0,score,2.05
task4,17952.0,score,2.05
task4,17953.0,score,2.07
task4,17954.0,score,2.01
task4,17955.0,score,2.03
task4,17956.0,score,2.02
task4,17957.0,score,2.01
task4,17958.0,score,2.01
task4,17959.0,score,2.02
task4,17960.0,score,2.02
task4,17961.0,score,2.01
task4,17962.0,score,2.0
task4,17963.0,score,1.99
task4,17964.0,score,1.96
task4,17965.0,score,1.95
task4,17966.0,score,1.84
task4,17967.0,score,1.86
task4,17968.0,score,1.85
task4,17969.0,score,1.85
task4,17970.0,score,1.82
task4,17971.0,score,1.81
task4,17972.0,score,1.8
task4,17973.0,score,1.8
task4,17974.0,score,1.8
task4,17975.0,score,1.81
task4,17976.0,score,1.83
task4,17977.0,score,1.84
task4,17978.0,score,1.88
task4,17979.0,score,1.9
task4,17980.0,score,1.89
task4,17981.0,score,1.89
task4,17982.0,score,1.88
task4,17983.0,score,1.86
task4,17984.0,score,1.85
task4,17985.0,score,1.82
task4,17986.0,score,1.88
task4,17987.0,score,1.92
task4,17988.0,score,1.92
task4,17989.0,score,1.93
task4,17990.0,score,1.91
task4,17991.0,score,1.91
task4,17992.0,score,1.93
task4,17993.0,score,1.96
task4,17994.0,score,1.96
task4,17995.0,score,1.96
task4,17996.0,score,1.94
task4,17997.0,score,1.93
task4,17998.0,score,1.86
task4,17999.0,score,1.84
task4,18000.0,score,1.83
task4,18001.0,score,1.81
task4,18002.0,score,1.76
task4,18003.0,score,1.75
task4,18004.0,score,1.75
task4,18005.0,score,1.75
task4,18006.0,score,1.76
task4,18007.0,score,1.73
task4,18008.0,score,1.72
task4,18009.0,score,1.78
task4,18010.0,score,1.76
task4,18011.0,score,1.78
task4,18012.0,score,1.74
task4,18013.0,score,1.74
task4,18014.0,score,1.75
task4,18015.0,score,1.79
task4,18016.0,score,1.76
task4,18017.0,score,1.77
task4,18018.0,score,1.75
task4,18019.0,score,1.77
task4,18020.0,score,1.74
task4,18021.0,score,1.73
task4,18022.0,score,1.73
task4,18023.0,score,1.73
task4,18024.0,score,1.72
task4,18025.0,score,1.71
task4,18026.0,score,1.72
task4,18027.0,score,1.72
task4,18028.0,score,1.71
task4,18029.0,score,1.71
task4,18030.0,score,1.69
task4,18031.0,score,1.7
task4,18032.0,score,1.67
task4,18033.0,score,1.7
task4,18034.0,score,1.69
task4,18035.0,score,1.72
task4,18036.0,score,1.75
task4,18037.0,score,1.72
task4,18038.0,score,1.74
task4,18039.0,score,1.75
task4,18040.0,score,1.75
task4,18041.0,score,1.74
task4,18042.0,score,1.73
task4,18043.0,score,1.76
task4,18044.0,score,1.77
task4,18045.0,score,1.79
task4,18046.0,score,1.8
task4,18047.0,score,1.78
task4,18048.0,score,1.78
task4,18049.0,score,1.72
task4,18050.0,score,1.73
task4,18051.0,score,1.75
task4,18052.0,score,1.76
task4,18053.0,score,1.76
task4,18054.0,score,1.76
task4,18055.0,score,1.76
task4,18056.0,score,1.76
task4,18057.0,score,1.77
task4,18058.0,score,1.81
task4,18059.0,score,1.81
task4,18060.0,score,1.8
task4,18061.0,score,1.8
task4,18062.0,score,1.82
task4,18063.0,score,1.81
task4,18064.0,score,1.81
task4,18065.0,score,1.79
task4,18066.0,score,1.8
task4,18067.0,score,1.79
task4,18068.0,score,1.79
task4,18069.0,score,1.84
task4,18070.0,score,1.83
task4,18071.0,score,1.85
task4,18072.0,score,1.85
task4,18073.0,score,1.91
task4,18074.0,score,1.97
task4,18075.0,score,1.96
task4,18076.0,score,1.93
task4,18077.0,score,1.95
task4,18078.0,score,1.9
task4,18079.0,score,1.88
task4,18080.0,score,1.94
task4,18081.0,score,1.95
task4,18082.0,score,1.97
task4,18083.0,score,1.99
task4,18084.0,score,1.99
task4,18085.0,score,2.0
task4,18086.0,score,1.94
task4,18087.0,score,1.9
task4,18088.0,score,1.87
task4,18089.0,score,1.86
task4,18090.0,score,1.87
task4,18091.0,score,1.86
task4,18092.0,score,1.84
task4,18093.0,score,1.81
task4,18094.0,score,1.83
task4,18095.0,score,1.83
task4,18096.0,score,1.88
task4,18097.0,score,1.88
task4,18098.0,score,1.94
task4,18099.0,score,1.92
task4,18100.0,score,1.93
task4,18101.0,score,1.93
task4,18102.0,score,1.93
task4,18103.0,score,1.94
task4,18104.0,score,1.91
task4,18105.0,score,1.91
task4,18106.0,score,1.92
task4,18107.0,score,1.92
task4,18108.0,score,1.99
task4,18109.0,score,1.94
task4,18110.0,score,1.94
task4,18111.0,score,1.92
task4,18112.0,score,1.94
task4,18113.0,score,1.92
task4,18114.0,score,1.91
task4,18115.0,score,1.89
task4,18116.0,score,1.94
task4,18117.0,score,1.92
task4,18118.0,score,1.93
task4,18119.0,score,1.93
task4,18120.0,score,1.97
task4,18121.0,score,1.97
task4,18122.0,score,1.96
task4,18123.0,score,1.96
task4,18124.0,score,1.96
task4,18125.0,score,1.98
task4,18126.0,score,1.99
task4,18127.0,score,2.02
task4,18128.0,score,2.02
task4,18129.0,score,2.02
task4,18130.0,score,2.06
task4,18131.0,score,2.07
task4,18132.0,score,2.08
task4,18133.0,score,2.08
task4,18134.0,score,2.07
task4,18135.0,score,2.05
task4,18136.0,score,2.03
task4,18137.0,score,2.06
task4,18138.0,score,2.04
task4,18139.0,score,2.01
task4,18140.0,score,1.99
task4,18141.0,score,2.03
task4,18142.0,score,2.03
task4,18143.0,score,2.01
task4,18144.0,score,2.01
task4,18145.0,score,2.02
task4,18146.0,score,2.01
task4,18147.0,score,2.06
task4,18148.0,score,2.06
task4,18149.0,score,2.07
task4,18150.0,score,2.08
task4,18151.0,score,2.07
task4,18152.0,score,2.07
task4,18153.0,score,2.09
task4,18154.0,score,2.11
task4,18155.0,score,2.11
task4,18156.0,score,2.11
task4,18157.0,score,2.1
task4,18158.0,score,2.07
task4,18159.0,score,2.1
task4,18160.0,score,2.11
task4,18161.0,score,2.1
task4,18162.0,score,2.08
task4,18163.0,score,2.1
task4,18164.0,score,2.1
task4,18165.0,score,2.12
task4,18166.0,score,2.11
task4,18167.0,score,2.18
task4,18168.0,score,2.2
task4,18169.0,score,2.15
task4,18170.0,score,2.13
task4,18171.0,score,2.13
task4,18172.0,score,2.12
task4,18173.0,score,2.04
task4,18174.0,score,1.99
task4,18175.0,score,1.99
task4,18176.0,score,2.02
task4,18177.0,score,1.99
task4,18178.0,score,1.98
task4,18179.0,score,2.04
task4,18180.0,score,2.01
task4,18181.0,score,1.99
task4,18182.0,score,1.98
task4,18183.0,score,1.98
task4,18184.0,score,2.01
task4,18185.0,score,2.05
task4,18186.0,score,2.06
task4,18187.0,score,2.06
task4,18188.0,score,2.07
task4,18189.0,score,2.09
task4,18190.0,score,2.09
task4,18191.0,score,2.09
task4,18192.0,score,2.1
task4,18193.0,score,2.1
task4,18194.0,score,2.08
task4,18195.0,score,2.1
task4,18196.0,score,2.04
task4,18197.0,score,2.05
task4,18198.0,score,1.99
task4,18199.0,score,1.99
task4,18200.0,score,2.0
task4,18201.0,score,2.01
task4,18202.0,score,2.06
task4,18203.0,score,2.11
task4,18204.0,score,2.14
task4,18205.0,score,2.14
task4,18206.0,score,2.12
task4,18207.0,score,2.13
task4,18208.0,score,2.05
task4,18209.0,score,2.06
task4,18210.0,score,2.07
task4,18211.0,score,2.1
task4,18212.0,score,2.08
task4,18213.0,score,2.06
task4,18214.0,score,2.06
task4,18215.0,score,2.05
task4,18216.0,score,2.02
task4,18217.0,score,2.03
task4,18218.0,score,2.04
task4,18219.0,score,2.03
task4,18220.0,score,2.01
task4,18221.0,score,2.01
task4,18222.0,score,2.01
task4,18223.0,score,2.01
task4,18224.0,score,2.0
task4,18225.0,score,2.0
task4,18226.0,score,1.98
task4,18227.0,score,1.93
task4,18228.0,score,1.97
task4,18229.0,score,2.03
task4,18230.0,score,1.99
task4,18231.0,score,1.97
task4,18232.0,score,1.96
task4,18233.0,score,1.95
task4,18234.0,score,1.95
task4,18235.0,score,1.95
task4,18236.0,score,1.95
task4,18237.0,score,1.92
task4,18238.0,score,1.93
task4,18239.0,score,2.0
task4,18240.0,score,2.03
task4,18241.0,score,1.98
task4,18242.0,score,2.05
task4,18243.0,score,2.07
task4,18244.0,score,2.08
task4,18245.0,score,2.13
task4,18246.0,score,2.14
task4,18247.0,score,2.11
task4,18248.0,score,2.12
task4,18249.0,score,2.15
task4,18250.0,score,2.13
task4,18251.0,score,2.11
task4,18252.0,score,2.13
task4,18253.0,score,2.1
task4,18254.0,score,2.15
task4,18255.0,score,2.13
task4,18256.0,score,2.12
task4,18257.0,score,2.13
task4,18258.0,score,2.12
task4,18259.0,score,2.09
task4,18260.0,score,2.1
task4,18261.0,score,2.12
task4,18262.0,score,2.12
task4,18263.0,score,2.14
task4,18264.0,score,2.14
task4,18265.0,score,2.13
task4,18266.0,score,2.22
task4,18267.0,score,2.27
task4,18268.0,score,2.25
task4,18269.0,score,2.26
task4,18270.0,score,2.31
task4,18271.0,score,2.31
task4,18272.0,score,2.31
task4,18273.0,score,2.33
task4,18274.0,score,2.33
task4,18275.0,score,2.35
task4,18276.0,score,2.33
task4,18277.0,score,2.36
task4,18278.0,score,2.36
task4,18279.0,score,2.37
task4,18280.0,score,2.35
task4,18281.0,score,2.4
task4,18282.0,score,2.42
task4,18283.0,score,2.42
task4,18284.0,score,2.39
task4,18285.0,score,2.37
task4,18286.0,score,2.41
task4,18287.0,score,2.39
task4,18288.0,score,2.41
task4,18289.0,score,2.41
task4,18290.0,score,2.4
task4,18291.0,score,2.4
task4,18292.0,score,2.4
task4,18293.0,score,2.41
task4,18294.0,score,2.43
task4,18295.0,score,2.43
task4,18296.0,score,2.45
task4,18297.0,score,2.46
task4,18298.0,score,2.46
task4,18299.0,score,2.47
task4,18300.0,score,2.45
task4,18301.0,score,2.42
task4,18302.0,score,2.38
task4,18303.0,score,2.33
task4,18304.0,score,2.31
task4,18305.0,score,2.29
task4,18306.0,score,2.33
task4,18307.0,score,2.43
task4,18308.0,score,2.45
task4,18309.0,score,2.45
task4,18310.0,score,2.46
task4,18311.0,score,2.47
task4,18312.0,score,2.49
task4,18313.0,score,2.51
task4,18314.0,score,2.52
task4,18315.0,score,2.51
task4,18316.0,score,2.52
task4,18317.0,score,2.52
task4,18318.0,score,2.53
task4,18319.0,score,2.54
task4,18320.0,score,2.55
task4,18321.0,score,2.56
task4,18322.0,score,2.55
task4,18323.0,score,2.54
task4,18324.0,score,2.6
task4,18325.0,score,2.6
task4,18326.0,score,2.63
task4,18327.0,score,2.63
task4,18328.0,score,2.58
task4,18329.0,score,2.58
task4,18330.0,score,2.58
task4,18331.0,score,2.66
task4,18332.0,score,2.68
task4,18333.0,score,2.69
task4,18334.0,score,2.72
task4,18335.0,score,2.73
task4,18336.0,score,2.72
task4,18337.0,score,2.75
task4,18338.0,score,2.77
task4,18339.0,score,2.73
task4,18340.0,score,2.71
task4,18341.0,score,2.79
task4,18342.0,score,2.75
task4,18343.0,score,2.75
task4,18344.0,score,2.74
task4,18345.0,score,2.67
task4,18346.0,score,2.66
task4,18347.0,score,2.67
task4,18348.0,score,2.66
task4,18349.0,score,2.6
task4,18350.0,score,2.62
task4,18351.0,score,2.65
task4,18352.0,score,2.62
task4,18353.0,score,2.64
task4,18354.0,score,2.6
task4,18355.0,score,2.61
task4,18356.0,score,2.64
task4,18357.0,score,2.62
task4,18358.0,score,2.64
task4,18359.0,score,2.64
task4,18360.0,score,2.62
task4,18361.0,score,2.6
task4,18362.0,score,2.6
task4,18363.0,score,2.58
task4,18364.0,score,2.57
task4,18365.0,score,2.58
task4,18366.0,score,2.48
task4,18367.0,score,2.41
task4,18368.0,score,2.48
task4,18369.0,score,2.48
task4,18370.0,score,2.45
task4,18371.0,score,2.43
task4,18372.0,score,2.44
task4,18373.0,score,2.42
task4,18374.0,score,2.41
task4,18375.0,score,2.4
task4,18376.0,score,2.4
task4,18377.0,score,2.38
task4,18378.0,score,2.4
task4,18379.0,score,2.32
task4,18380.0,score,2.32
task4,18381.0,score,2.28
task4,18382.0,score,2.24
task4,18383.0,score,2.23
task4,18384.0,score,2.24
task4,18385.0,score,2.21
task4,18386.0,score,2.19
task4,18387.0,score,2.22
task4,18388.0,score,2.21
task4,18389.0,score,2.21
task4,18390.0,score,2.23
task4,18391.0,score,2.29
task4,18392.0,score,2.28
task4,18393.0,score,2.29
task4,18394.0,score,2.29
task4,18395.0,score,2.28
task4,18396.0,score,2.29
task4,18397.0,score,2.29
task4,18398.0,score,2.3
task4,18399.0,score,2.31
task4,18400.0,score,2.31
task4,18401.0,score,2.32
task4,18402.0,score,2.3
task4,18403.0,score,2.29
task4,18404.0,score,2.31
task4,18405.0,score,2.34
task4,18406.0,score,2.32
task4,18407.0,score,2.24
task4,18408.0,score,2.23
task4,18409.0,score,2.22
task4,18410.0,score,2.19
task4,18411.0,score,2.2
task4,18412.0,score,2.18
task4,18413.0,score,2.19
task4,18414.0,score,2.2
task4,18415.0,score,2.22
task4,18416.0,score,2.19
task4,18417.0,score,2.18
task4,18418.0,score,2.17
task4,18419.0,score,2.21
task4,18420.0,score,2.18
task4,18421.0,score,2.19
task4,18422.0,score,2.22
task4,18423.0,score,2.22
task4,18424.0,score,2.17
task4,18425.0,score,2.17
task4,18426.0,score,2.17
task4,18427.0,score,2.21
task4,18428.0,score,2.2
task4,18429.0,score,2.18
task4,18430.0,score,2.2
task4,18431.0,score,2.12
task4,18432.0,score,2.09
task4,18433.0,score,2.1
task4,18434.0,score,2.08
task4,18435.0,score,2.09
task4,18436.0,score,2.14
task4,18437.0,score,2.13
task4,18438.0,score,2.14
task4,18439.0,score,2.13
task4,18440.0,score,2.13
task4,18441.0,score,2.07
task4,18442.0,score,2.06
task4,18443.0,score,2.06
task4,18444.0,score,2.07
task4,18445.0,score,2.08
task4,18446.0,score,2.07
task4,18447.0,score,2.05
task4,18448.0,score,2.06
task4,18449.0,score,2.07
task4,18450.0,score,2.07
task4,18451.0,score,2.06
task4,18452.0,score,2.06
task4,18453.0,score,2.04
task4,18454.0,score,2.01
task4,18455.0,score,2.02
task4,18456.0,score,2.0
task4,18457.0,score,2.02
task4,18458.0,score,2.01
task4,18459.0,score,2.05
task4,18460.0,score,2.07
task4,18461.0,score,2.09
task4,18462.0,score,2.15
task4,18463.0,score,2.13
task4,18464.0,score,2.16
task4,18465.0,score,2.15
task4,18466.0,score,2.16
task4,18467.0,score,2.11
task4,18468.0,score,2.05
task4,18469.0,score,2.04
task4,18470.0,score,2.04
task4,18471.0,score,2.05
task4,18472.0,score,2.04
task4,18473.0,score,2.07
task4,18474.0,score,2.06
task4,18475.0,score,2.12
task4,18476.0,score,2.11
task4,18477.0,score,2.12
task4,18478.0,score,2.15
task4,18479.0,score,2.16
task4,18480.0,score,2.17
task4,18481.0,score,2.17
task4,18482.0,score,2.17
task4,18483.0,score,2.16
task4,18484.0,score,2.16
task4,18485.0,score,2.18
task4,18486.0,score,2.29
task4,18487.0,score,2.27
task4,18488.0,score,2.27
task4,18489.0,score,2.27
task4,18490.0,score,2.26
task4,18491.0,score,2.21
task4,18492.0,score,2.23
task4,18493.0,score,2.23
task4,18494.0,score,2.23
task4,18495.0,score,2.22
task4,18496.0,score,2.22
task4,18497.0,score,2.26
task4,18498.0,score,2.23
task4,18499.0,score,2.22
task4,18500.0,score,2.22
task4,18501.0,score,2.21
task4,18502.0,score,2.2
task4,18503.0,score,2.21
task4,18504.0,score,2.2
task4,18505.0,score,2.17
task4,18506.0,score,2.2
task4,18507.0,score,2.18
task4,18508.0,score,2.2
task4,18509.0,score,2.21
task4,18510.0,score,2.23
task4,18511.0,score,2.19
task4,18512.0,score,2.23
task4,18513.0,score,2.23
task4,18514.0,score,2.21
task4,18515.0,score,2.21
task4,18516.0,score,2.23
task4,18517.0,score,2.22
task4,18518.0,score,2.24
task4,18519.0,score,2.19
task4,18520.0,score,2.2
task4,18521.0,score,2.2
task4,18522.0,score,2.19
task4,18523.0,score,2.23
task4,18524.0,score,2.23
task4,18525.0,score,2.21
task4,18526.0,score,2.17
task4,18527.0,score,2.14
task4,18528.0,score,2.17
task4,18529.0,score,2.13
task4,18530.0,score,2.11
task4,18531.0,score,2.1
task4,18532.0,score,2.14
task4,18533.0,score,2.13
task4,18534.0,score,2.14
task4,18535.0,score,2.11
task4,18536.0,score,2.08
task4,18537.0,score,2.08
task4,18538.0,score,2.05
task4,18539.0,score,2.11
task4,18540.0,score,2.12
task4,18541.0,score,2.13
task4,18542.0,score,2.14
task4,18543.0,score,2.18
task4,18544.0,score,2.17
task4,18545.0,score,2.16
task4,18546.0,score,2.2
task4,18547.0,score,2.21
task4,18548.0,score,2.2
task4,18549.0,score,2.25
task4,18550.0,score,2.24
task4,18551.0,score,2.22
task4,18552.0,score,2.23
task4,18553.0,score,2.23
task4,18554.0,score,2.25
task4,18555.0,score,2.26
task4,18556.0,score,2.28
task4,18557.0,score,2.29
task4,18558.0,score,2.29
task4,18559.0,score,2.25
task4,18560.0,score,2.24
task4,18561.0,score,2.21
task4,18562.0,score,2.16
task4,18563.0,score,2.18
task4,18564.0,score,2.15
task4,18565.0,score,2.16
task4,18566.0,score,2.18
task4,18567.0,score,2.19
task4,18568.0,score,2.17
task4,18569.0,score,2.17
task4,18570.0,score,2.18
task4,18571.0,score,2.16
task4,18572.0,score,2.15
task4,18573.0,score,2.16
task4,18574.0,score,2.16
task4,18575.0,score,2.12
task4,18576.0,score,2.16
task4,18577.0,score,2.2
task4,18578.0,score,2.18
task4,18579.0,score,2.18
task4,18580.0,score,2.2
task4,18581.0,score,2.2
task4,18582.0,score,2.21
task4,18583.0,score,2.21
task4,18584.0,score,2.21
task4,18585.0,score,2.22
task4,18586.0,score,2.14
task4,18587.0,score,2.15
task4,18588.0,score,2.15
task4,18589.0,score,2.14
task4,18590.0,score,2.15
task4,18591.0,score,2.14
task4,18592.0,score,2.14
task4,18593.0,score,2.13
task4,18594.0,score,2.12
task4,18595.0,score,2.15
task4,18596.0,score,2.12
task4,18597.0,score,2.06
task4,18598.0,score,2.07
task4,18599.0,score,2.07
task4,18600.0,score,2.06
task4,18601.0,score,2.09
task4,18602.0,score,2.12
task4,18603.0,score,2.11
task4,18604.0,score,2.11
task4,18605.0,score,2.12
task4,18606.0,score,2.08
task4,18607.0,score,2.08
task4,18608.0,score,2.07
task4,18609.0,score,2.05
task4,18610.0,score,2.03
task4,18611.0,score,2.06
task4,18612.0,score,2.03
task4,18613.0,score,2.0
task4,18614.0,score,2.02
task4,18615.0,score,2.03
task4,18616.0,score,2.04
task4,18617.0,score,2.04
task4,18618.0,score,2.06
task4,18619.0,score,2.06
task4,18620.0,score,2.07
task4,18621.0,score,2.05
task4,18622.0,score,2.03
task4,18623.0,score,1.99
task4,18624.0,score,1.99
task4,18625.0,score,1.99
task4,18626.0,score,2.02
task4,18627.0,score,2.06
task4,18628.0,score,2.07
task4,18629.0,score,2.09
task4,18630.0,score,2.12
task4,18631.0,score,2.12
task4,18632.0,score,2.11
task4,18633.0,score,2.1
task4,18634.0,score,2.11
task4,18635.0,score,2.12
task4,18636.0,score,2.11
task4,18637.0,score,2.1
task4,18638.0,score,2.1
task4,18639.0,score,2.05
task4,18640.0,score,2.08
task4,18641.0,score,2.07
task4,18642.0,score,2.05
task4,18643.0,score,1.98
task4,18644.0,score,1.98
task4,18645.0,score,2.0
task4,18646.0,score,1.96
task4,18647.0,score,1.97
task4,18648.0,score,1.95
task4,18649.0,score,1.9
task4,18650.0,score,1.93
task4,18651.0,score,1.96
task4,18652.0,score,1.99
task4,18653.0,score,1.99
task4,18654.0,score,1.97
task4,18655.0,score,1.96
task4,18656.0,score,1.98
task4,18657.0,score,1.99
task4,18658.0,score,1.97
task4,18659.0,score,1.97
task4,18660.0,score,1.96
task4,18661.0,score,2.0
task4,18662.0,score,2.01
task4,18663.0,score,1.99
task4,18664.0,score,2.0
task4,18665.0,score,2.0
task4,18666.0,score,2.0
task4,18667.0,score,1.99
task4,18668.0,score,2.01
task4,18669.0,score,1.99
task4,18670.0,score,2.01
task4,18671.0,score,2.02
task4,18672.0,score,2.03
task4,18673.0,score,1.99
task4,18674.0,score,1.99
task4,18675.0,score,1.96
task4,18676.0,score,1.94
task4,18677.0,score,1.88
task4,18678.0,score,1.87
task4,18679.0,score,1.88
task4,18680.0,score,1.85
task4,18681.0,score,1.84
task4,18682.0,score,1.83
task4,18683.0,score,1.86
task4,18684.0,score,1.87
task4,18685.0,score,1.85
task4,18686.0,score,1.79
task4,18687.0,score,1.8
task4,18688.0,score,1.78
task4,18689.0,score,1.86
task4,18690.0,score,1.85
task4,18691.0,score,1.87
task4,18692.0,score,1.86
task4,18693.0,score,1.88
task4,18694.0,score,1.88
task4,18695.0,score,1.87
task4,18696.0,score,1.88
task4,18697.0,score,1.9
task4,18698.0,score,1.89
task4,18699.0,score,1.91
task4,18700.0,score,1.93
task4,18701.0,score,1.93
task4,18702.0,score,1.91
task4,18703.0,score,1.91
task4,18704.0,score,1.93
task4,18705.0,score,1.95
task4,18706.0,score,1.93
task4,18707.0,score,1.93
task4,18708.0,score,1.9
task4,18709.0,score,1.9
task4,18710.0,score,1.9
task4,18711.0,score,1.88
task4,18712.0,score,1.88
task4,18713.0,score,1.92
task4,18714.0,score,1.9
task4,18715.0,score,1.88
task4,18716.0,score,1.86
task4,18717.0,score,1.89
task4,18718.0,score,1.83
task4,18719.0,score,1.84
task4,18720.0,score,1.85
task4,18721.0,score,1.84
task4,18722.0,score,1.84
task4,18723.0,score,1.84
task4,18724.0,score,1.84
task4,18725.0,score,1.88
task4,18726.0,score,1.87
task4,18727.0,score,1.85
task4,18728.0,score,1.83
task4,18729.0,score,1.83
task4,18730.0,score,1.8
task4,18731.0,score,1.8
task4,18732.0,score,1.77
task4,18733.0,score,1.78
task4,18734.0,score,1.76
task4,18735.0,score,1.75
task4,18736.0,score,1.77
task4,18737.0,score,1.82
task4,18738.0,score,1.83
task4,18739.0,score,1.8
task4,18740.0,score,1.76
task4,18741.0,score,1.75
task4,18742.0,score,1.77
task4,18743.0,score,1.77
task4,18744.0,score,1.76
task4,18745.0,score,1.76
task4,18746.0,score,1.79
task4,18747.0,score,1.78
task4,18748.0,score,1.8
task4,18749.0,score,1.81
task4,18750.0,score,1.78
task4,18751.0,score,1.76
task4,18752.0,score,1.72
task4,18753.0,score,1.71
task4,18754.0,score,1.75
task4,18755.0,score,1.75
task4,18756.0,score,1.72
task4,18757.0,score,1.69
task4,18758.0,score,1.78
task4,18759.0,score,1.77
task4,18760.0,score,1.78
task4,18761.0,score,1.75
task4,18762.0,score,1.72
task4,18763.0,score,1.72
task4,18764.0,score,1.74
task4,18765.0,score,1.72
task4,18766.0,score,1.71
task4,18767.0,score,1.71
task4,18768.0,score,1.7
task4,18769.0,score,1.72
task4,18770.0,score,1.69
task4,18771.0,score,1.69
task4,18772.0,score,1.69
task4,18773.0,score,1.7
task4,18774.0,score,1.72
task4,18775.0,score,1.74
task4,18776.0,score,1.75
task4,18777.0,score,1.74
task4,18778.0,score,1.75
task4,18779.0,score,1.73
task4,18780.0,score,1.76
task4,18781.0,score,1.78
task4,18782.0,score,1.82
task4,18783.0,score,1.79
task4,18784.0,score,1.79
task4,18785.0,score,1.8
task4,18786.0,score,1.8
task4,18787.0,score,1.79
task4,18788.0,score,1.81
task4,18789.0,score,1.73
task4,18790.0,score,1.71
task4,18791.0,score,1.68
task4,18792.0,score,1.71
task4,18793.0,score,1.69
task4,18794.0,score,1.68
task4,18795.0,score,1.69
task4,18796.0,score,1.69
task4,18797.0,score,1.68
task4,18798.0,score,1.74
task4,18799.0,score,1.72
task4,18800.0,score,1.71
task4,18801.0,score,1.68
task4,18802.0,score,1.68
task4,18803.0,score,1.72
task4,18804.0,score,1.68
task4,18805.0,score,1.67
task4,18806.0,score,1.7
task4,18807.0,score,1.69
task4,18808.0,score,1.71
task4,18809.0,score,1.72
task4,18810.0,score,1.74
task4,18811.0,score,1.73
task4,18812.0,score,1.76
task4,18813.0,score,1.73
task4,18814.0,score,1.73
task4,18815.0,score,1.74
task4,18816.0,score,1.79
task4,18817.0,score,1.76
task4,18818.0,score,1.81
task4,18819.0,score,1.79
task4,18820.0,score,1.77
task4,18821.0,score,1.78
task4,18822.0,score,1.8
task4,18823.0,score,1.79
task4,18824.0,score,1.81
task4,18825.0,score,1.77
task4,18826.0,score,1.78
task4,18827.0,score,1.77
task4,18828.0,score,1.76
task4,18829.0,score,1.83
task4,18830.0,score,1.85
task4,18831.0,score,1.88
task4,18832.0,score,1.89
task4,18833.0,score,1.92
task4,18834.0,score,1.93
task4,18835.0,score,1.97
task4,18836.0,score,1.97
task4,18837.0,score,1.94
task4,18838.0,score,1.96
task4,18839.0,score,1.99
task4,18840.0,score,2.0
task4,18841.0,score,1.99
task4,18842.0,score,1.97
task4,18843.0,score,2.11
task4,18844.0,score,2.12
task4,18845.0,score,2.11
task4,18846.0,score,2.1
task4,18847.0,score,2.09
task4,18848.0,score,2.07
task4,18849.0,score,2.06
task4,18850.0,score,2.07
task4,18851.0,score,2.08
task4,18852.0,score,2.15
task4,18853.0,score,2.18
task4,18854.0,score,2.21
task4,18855.0,score,2.19
task4,18856.0,score,2.22
task4,18857.0,score,2.24
task4,18858.0,score,2.17
task4,18859.0,score,2.19
task4,18860.0,score,2.19
task4,18861.0,score,2.22
task4,18862.0,score,2.24
task4,18863.0,score,2.24
task4,18864.0,score,2.22
task4,18865.0,score,2.25
task4,18866.0,score,2.26
task4,18867.0,score,2.27
task4,18868.0,score,2.27
task4,18869.0,score,2.27
task4,18870.0,score,2.26
task4,18871.0,score,2.32
task4,18872.0,score,2.32
task4,18873.0,score,2.31
task4,18874.0,score,2.3
task4,18875.0,score,2.32
task4,18876.0,score,2.32
task4,18877.0,score,2.37
task4,18878.0,score,2.36
task4,18879.0,score,2.41
task4,18880.0,score,2.41
task4,18881.0,score,2.4
task4,18882.0,score,2.38
task4,18883.0,score,2.41
task4,18884.0,score,2.42
task4,18885.0,score,2.42
task4,18886.0,score,2.42
task4,18887.0,score,2.41
task4,18888.0,score,2.4
task4,18889.0,score,2.4
task4,18890.0,score,2.41
task4,18891.0,score,2.43
task4,18892.0,score,2.42
task4,18893.0,score,2.43
task4,18894.0,score,2.43
task4,18895.0,score,2.44
task4,18896.0,score,2.44
task4,18897.0,score,2.44
task4,18898.0,score,2.38
task4,18899.0,score,2.38
task4,18900.0,score,2.42
task4,18901.0,score,2.45
task4,18902.0,score,2.45
task4,18903.0,score,2.42
task4,18904.0,score,2.43
task4,18905.0,score,2.43
task4,18906.0,score,2.4
task4,18907.0,score,2.43
task4,18908.0,score,2.42
task4,18909.0,score,2.47
task4,18910.0,score,2.48
task4,18911.0,score,2.47
task4,18912.0,score,2.44
task4,18913.0,score,2.44
task4,18914.0,score,2.44
task4,18915.0,score,2.49
task4,18916.0,score,2.44
task4,18917.0,score,2.45
task4,18918.0,score,2.41
task4,18919.0,score,2.43
task4,18920.0,score,2.43
task4,18921.0,score,2.45
task4,18922.0,score,2.44
task4,18923.0,score,2.48
task4,18924.0,score,2.47
task4,18925.0,score,2.49
task4,18926.0,score,2.54
task4,18927.0,score,2.53
task4,18928.0,score,2.52
task4,18929.0,score,2.44
task4,18930.0,score,2.43
task4,18931.0,score,2.43
task4,18932.0,score,2.47
task4,18933.0,score,2.42
task4,18934.0,score,2.45
task4,18935.0,score,2.41
task4,18936.0,score,2.38
task4,18937.0,score,2.37
task4,18938.0,score,2.35
task4,18939.0,score,2.34
task4,18940.0,score,2.36
task4,18941.0,score,2.37
task4,18942.0,score,2.39
task4,18943.0,score,2.26
task4,18944.0,score,2.33
task4,18945.0,score,2.32
task4,18946.0,score,2.36
task4,18947.0,score,2.44
task4,18948.0,score,2.46
task4,18949.0,score,2.46
task4,18950.0,score,2.46
task4,18951.0,score,2.44
task4,18952.0,score,2.4
task4,18953.0,score,2.39
task4,18954.0,score,2.33
task4,18955.0,score,2.4
task4,18956.0,score,2.38
task4,18957.0,score,2.35
task4,18958.0,score,2.36
task4,18959.0,score,2.34
task4,18960.0,score,2.34
task4,18961.0,score,2.33
task4,18962.0,score,2.31
task4,18963.0,score,2.31
task4,18964.0,score,2.32
task4,18965.0,score,2.29
task4,18966.0,score,2.32
task4,18967.0,score,2.33
task4,18968.0,score,2.34
task4,18969.0,score,2.4
task4,18970.0,score,2.39
task4,18971.0,score,2.34
task4,18972.0,score,2.34
task4,18973.0,score,2.34
task4,18974.0,score,2.34
task4,18975.0,score,2.3
task4,18976.0,score,2.29
task4,18977.0,score,2.28
task4,18978.0,score,2.26
task4,18979.0,score,2.22
task4,18980.0,score,2.19
task4,18981.0,score,2.18
task4,18982.0,score,2.19
task4,18983.0,score,2.15
task4,18984.0,score,2.11
task4,18985.0,score,2.11
task4,18986.0,score,2.11
task4,18987.0,score,2.12
task4,18988.0,score,2.13
task4,18989.0,score,2.2
task4,18990.0,score,2.21
task4,18991.0,score,2.2
task4,18992.0,score,2.18
task4,18993.0,score,2.19
task4,18994.0,score,2.24
task4,18995.0,score,2.23
task4,18996.0,score,2.23
task4,18997.0,score,2.24
task4,18998.0,score,2.26
task4,18999.0,score,2.26
task4,19000.0,score,2.22
task4,19001.0,score,2.2
task4,19002.0,score,2.21
task4,19003.0,score,2.21
task4,19004.0,score,2.21
task4,19005.0,score,2.21
task4,19006.0,score,2.22
task4,19007.0,score,2.21
task4,19008.0,score,2.23
task4,19009.0,score,2.18
task4,19010.0,score,2.18
task4,19011.0,score,2.2
task4,19012.0,score,2.19
task4,19013.0,score,2.19
task4,19014.0,score,2.25
task4,19015.0,score,2.21
task4,19016.0,score,2.21
task4,19017.0,score,2.23
task4,19018.0,score,2.23
task4,19019.0,score,2.24
task4,19020.0,score,2.25
task4,19021.0,score,2.24
task4,19022.0,score,2.23
task4,19023.0,score,2.22
task4,19024.0,score,2.2
task4,19025.0,score,2.18
task4,19026.0,score,2.12
task4,19027.0,score,2.12
task4,19028.0,score,2.12
task4,19029.0,score,2.13
task4,19030.0,score,2.13
task4,19031.0,score,2.13
task4,19032.0,score,2.1
task4,19033.0,score,2.09
task4,19034.0,score,2.07
task4,19035.0,score,2.07
task4,19036.0,score,2.09
task4,19037.0,score,2.11
task4,19038.0,score,2.11
task4,19039.0,score,2.14
task4,19040.0,score,2.1
task4,19041.0,score,2.11
task4,19042.0,score,2.1
task4,19043.0,score,2.1
task4,19044.0,score,2.04
task4,19045.0,score,2.12
task4,19046.0,score,2.1
task4,19047.0,score,2.01
task4,19048.0,score,2.05
task4,19049.0,score,2.05
task4,19050.0,score,2.05
task4,19051.0,score,2.05
task4,19052.0,score,2.06
task4,19053.0,score,2.04
task4,19054.0,score,2.04
task4,19055.0,score,2.0
task4,19056.0,score,1.98
task4,19057.0,score,1.99
task4,19058.0,score,1.99
task4,19059.0,score,2.0
task4,19060.0,score,1.99
task4,19061.0,score,1.98
task4,19062.0,score,1.98
task4,19063.0,score,2.0
task4,19064.0,score,1.98
task4,19065.0,score,2.0
task4,19066.0,score,1.96
task4,19067.0,score,1.95
task4,19068.0,score,1.97
task4,19069.0,score,1.92
task4,19070.0,score,1.93
task4,19071.0,score,1.93
task4,19072.0,score,1.94
task4,19073.0,score,1.97
task4,19074.0,score,1.96
task4,19075.0,score,1.97
task4,19076.0,score,1.97
task4,19077.0,score,1.95
task4,19078.0,score,2.02
task4,19079.0,score,2.02
task4,19080.0,score,2.01
task4,19081.0,score,2.04
task4,19082.0,score,2.06
task4,19083.0,score,2.07
task4,19084.0,score,2.11
task4,19085.0,score,2.11
task4,19086.0,score,2.11
task4,19087.0,score,2.12
task4,19088.0,score,2.1
task4,19089.0,score,2.05
task4,19090.0,score,2.05
task4,19091.0,score,2.05
task4,19092.0,score,2.12
task4,19093.0,score,2.13
task4,19094.0,score,2.1
task4,19095.0,score,2.09
task4,19096.0,score,2.09
task4,19097.0,score,2.07
task4,19098.0,score,2.09
task4,19099.0,score,2.11
task4,19100.0,score,2.1
task4,19101.0,score,2.1
task4,19102.0,score,2.1
task4,19103.0,score,2.08
task4,19104.0,score,2.11
task4,19105.0,score,2.12
task4,19106.0,score,2.13
task4,19107.0,score,2.12
task4,19108.0,score,2.12
task4,19109.0,score,2.13
task4,19110.0,score,2.11
task4,19111.0,score,2.1
task4,19112.0,score,2.1
task4,19113.0,score,2.1
task4,19114.0,score,2.04
task4,19115.0,score,2.02
task4,19116.0,score,2.01
task4,19117.0,score,1.98
task4,19118.0,score,1.97
task4,19119.0,score,1.96
task4,19120.0,score,1.98
task4,19121.0,score,1.97
task4,19122.0,score,1.97
task4,19123.0,score,1.96
task4,19124.0,score,1.98
task4,19125.0,score,2.0
task4,19126.0,score,2.0
task4,19127.0,score,2.02
task4,19128.0,score,2.04
task4,19129.0,score,2.04
task4,19130.0,score,2.06
task4,19131.0,score,2.03
task4,19132.0,score,2.03
task4,19133.0,score,2.03
task4,19134.0,score,2.03
task4,19135.0,score,2.06
task4,19136.0,score,2.1
task4,19137.0,score,2.09
task4,19138.0,score,2.09
task4,19139.0,score,2.04
task4,19140.0,score,2.04
task4,19141.0,score,2.05
task4,19142.0,score,2.03
task4,19143.0,score,2.06
task4,19144.0,score,2.05
task4,19145.0,score,1.98
task4,19146.0,score,1.99
task4,19147.0,score,2.01
task4,19148.0,score,2.0
task4,19149.0,score,2.0
task4,19150.0,score,2.04
task4,19151.0,score,2.06
task4,19152.0,score,2.02
task4,19153.0,score,2.04
task4,19154.0,score,2.03
task4,19155.0,score,2.0
task4,19156.0,score,2.0
task4,19157.0,score,2.0
task4,19158.0,score,1.99
task4,19159.0,score,2.0
task4,19160.0,score,2.0
task4,19161.0,score,1.98
task4,19162.0,score,1.98
task4,19163.0,score,2.01
task4,19164.0,score,2.01
task4,19165.0,score,2.02
task4,19166.0,score,2.02
task4,19167.0,score,2.05
task4,19168.0,score,2.02
task4,19169.0,score,2.01
task4,19170.0,score,2.01
task4,19171.0,score,1.99
task4,19172.0,score,1.98
task4,19173.0,score,1.97
task4,19174.0,score,1.97
task4,19175.0,score,1.95
task4,19176.0,score,1.94
task4,19177.0,score,1.95
task4,19178.0,score,1.88
task4,19179.0,score,1.89
task4,19180.0,score,1.9
task4,19181.0,score,1.9
task4,19182.0,score,1.88
task4,19183.0,score,1.87
task4,19184.0,score,1.85
task4,19185.0,score,1.86
task4,19186.0,score,1.86
task4,19187.0,score,1.84
task4,19188.0,score,1.85
task4,19189.0,score,1.84
task4,19190.0,score,1.83
task4,19191.0,score,1.82
task4,19192.0,score,1.78
task4,19193.0,score,1.8
task4,19194.0,score,1.8
task4,19195.0,score,1.82
task4,19196.0,score,1.82
task4,19197.0,score,1.91
task4,19198.0,score,1.94
task4,19199.0,score,1.95
task4,19200.0,score,1.98
task4,19201.0,score,1.97
task4,19202.0,score,1.97
task4,19203.0,score,1.99
task4,19204.0,score,1.99
task4,19205.0,score,1.98
task4,19206.0,score,1.96
task4,19207.0,score,1.96
task4,19208.0,score,1.96
task4,19209.0,score,2.01
task4,19210.0,score,2.0
task4,19211.0,score,2.0
task4,19212.0,score,2.03
task4,19213.0,score,2.03
task4,19214.0,score,2.02
task4,19215.0,score,2.05
task4,19216.0,score,2.05
task4,19217.0,score,2.05
task4,19218.0,score,2.09
task4,19219.0,score,2.11
task4,19220.0,score,2.09
task4,19221.0,score,2.1
task4,19222.0,score,2.18
task4,19223.0,score,2.17
task4,19224.0,score,2.18
task4,19225.0,score,2.17
task4,19226.0,score,2.16
task4,19227.0,score,2.14
task4,19228.0,score,2.14
task4,19229.0,score,2.12
task4,19230.0,score,2.1
task4,19231.0,score,2.14
task4,19232.0,score,2.13
task4,19233.0,score,2.15
task4,19234.0,score,2.15
task4,19235.0,score,2.16
task4,19236.0,score,2.12
task4,19237.0,score,2.15
task4,19238.0,score,2.16
task4,19239.0,score,2.18
task4,19240.0,score,2.2
task4,19241.0,score,2.19
task4,19242.0,score,2.21
task4,19243.0,score,2.18
task4,19244.0,score,2.19
task4,19245.0,score,2.21
task4,19246.0,score,2.19
task4,19247.0,score,2.18
task4,19248.0,score,2.17
task4,19249.0,score,2.18
task4,19250.0,score,2.12
task4,19251.0,score,2.14
task4,19252.0,score,2.15
task4,19253.0,score,2.14
task4,19254.0,score,2.15
task4,19255.0,score,2.21
task4,19256.0,score,2.22
task4,19257.0,score,2.22
task4,19258.0,score,2.23
task4,19259.0,score,2.24
task4,19260.0,score,2.26
task4,19261.0,score,2.34
task4,19262.0,score,2.36
task4,19263.0,score,2.33
task4,19264.0,score,2.33
task4,19265.0,score,2.31
task4,19266.0,score,2.29
task4,19267.0,score,2.26
task4,19268.0,score,2.27
task4,19269.0,score,2.28
task4,19270.0,score,2.28
task4,19271.0,score,2.29
task4,19272.0,score,2.32
task4,19273.0,score,2.34
task4,19274.0,score,2.35
task4,19275.0,score,2.37
task4,19276.0,score,2.36
task4,19277.0,score,2.4
task4,19278.0,score,2.48
task4,19279.0,score,2.47
task4,19280.0,score,2.49
task4,19281.0,score,2.47
task4,19282.0,score,2.48
task4,19283.0,score,2.5
task4,19284.0,score,2.54
task4,19285.0,score,2.54
task4,19286.0,score,2.53
task4,19287.0,score,2.52
task4,19288.0,score,2.53
task4,19289.0,score,2.51
task4,19290.0,score,2.56
task4,19291.0,score,2.59
task4,19292.0,score,2.55
task4,19293.0,score,2.51
task4,19294.0,score,2.5
task4,19295.0,score,2.47
task4,19296.0,score,2.46
task4,19297.0,score,2.36
task4,19298.0,score,2.31
task4,19299.0,score,2.3
task4,19300.0,score,2.3
task4,19301.0,score,2.34
task4,19302.0,score,2.32
task4,19303.0,score,2.3
task4,19304.0,score,2.27
task4,19305.0,score,2.27
task4,19306.0,score,2.28
task4,19307.0,score,2.3
task4,19308.0,score,2.28
task4,19309.0,score,2.29
task4,19310.0,score,2.32
task4,19311.0,score,2.31
task4,19312.0,score,2.32
task4,19313.0,score,2.31
task4,19314.0,score,2.32
task4,19315.0,score,2.29
task4,19316.0,score,2.31
task4,19317.0,score,2.32
task4,19318.0,score,2.3
task4,19319.0,score,2.26
task4,19320.0,score,2.24
task4,19321.0,score,2.23
task4,19322.0,score,2.16
task4,19323.0,score,2.16
task4,19324.0,score,2.14
task4,19325.0,score,2.16
task4,19326.0,score,2.16
task4,19327.0,score,2.16
task4,19328.0,score,2.16
task4,19329.0,score,2.22
task4,19330.0,score,2.23
task4,19331.0,score,2.2
task4,19332.0,score,2.19
task4,19333.0,score,2.17
task4,19334.0,score,2.15
task4,19335.0,score,2.14
task4,19336.0,score,2.13
task4,19337.0,score,2.13
task4,19338.0,score,2.1
task4,19339.0,score,2.08
task4,19340.0,score,2.07
task4,19341.0,score,2.08
task4,19342.0,score,2.1
task4,19343.0,score,2.1
task4,19344.0,score,2.09
task4,19345.0,score,2.05
task4,19346.0,score,2.04
task4,19347.0,score,2.04
task4,19348.0,score,2.03
task4,19349.0,score,2.03
task4,19350.0,score,2.03
task4,19351.0,score,2.05
task4,19352.0,score,2.04
task4,19353.0,score,2.05
task4,19354.0,score,2.09
task4,19355.0,score,2.05
task4,19356.0,score,2.05
task4,19357.0,score,2.04
task4,19358.0,score,2.02
task4,19359.0,score,2.0
task4,19360.0,score,1.99
task4,19361.0,score,1.97
task4,19362.0,score,1.97
task4,19363.0,score,1.97
task4,19364.0,score,1.97
task4,19365.0,score,1.99
task4,19366.0,score,2.01
task4,19367.0,score,2.01
task4,19368.0,score,1.99
task4,19369.0,score,1.96
task4,19370.0,score,1.95
task4,19371.0,score,1.96
task4,19372.0,score,1.94
task4,19373.0,score,1.91
task4,19374.0,score,1.91
task4,19375.0,score,1.91
task4,19376.0,score,1.91
task4,19377.0,score,1.87
task4,19378.0,score,1.81
task4,19379.0,score,1.8
task4,19380.0,score,1.8
task4,19381.0,score,1.81
task4,19382.0,score,1.8
task4,19383.0,score,1.78
task4,19384.0,score,1.72
task4,19385.0,score,1.71
task4,19386.0,score,1.73
task4,19387.0,score,1.74
task4,19388.0,score,1.74
task4,19389.0,score,1.74
task4,19390.0,score,1.71
task4,19391.0,score,1.7
task4,19392.0,score,1.72
task4,19393.0,score,1.73
task4,19394.0,score,1.73
task4,19395.0,score,1.73
task4,19396.0,score,1.77
task4,19397.0,score,1.83
task4,19398.0,score,1.83
task4,19399.0,score,1.81
task4,19400.0,score,1.82
task4,19401.0,score,1.8
task4,19402.0,score,1.83
task4,19403.0,score,1.84
task4,19404.0,score,1.85
task4,19405.0,score,1.83
task4,19406.0,score,1.83
task4,19407.0,score,1.81
task4,19408.0,score,1.85
task4,19409.0,score,1.78
task4,19410.0,score,1.77
task4,19411.0,score,1.78
task4,19412.0,score,1.78
task4,19413.0,score,1.78
task4,19414.0,score,1.79
task4,19415.0,score,1.81
task4,19416.0,score,1.79
task4,19417.0,score,1.8
task4,19418.0,score,1.8
task4,19419.0,score,1.83
task4,19420.0,score,1.85
task4,19421.0,score,1.84
task4,19422.0,score,1.83
task4,19423.0,score,1.83
task4,19424.0,score,1.83
task4,19425.0,score,1.8
task4,19426.0,score,1.82
task4,19427.0,score,1.83
task4,19428.0,score,1.84
task4,19429.0,score,1.8
task4,19430.0,score,1.8
task4,19431.0,score,1.82
task4,19432.0,score,1.83
task4,19433.0,score,1.87
task4,19434.0,score,1.86
task4,19435.0,score,1.85
task4,19436.0,score,1.9
task4,19437.0,score,1.84
task4,19438.0,score,1.88
task4,19439.0,score,1.88
task4,19440.0,score,1.87
task4,19441.0,score,1.85
task4,19442.0,score,1.83
task4,19443.0,score,1.82
task4,19444.0,score,1.83
task4,19445.0,score,1.84
task4,19446.0,score,1.87
task4,19447.0,score,1.87
task4,19448.0,score,1.84
task4,19449.0,score,1.82
task4,19450.0,score,1.83
task4,19451.0,score,1.8
task4,19452.0,score,1.82
task4,19453.0,score,1.82
task4,19454.0,score,1.78
task4,19455.0,score,1.77
task4,19456.0,score,1.76
task4,19457.0,score,1.77
task4,19458.0,score,1.77
task4,19459.0,score,1.81
task4,19460.0,score,1.87
task4,19461.0,score,1.85
task4,19462.0,score,1.84
task4,19463.0,score,1.82
task4,19464.0,score,1.82
task4,19465.0,score,1.79
task4,19466.0,score,1.8
task4,19467.0,score,1.8
task4,19468.0,score,1.82
task4,19469.0,score,1.88
task4,19470.0,score,1.88
task4,19471.0,score,1.88
task4,19472.0,score,1.87
task4,19473.0,score,1.87
task4,19474.0,score,1.85
task4,19475.0,score,1.9
task4,19476.0,score,1.94
task4,19477.0,score,1.92
task4,19478.0,score,1.93
task4,19479.0,score,1.93
task4,19480.0,score,1.9
task4,19481.0,score,1.9
task4,19482.0,score,1.87
task4,19483.0,score,1.91
task4,19484.0,score,1.93
task4,19485.0,score,1.92
task4,19486.0,score,1.92
task4,19487.0,score,1.92
task4,19488.0,score,1.92
task4,19489.0,score,1.95
task4,19490.0,score,1.93
task4,19491.0,score,1.91
task4,19492.0,score,1.91
task4,19493.0,score,1.89
task4,19494.0,score,1.9
task4,19495.0,score,1.9
task4,19496.0,score,1.88
task4,19497.0,score,1.83
task4,19498.0,score,1.82
task4,19499.0,score,1.87
task4,19500.0,score,1.84
task4,19501.0,score,1.83
task4,19502.0,score,1.83
task4,19503.0,score,1.85
task4,19504.0,score,1.83
task4,19505.0,score,1.84
task4,19506.0,score,1.83
task4,19507.0,score,1.82
task4,19508.0,score,1.78
task4,19509.0,score,1.78
task4,19510.0,score,1.8
task4,19511.0,score,1.81
task4,19512.0,score,1.78
task4,19513.0,score,1.79
task4,19514.0,score,1.78
task4,19515.0,score,1.76
task4,19516.0,score,1.79
task4,19517.0,score,1.78
task4,19518.0,score,1.79
task4,19519.0,score,1.78
task4,19520.0,score,1.77
task4,19521.0,score,1.79
task4,19522.0,score,1.87
task4,19523.0,score,1.88
task4,19524.0,score,1.88
task4,19525.0,score,2.0
task4,19526.0,score,1.99
task4,19527.0,score,2.05
task4,19528.0,score,2.04
task4,19529.0,score,2.06
task4,19530.0,score,2.03
task4,19531.0,score,2.02
task4,19532.0,score,2.04
task4,19533.0,score,2.02
task4,19534.0,score,2.02
task4,19535.0,score,2.02
task4,19536.0,score,1.99
task4,19537.0,score,2.0
task4,19538.0,score,1.97
task4,19539.0,score,1.97
task4,19540.0,score,1.99
task4,19541.0,score,2.0
task4,19542.0,score,2.0
task4,19543.0,score,2.0
task4,19544.0,score,1.99
task4,19545.0,score,1.99
task4,19546.0,score,2.0
task4,19547.0,score,1.99
task4,19548.0,score,1.99
task4,19549.0,score,2.01
task4,19550.0,score,2.0
task4,19551.0,score,2.0
task4,19552.0,score,1.99
task4,19553.0,score,2.0
task4,19554.0,score,2.0
task4,19555.0,score,1.99
task4,19556.0,score,1.98
task4,19557.0,score,2.0
task4,19558.0,score,2.02
task4,19559.0,score,1.98
task4,19560.0,score,1.97
task4,19561.0,score,1.93
task4,19562.0,score,1.93
task4,19563.0,score,1.94
task4,19564.0,score,1.94
task4,19565.0,score,1.97
task4,19566.0,score,1.95
task4,19567.0,score,1.95
task4,19568.0,score,1.95
task4,19569.0,score,1.89
task4,19570.0,score,1.92
task4,19571.0,score,1.9
task4,19572.0,score,1.9
task4,19573.0,score,1.9
task4,19574.0,score,1.93
task4,19575.0,score,1.86
task4,19576.0,score,1.84
task4,19577.0,score,1.89
task4,19578.0,score,1.88
task4,19579.0,score,1.89
task4,19580.0,score,1.92
task4,19581.0,score,1.91
task4,19582.0,score,1.95
task4,19583.0,score,1.92
task4,19584.0,score,1.9
task4,19585.0,score,1.91
task4,19586.0,score,1.92
task4,19587.0,score,1.94
task4,19588.0,score,1.95
task4,19589.0,score,1.95
task4,19590.0,score,1.97
task4,19591.0,score,2.03
task4,19592.0,score,2.03
task4,19593.0,score,2.04
task4,19594.0,score,2.06
task4,19595.0,score,2.06
task4,19596.0,score,2.06
task4,19597.0,score,2.06
task4,19598.0,score,2.06
task4,19599.0,score,2.01
task4,19600.0,score,2.02
task4,19601.0,score,2.01
task4,19602.0,score,2.0
task4,19603.0,score,1.98
task4,19604.0,score,1.99
task4,19605.0,score,1.99
task4,19606.0,score,1.99
task4,19607.0,score,2.0
task4,19608.0,score,2.0
task4,19609.0,score,2.0
task4,19610.0,score,1.98
task4,19611.0,score,2.0
task4,19612.0,score,2.01
task4,19613.0,score,2.01
task4,19614.0,score,2.0
task4,19615.0,score,1.99
task4,19616.0,score,1.97
task4,19617.0,score,1.99
task4,19618.0,score,2.01
task4,19619.0,score,2.01
task4,19620.0,score,2.01
task4,19621.0,score,2.03
task4,19622.0,score,1.97
task4,19623.0,score,1.97
task4,19624.0,score,1.99
task4,19625.0,score,1.88
task4,19626.0,score,1.88
task4,19627.0,score,1.82
task4,19628.0,score,1.82
task4,19629.0,score,1.81
task4,19630.0,score,1.81
task4,19631.0,score,1.87
task4,19632.0,score,1.84
task4,19633.0,score,1.82
task4,19634.0,score,1.85
task4,19635.0,score,1.85
task4,19636.0,score,1.87
task4,19637.0,score,1.88
task4,19638.0,score,1.89
task4,19639.0,score,1.91
task4,19640.0,score,1.9
task4,19641.0,score,1.91
task4,19642.0,score,1.92
task4,19643.0,score,1.92
task4,19644.0,score,1.92
task4,19645.0,score,1.93
task4,19646.0,score,1.95
task4,19647.0,score,1.96
task4,19648.0,score,2.0
task4,19649.0,score,2.01
task4,19650.0,score,2.02
task4,19651.0,score,2.05
task4,19652.0,score,2.04
task4,19653.0,score,2.03
task4,19654.0,score,2.05
task4,19655.0,score,2.08
task4,19656.0,score,2.12
task4,19657.0,score,2.1
task4,19658.0,score,2.15
task4,19659.0,score,2.16
task4,19660.0,score,2.09
task4,19661.0,score,2.1
task4,19662.0,score,2.12
task4,19663.0,score,2.15
task4,19664.0,score,2.18
task4,19665.0,score,2.18
task4,19666.0,score,2.25
task4,19667.0,score,2.24
task4,19668.0,score,2.24
task4,19669.0,score,2.26
task4,19670.0,score,2.23
task4,19671.0,score,2.25
task4,19672.0,score,2.27
task4,19673.0,score,2.29
task4,19674.0,score,2.26
task4,19675.0,score,2.33
task4,19676.0,score,2.33
task4,19677.0,score,2.3
task4,19678.0,score,2.34
task4,19679.0,score,2.35
task4,19680.0,score,2.34
task4,19681.0,score,2.34
task4,19682.0,score,2.33
task4,19683.0,score,2.33
task4,19684.0,score,2.35
task4,19685.0,score,2.33
task4,19686.0,score,2.35
task4,19687.0,score,2.35
task4,19688.0,score,2.33
task4,19689.0,score,2.3
task4,19690.0,score,2.3
task4,19691.0,score,2.25
task4,19692.0,score,2.28
task4,19693.0,score,2.3
task4,19694.0,score,2.26
task4,19695.0,score,2.27
task4,19696.0,score,2.29
task4,19697.0,score,2.29
task4,19698.0,score,2.29
task4,19699.0,score,2.31
task4,19700.0,score,2.36
task4,19701.0,score,2.39
task4,19702.0,score,2.44
task4,19703.0,score,2.43
task4,19704.0,score,2.43
task4,19705.0,score,2.47
task4,19706.0,score,2.47
task4,19707.0,score,2.46
task4,19708.0,score,2.47
task4,19709.0,score,2.47
task4,19710.0,score,2.45
task4,19711.0,score,2.43
task4,19712.0,score,2.5
task4,19713.0,score,2.53
task4,19714.0,score,2.55
task4,19715.0,score,2.57
task4,19716.0,score,2.56
task4,19717.0,score,2.57
task4,19718.0,score,2.52
task4,19719.0,score,2.51
task4,19720.0,score,2.51
task4,19721.0,score,2.52
task4,19722.0,score,2.51
task4,19723.0,score,2.52
task4,19724.0,score,2.54
task4,19725.0,score,2.52
task4,19726.0,score,2.51
task4,19727.0,score,2.49
task4,19728.0,score,2.49
task4,19729.0,score,2.46
task4,19730.0,score,2.46
task4,19731.0,score,2.41
task4,19732.0,score,2.44
task4,19733.0,score,2.48
task4,19734.0,score,2.45
task4,19735.0,score,2.44
task4,19736.0,score,2.4
task4,19737.0,score,2.39
task4,19738.0,score,2.38
task4,19739.0,score,2.36
task4,19740.0,score,2.36
task4,19741.0,score,2.33
task4,19742.0,score,2.33
task4,19743.0,score,2.35
task4,19744.0,score,2.39
task4,19745.0,score,2.37
task4,19746.0,score,2.3
task4,19747.0,score,2.31
task4,19748.0,score,2.29
task4,19749.0,score,2.27
task4,19750.0,score,2.27
task4,19751.0,score,2.23
task4,19752.0,score,2.26
task4,19753.0,score,2.25
task4,19754.0,score,2.24
task4,19755.0,score,2.21
task4,19756.0,score,2.21
task4,19757.0,score,2.22
task4,19758.0,score,2.17
task4,19759.0,score,2.15
task4,19760.0,score,2.15
task4,19761.0,score,2.14
task4,19762.0,score,2.13
task4,19763.0,score,2.12
task4,19764.0,score,2.11
task4,19765.0,score,2.1
task4,19766.0,score,2.05
task4,19767.0,score,2.05
task4,19768.0,score,2.04
task4,19769.0,score,2.03
task4,19770.0,score,2.05
task4,19771.0,score,2.04
task4,19772.0,score,2.03
task4,19773.0,score,2.0
task4,19774.0,score,2.04
task4,19775.0,score,2.01
task4,19776.0,score,2.01
task4,19777.0,score,1.98
task4,19778.0,score,1.97
task4,19779.0,score,1.98
task4,19780.0,score,1.98
task4,19781.0,score,1.99
task4,19782.0,score,2.04
task4,19783.0,score,2.05
task4,19784.0,score,2.05
task4,19785.0,score,2.05
task4,19786.0,score,2.04
task4,19787.0,score,2.02
task4,19788.0,score,2.05
task4,19789.0,score,2.06
task4,19790.0,score,2.04
task4,19791.0,score,2.04
task4,19792.0,score,2.06
task4,19793.0,score,2.04
task4,19794.0,score,2.04
task4,19795.0,score,2.06
task4,19796.0,score,2.03
task4,19797.0,score,2.04
task4,19798.0,score,2.04
task4,19799.0,score,2.02
task4,19800.0,score,1.99
task4,19801.0,score,1.97
task4,19802.0,score,1.92
task4,19803.0,score,1.95
task4,19804.0,score,1.96
task4,19805.0,score,1.93
task4,19806.0,score,1.94
task4,19807.0,score,1.96
task4,19808.0,score,1.95
task4,19809.0,score,1.97
task4,19810.0,score,1.99
task4,19811.0,score,1.99
task4,19812.0,score,1.91
task4,19813.0,score,1.88
task4,19814.0,score,1.87
task4,19815.0,score,1.87
task4,19816.0,score,1.88
task4,19817.0,score,1.89
task4,19818.0,score,1.91
task4,19819.0,score,1.96
task4,19820.0,score,1.96
task4,19821.0,score,1.94
task4,19822.0,score,1.95
task4,19823.0,score,1.96
task4,19824.0,score,1.95
task4,19825.0,score,1.97
task4,19826.0,score,2.05
task4,19827.0,score,2.11
task4,19828.0,score,2.09
task4,19829.0,score,2.09
task4,19830.0,score,2.1
task4,19831.0,score,2.07
task4,19832.0,score,2.07
task4,19833.0,score,2.07
task4,19834.0,score,2.1
task4,19835.0,score,2.13
task4,19836.0,score,2.14
task4,19837.0,score,2.15
task4,19838.0,score,2.16
task4,19839.0,score,2.21
task4,19840.0,score,2.21
task4,19841.0,score,2.22
task4,19842.0,score,2.22
task4,19843.0,score,2.22
task4,19844.0,score,2.19
task4,19845.0,score,2.22
task4,19846.0,score,2.22
task4,19847.0,score,2.2
task4,19848.0,score,2.18
task4,19849.0,score,2.17
task4,19850.0,score,2.17
task4,19851.0,score,2.18
task4,19852.0,score,2.16
task4,19853.0,score,2.18
task4,19854.0,score,2.16
task4,19855.0,score,2.16
task4,19856.0,score,2.15
task4,19857.0,score,2.17
task4,19858.0,score,2.16
task4,19859.0,score,2.22
task4,19860.0,score,2.24
task4,19861.0,score,2.26
task4,19862.0,score,2.26
task4,19863.0,score,2.25
task4,19864.0,score,2.24
task4,19865.0,score,2.23
task4,19866.0,score,2.2
task4,19867.0,score,2.24
task4,19868.0,score,2.24
task4,19869.0,score,2.25
task4,19870.0,score,2.25
task4,19871.0,score,2.24
task4,19872.0,score,2.22
task4,19873.0,score,2.22
task4,19874.0,score,2.21
task4,19875.0,score,2.23
task4,19876.0,score,2.22
task4,19877.0,score,2.27
task4,19878.0,score,2.22
task4,19879.0,score,2.2
task4,19880.0,score,2.24
task4,19881.0,score,2.23
task4,19882.0,score,2.16
task4,19883.0,score,2.16
task4,19884.0,score,2.15
task4,19885.0,score,2.16
task4,19886.0,score,2.18
task4,19887.0,score,2.2
task4,19888.0,score,2.16
task4,19889.0,score,2.19
task4,19890.0,score,2.21
task4,19891.0,score,2.2
task4,19892.0,score,2.16
task4,19893.0,score,2.16
task4,19894.0,score,2.16
task4,19895.0,score,2.13
task4,19896.0,score,2.17
task4,19897.0,score,2.18
task4,19898.0,score,2.17
task4,19899.0,score,2.17
task4,19900.0,score,2.15
task4,19901.0,score,2.15
task4,19902.0,score,2.16
task4,19903.0,score,2.15
task4,19904.0,score,2.13
task4,19905.0,score,2.14
task4,19906.0,score,2.18
task4,19907.0,score,2.17
task4,19908.0,score,2.21
task4,19909.0,score,2.19
task4,19910.0,score,2.23
task4,19911.0,score,2.24
task4,19912.0,score,2.23
task4,19913.0,score,2.24
task4,19914.0,score,2.27
task4,19915.0,score,2.25
task4,19916.0,score,2.27
task4,19917.0,score,2.22
task4,19918.0,score,2.24
task4,19919.0,score,2.21
task4,19920.0,score,2.2
task4,19921.0,score,2.18
task4,19922.0,score,2.17
task4,19923.0,score,2.16
task4,19924.0,score,2.12
task4,19925.0,score,2.1
task4,19926.0,score,2.02
task4,19927.0,score,1.99
task4,19928.0,score,2.0
task4,19929.0,score,2.02
task4,19930.0,score,2.07
task4,19931.0,score,2.08
task4,19932.0,score,2.05
task4,19933.0,score,2.01
task4,19934.0,score,1.99
task4,19935.0,score,1.96
task4,19936.0,score,1.97
task4,19937.0,score,2.02
task4,19938.0,score,2.02
task4,19939.0,score,2.05
task4,19940.0,score,2.06
task4,19941.0,score,2.06
task4,19942.0,score,2.03
task4,19943.0,score,2.02
task4,19944.0,score,2.0
task4,19945.0,score,2.0
task4,19946.0,score,2.01
task4,19947.0,score,2.03
task4,19948.0,score,2.11
task4,19949.0,score,2.12
task4,19950.0,score,2.16
task4,19951.0,score,2.15
task4,19952.0,score,2.17
task4,19953.0,score,2.14
task4,19954.0,score,2.2
task4,19955.0,score,2.22
task4,19956.0,score,2.2
task4,19957.0,score,2.19
task4,19958.0,score,2.25
task4,19959.0,score,2.2
task4,19960.0,score,2.22
task4,19961.0,score,2.21
task4,19962.0,score,2.21
task4,19963.0,score,2.23
task4,19964.0,score,2.23
task4,19965.0,score,2.22
task4,19966.0,score,2.29
task4,19967.0,score,2.26
task4,19968.0,score,2.25
task4,19969.0,score,2.26
task4,19970.0,score,2.25
task4,19971.0,score,2.29
task4,19972.0,score,2.3
task4,19973.0,score,2.31
task4,19974.0,score,2.28
task4,19975.0,score,2.25
task4,19976.0,score,2.27
task4,19977.0,score,2.25
task4,19978.0,score,2.27
task4,19979.0,score,2.27
task4,19980.0,score,2.23
task4,19981.0,score,2.23
task4,19982.0,score,2.31
task4,19983.0,score,2.29
task4,19984.0,score,2.31
task4,19985.0,score,2.33
task4,19986.0,score,2.28
task4,19987.0,score,2.27
task4,19988.0,score,2.27
task4,19989.0,score,2.28
task4,19990.0,score,2.27
task4,19991.0,score,2.31
task4,19992.0,score,2.31
task4,19993.0,score,2.31
task4,19994.0,score,2.32
task4,19995.0,score,2.34
task4,19996.0,score,2.3
task4,19997.0,score,2.3
task4,19998.0,score,2.37
task4,19999.0,score,2.38
task4,20000.0,score,2.4
task4,20001.0,score,2.41
task4,20002.0,score,2.38
task4,20003.0,score,2.38
task4,20004.0,score,2.39
task4,20005.0,score,2.36
task4,20006.0,score,2.34
task4,20007.0,score,2.36
task4,20008.0,score,2.32
task4,20009.0,score,2.36
task4,20010.0,score,2.3
task4,20011.0,score,2.28
task4,20012.0,score,2.35
task4,20013.0,score,2.34
task4,20014.0,score,2.33
task4,20015.0,score,2.35
task4,20016.0,score,2.35
task4,20017.0,score,2.37
task4,20018.0,score,2.4
task4,20019.0,score,2.37
task4,20020.0,score,2.39
task4,20021.0,score,2.44
task4,20022.0,score,2.51
task4,20023.0,score,2.5
task4,20024.0,score,2.51
task4,20025.0,score,2.54
task4,20026.0,score,2.56
task4,20027.0,score,2.55
task4,20028.0,score,2.55
task4,20029.0,score,2.62
task4,20030.0,score,2.59
task4,20031.0,score,2.61
task4,20032.0,score,2.69
task4,20033.0,score,2.72
task4,20034.0,score,2.74
task4,20035.0,score,2.73
task4,20036.0,score,2.73
task4,20037.0,score,2.69
task4,20038.0,score,2.68
task4,20039.0,score,2.7
task4,20040.0,score,2.68
task4,20041.0,score,2.7
task4,20042.0,score,2.77
task4,20043.0,score,2.78
task4,20044.0,score,2.79
task4,20045.0,score,2.79
task4,20046.0,score,2.78
task4,20047.0,score,2.79
task4,20048.0,score,2.72
task4,20049.0,score,2.72
task4,20050.0,score,2.68
task4,20051.0,score,2.67
task4,20052.0,score,2.64
task4,20053.0,score,2.66
task4,20054.0,score,2.61
task4,20055.0,score,2.6
task4,20056.0,score,2.59
task4,20057.0,score,2.58
task4,20058.0,score,2.52
task4,20059.0,score,2.51
task4,20060.0,score,2.54
task4,20061.0,score,2.55
task4,20062.0,score,2.54
task4,20063.0,score,2.55
task4,20064.0,score,2.55
task4,20065.0,score,2.56
task4,20066.0,score,2.5
task4,20067.0,score,2.5
task4,20068.0,score,2.54
task4,20069.0,score,2.53
task4,20070.0,score,2.55
task4,20071.0,score,2.51
task4,20072.0,score,2.52
task4,20073.0,score,2.54
task4,20074.0,score,2.55
task4,20075.0,score,2.52
task4,20076.0,score,2.5
task4,20077.0,score,2.55
task4,20078.0,score,2.54
task4,20079.0,score,2.54
task4,20080.0,score,2.54
task4,20081.0,score,2.55
task4,20082.0,score,2.46
task4,20083.0,score,2.48
task4,20084.0,score,2.46
task4,20085.0,score,2.47
task4,20086.0,score,2.52
task4,20087.0,score,2.51
task4,20088.0,score,2.52
task4,20089.0,score,2.49
task4,20090.0,score,2.5
task4,20091.0,score,2.47
task4,20092.0,score,2.45
task4,20093.0,score,2.44
task4,20094.0,score,2.47
task4,20095.0,score,2.46
task4,20096.0,score,2.46
task4,20097.0,score,2.47
task4,20098.0,score,2.41
task4,20099.0,score,2.4
task4,20100.0,score,2.37
task4,20101.0,score,2.37
task4,20102.0,score,2.39
task4,20103.0,score,2.43
task4,20104.0,score,2.43
task4,20105.0,score,2.46
task4,20106.0,score,2.43
task4,20107.0,score,2.44
task4,20108.0,score,2.47
task4,20109.0,score,2.42
task4,20110.0,score,2.42
task4,20111.0,score,2.41
task4,20112.0,score,2.36
task4,20113.0,score,2.38
task4,20114.0,score,2.37
task4,20115.0,score,2.39
task4,20116.0,score,2.36
task4,20117.0,score,2.35
task4,20118.0,score,2.3
task4,20119.0,score,2.32
task4,20120.0,score,2.36
task4,20121.0,score,2.31
task4,20122.0,score,2.31
task4,20123.0,score,2.29
task4,20124.0,score,2.33
task4,20125.0,score,2.32
task4,20126.0,score,2.29
task4,20127.0,score,2.29
task4,20128.0,score,2.28
task4,20129.0,score,2.22
task4,20130.0,score,2.2
task4,20131.0,score,2.23
task4,20132.0,score,2.17
task4,20133.0,score,2.15
task4,20134.0,score,2.15
task4,20135.0,score,2.16
task4,20136.0,score,2.13
task4,20137.0,score,2.11
task4,20138.0,score,2.13
task4,20139.0,score,2.05
task4,20140.0,score,2.09
task4,20141.0,score,2.09
task4,20142.0,score,2.04
task4,20143.0,score,2.02
task4,20144.0,score,2.02
task4,20145.0,score,2.0
task4,20146.0,score,1.99
task4,20147.0,score,1.97
task4,20148.0,score,2.03
task4,20149.0,score,2.02
task4,20150.0,score,2.07
task4,20151.0,score,2.08
task4,20152.0,score,2.09
task4,20153.0,score,2.07
task4,20154.0,score,2.08
task4,20155.0,score,2.07
task4,20156.0,score,2.07
task4,20157.0,score,2.05
task4,20158.0,score,2.05
task4,20159.0,score,2.12
task4,20160.0,score,2.1
task4,20161.0,score,2.1
task4,20162.0,score,2.1
task4,20163.0,score,2.06
task4,20164.0,score,2.05
task4,20165.0,score,2.04
task4,20166.0,score,2.07
task4,20167.0,score,2.16
task4,20168.0,score,2.12
task4,20169.0,score,2.13
task4,20170.0,score,2.11
task4,20171.0,score,2.13
task4,20172.0,score,2.12
task4,20173.0,score,2.11
task4,20174.0,score,2.11
task4,20175.0,score,2.14
task4,20176.0,score,2.14
task4,20177.0,score,2.09
task4,20178.0,score,2.1
task4,20179.0,score,2.1
task4,20180.0,score,2.14
task4,20181.0,score,2.14
task4,20182.0,score,2.17
task4,20183.0,score,2.16
task4,20184.0,score,2.16
task4,20185.0,score,2.18
task4,20186.0,score,2.19
task4,20187.0,score,2.18
task4,20188.0,score,2.2
task4,20189.0,score,2.19
task4,20190.0,score,2.17
task4,20191.0,score,2.26
task4,20192.0,score,2.26
task4,20193.0,score,2.27
task4,20194.0,score,2.25
task4,20195.0,score,2.24
task4,20196.0,score,2.24
task4,20197.0,score,2.23
task4,20198.0,score,2.23
task4,20199.0,score,2.24
task4,20200.0,score,2.25
task4,20201.0,score,2.24
task4,20202.0,score,2.31
task4,20203.0,score,2.28
task4,20204.0,score,2.3
task4,20205.0,score,2.3
task4,20206.0,score,2.32
task4,20207.0,score,2.28
task4,20208.0,score,2.26
task4,20209.0,score,2.26
task4,20210.0,score,2.27
task4,20211.0,score,2.3
task4,20212.0,score,2.29
task4,20213.0,score,2.27
task4,20214.0,score,2.3
task4,20215.0,score,2.26
task4,20216.0,score,2.26
task4,20217.0,score,2.28
task4,20218.0,score,2.33
task4,20219.0,score,2.33
task4,20220.0,score,2.35
task4,20221.0,score,2.37
task4,20222.0,score,2.3
task4,20223.0,score,2.3
task4,20224.0,score,2.26
task4,20225.0,score,2.27
task4,20226.0,score,2.29
task4,20227.0,score,2.3
task4,20228.0,score,2.32
task4,20229.0,score,2.29
task4,20230.0,score,2.29
task4,20231.0,score,2.23
task4,20232.0,score,2.22
task4,20233.0,score,2.22
task4,20234.0,score,2.21
task4,20235.0,score,2.22
task4,20236.0,score,2.24
task4,20237.0,score,2.24
task4,20238.0,score,2.29
task4,20239.0,score,2.29
task4,20240.0,score,2.26
task4,20241.0,score,2.24
task4,20242.0,score,2.22
task4,20243.0,score,2.23
task4,20244.0,score,2.23
task4,20245.0,score,2.24
task4,20246.0,score,2.29
task4,20247.0,score,2.31
task4,20248.0,score,2.26
task4,20249.0,score,2.29
task4,20250.0,score,2.24
task4,20251.0,score,2.23
task4,20252.0,score,2.22
task4,20253.0,score,2.23
task4,20254.0,score,2.22
task4,20255.0,score,2.26
task4,20256.0,score,2.26
task4,20257.0,score,2.29
task4,20258.0,score,2.27
task4,20259.0,score,2.21
task4,20260.0,score,2.22
task4,20261.0,score,2.21
task4,20262.0,score,2.27
task4,20263.0,score,2.26
task4,20264.0,score,2.28
task4,20265.0,score,2.31
task4,20266.0,score,2.28
task4,20267.0,score,2.2
task4,20268.0,score,2.21
task4,20269.0,score,2.22
task4,20270.0,score,2.22
task4,20271.0,score,2.23
task4,20272.0,score,2.25
task4,20273.0,score,2.24
task4,20274.0,score,2.26
task4,20275.0,score,2.23
task4,20276.0,score,2.22
task4,20277.0,score,2.21
task4,20278.0,score,2.2
task4,20279.0,score,2.2
task4,20280.0,score,2.15
task4,20281.0,score,2.19
task4,20282.0,score,2.21
task4,20283.0,score,2.23
task4,20284.0,score,2.24
task4,20285.0,score,2.21
task4,20286.0,score,2.14
task4,20287.0,score,2.14
task4,20288.0,score,2.12
task4,20289.0,score,2.13
task4,20290.0,score,2.13
task4,20291.0,score,2.05
task4,20292.0,score,2.06
task4,20293.0,score,2.08
task4,20294.0,score,2.07
task4,20295.0,score,2.06
task4,20296.0,score,2.07
task4,20297.0,score,2.05
task4,20298.0,score,2.04
task4,20299.0,score,2.05
task4,20300.0,score,2.07
task4,20301.0,score,2.07
task4,20302.0,score,2.01
task4,20303.0,score,2.0
task4,20304.0,score,1.98
task4,20305.0,score,1.97
task4,20306.0,score,1.97
task4,20307.0,score,1.98
task4,20308.0,score,2.04
task4,20309.0,score,2.07
task4,20310.0,score,2.07
task4,20311.0,score,2.05
task4,20312.0,score,2.04
task4,20313.0,score,2.07
task4,20314.0,score,2.06
task4,20315.0,score,2.09
task4,20316.0,score,2.11
task4,20317.0,score,2.11
task4,20318.0,score,2.09
task4,20319.0,score,2.09
task4,20320.0,score,2.03
task4,20321.0,score,2.0
task4,20322.0,score,2.01
task4,20323.0,score,2.03
task4,20324.0,score,2.05
task4,20325.0,score,2.03
task4,20326.0,score,2.01
task4,20327.0,score,2.02
task4,20328.0,score,2.05
task4,20329.0,score,2.09
task4,20330.0,score,2.13
task4,20331.0,score,2.13
task4,20332.0,score,2.13
task4,20333.0,score,2.15
task4,20334.0,score,2.14
task4,20335.0,score,2.13
task4,20336.0,score,2.11
task4,20337.0,score,2.12
task4,20338.0,score,2.04
task4,20339.0,score,2.07
task4,20340.0,score,2.07
task4,20341.0,score,2.06
task4,20342.0,score,2.06
task4,20343.0,score,2.08
task4,20344.0,score,2.09
task4,20345.0,score,2.08
task4,20346.0,score,2.03
task4,20347.0,score,2.01
task4,20348.0,score,2.01
task4,20349.0,score,1.98
task4,20350.0,score,1.98
task4,20351.0,score,1.97
task4,20352.0,score,1.99
task4,20353.0,score,1.98
task4,20354.0,score,2.0
task4,20355.0,score,1.98
task4,20356.0,score,1.98
task4,20357.0,score,1.95
task4,20358.0,score,1.98
task4,20359.0,score,2.0
task4,20360.0,score,1.97
task4,20361.0,score,1.97
task4,20362.0,score,1.9
task4,20363.0,score,1.9
task4,20364.0,score,1.9
task4,20365.0,score,1.9
task4,20366.0,score,1.91
task4,20367.0,score,1.91
task4,20368.0,score,1.97
task4,20369.0,score,1.95
task4,20370.0,score,2.0
task4,20371.0,score,1.97
task4,20372.0,score,1.95
task4,20373.0,score,1.99
task4,20374.0,score,1.99
task4,20375.0,score,2.05
task4,20376.0,score,2.05
task4,20377.0,score,2.03
task4,20378.0,score,2.09
task4,20379.0,score,2.11
task4,20380.0,score,2.12
task4,20381.0,score,2.07
task4,20382.0,score,2.02
task4,20383.0,score,2.02
task4,20384.0,score,2.0
task4,20385.0,score,1.97
task4,20386.0,score,1.99
task4,20387.0,score,2.02
task4,20388.0,score,2.03
task4,20389.0,score,2.03
task4,20390.0,score,2.04
task4,20391.0,score,2.02
task4,20392.0,score,2.04
task4,20393.0,score,2.06
task4,20394.0,score,2.06
task4,20395.0,score,2.11
task4,20396.0,score,2.12
task4,20397.0,score,2.14
task4,20398.0,score,2.15
task4,20399.0,score,2.13
task4,20400.0,score,2.09
task4,20401.0,score,2.12
task4,20402.0,score,2.1
task4,20403.0,score,2.08
task4,20404.0,score,2.09
task4,20405.0,score,2.09
task4,20406.0,score,2.12
task4,20407.0,score,2.13
task4,20408.0,score,2.06
task4,20409.0,score,2.03
task4,20410.0,score,2.04
task4,20411.0,score,2.06
task4,20412.0,score,2.08
task4,20413.0,score,2.11
task4,20414.0,score,2.1
task4,20415.0,score,2.07
task4,20416.0,score,2.07
task4,20417.0,score,2.05
task4,20418.0,score,2.02
task4,20419.0,score,2.03
task4,20420.0,score,2.03
task4,20421.0,score,2.04
task4,20422.0,score,2.03
task4,20423.0,score,2.01
task4,20424.0,score,1.98
task4,20425.0,score,2.05
task4,20426.0,score,2.08
task4,20427.0,score,2.06
task4,20428.0,score,2.04
task4,20429.0,score,2.02
task4,20430.0,score,1.99
task4,20431.0,score,2.01
task4,20432.0,score,2.04
task4,20433.0,score,2.03
task4,20434.0,score,2.06
task4,20435.0,score,2.06
task4,20436.0,score,2.08
task4,20437.0,score,2.09
task4,20438.0,score,2.11
task4,20439.0,score,2.07
task4,20440.0,score,2.08
task4,20441.0,score,2.1
task4,20442.0,score,2.11
task4,20443.0,score,2.09
task4,20444.0,score,2.09
task4,20445.0,score,2.09
task4,20446.0,score,2.12
task4,20447.0,score,2.16
task4,20448.0,score,2.15
task4,20449.0,score,2.17
task4,20450.0,score,2.17
task4,20451.0,score,2.18
task4,20452.0,score,2.18
task4,20453.0,score,2.21
task4,20454.0,score,2.19
task4,20455.0,score,2.25
task4,20456.0,score,2.26
task4,20457.0,score,2.28
task4,20458.0,score,2.25
task4,20459.0,score,2.23
task4,20460.0,score,2.22
task4,20461.0,score,2.22
task4,20462.0,score,2.23
task4,20463.0,score,2.24
task4,20464.0,score,2.22
task4,20465.0,score,2.26
task4,20466.0,score,2.25
task4,20467.0,score,2.24
task4,20468.0,score,2.19
task4,20469.0,score,2.18
task4,20470.0,score,2.12
task4,20471.0,score,2.13
task4,20472.0,score,2.14
task4,20473.0,score,2.11
task4,20474.0,score,2.11
task4,20475.0,score,2.08
task4,20476.0,score,2.1
task4,20477.0,score,2.11
task4,20478.0,score,2.07
task4,20479.0,score,2.04
task4,20480.0,score,2.04
task4,20481.0,score,2.04
task4,20482.0,score,2.04
task4,20483.0,score,2.02
task4,20484.0,score,2.03
task4,20485.0,score,2.05
task4,20486.0,score,2.05
task4,20487.0,score,2.03
task4,20488.0,score,2.01
task4,20489.0,score,2.01
task4,20490.0,score,1.99
task4,20491.0,score,2.01
task4,20492.0,score,1.98
task4,20493.0,score,1.93
task4,20494.0,score,1.92
task4,20495.0,score,1.89
task4,20496.0,score,1.87
task4,20497.0,score,1.87
task4,20498.0,score,1.89
task4,20499.0,score,1.91
task4,20500.0,score,1.91
task4,20501.0,score,1.88
task4,20502.0,score,1.89
task4,20503.0,score,1.91
task4,20504.0,score,1.92
task4,20505.0,score,1.9
task4,20506.0,score,1.85
task4,20507.0,score,1.84
task4,20508.0,score,1.83
task4,20509.0,score,1.84
task4,20510.0,score,1.82
task4,20511.0,score,1.79
task4,20512.0,score,1.81
task4,20513.0,score,1.75
task4,20514.0,score,1.72
task4,20515.0,score,1.73
task4,20516.0,score,1.72
task4,20517.0,score,1.72
task4,20518.0,score,1.74
task4,20519.0,score,1.72
task4,20520.0,score,1.74
task4,20521.0,score,1.74
task4,20522.0,score,1.75
task4,20523.0,score,1.76
task4,20524.0,score,1.76
task4,20525.0,score,1.68
task4,20526.0,score,1.67
task4,20527.0,score,1.69
task4,20528.0,score,1.7
task4,20529.0,score,1.71
task4,20530.0,score,1.7
task4,20531.0,score,1.71
task4,20532.0,score,1.69
task4,20533.0,score,1.69
task4,20534.0,score,1.66
task4,20535.0,score,1.66
task4,20536.0,score,1.65
task4,20537.0,score,1.64
task4,20538.0,score,1.63
task4,20539.0,score,1.62
task4,20540.0,score,1.62
task4,20541.0,score,1.63
task4,20542.0,score,1.66
task4,20543.0,score,1.66
task4,20544.0,score,1.67
task4,20545.0,score,1.68
task4,20546.0,score,1.66
task4,20547.0,score,1.61
task4,20548.0,score,1.6
task4,20549.0,score,1.6
task4,20550.0,score,1.58
task4,20551.0,score,1.58
task4,20552.0,score,1.58
task4,20553.0,score,1.58
task4,20554.0,score,1.59
task4,20555.0,score,1.53
task4,20556.0,score,1.52
task4,20557.0,score,1.52
task4,20558.0,score,1.53
task4,20559.0,score,1.58
task4,20560.0,score,1.58
task4,20561.0,score,1.57
task4,20562.0,score,1.6
task4,20563.0,score,1.6
task4,20564.0,score,1.63
task4,20565.0,score,1.6
task4,20566.0,score,1.62
task4,20567.0,score,1.62
task4,20568.0,score,1.62
task4,20569.0,score,1.64
task4,20570.0,score,1.64
task4,20571.0,score,1.65
task4,20572.0,score,1.65
task4,20573.0,score,1.65
task4,20574.0,score,1.65
task4,20575.0,score,1.65
task4,20576.0,score,1.63
task4,20577.0,score,1.65
task4,20578.0,score,1.65
task4,20579.0,score,1.65
task4,20580.0,score,1.64
task4,20581.0,score,1.63
task4,20582.0,score,1.64
task4,20583.0,score,1.65
task4,20584.0,score,1.64
task4,20585.0,score,1.63
task4,20586.0,score,1.63
task4,20587.0,score,1.65
task4,20588.0,score,1.67
task4,20589.0,score,1.68
task4,20590.0,score,1.69
task4,20591.0,score,1.67
task4,20592.0,score,1.68
task4,20593.0,score,1.67
task4,20594.0,score,1.69
task4,20595.0,score,1.7
task4,20596.0,score,1.7
task4,20597.0,score,1.71
task4,20598.0,score,1.7
task4,20599.0,score,1.7
task4,20600.0,score,1.72
task4,20601.0,score,1.74
task4,20602.0,score,1.74
task4,20603.0,score,1.73
task4,20604.0,score,1.7
task4,20605.0,score,1.7
task4,20606.0,score,1.71
task4,20607.0,score,1.75
task4,20608.0,score,1.82
task4,20609.0,score,1.81
task4,20610.0,score,1.82
task4,20611.0,score,1.86
task4,20612.0,score,1.83
task4,20613.0,score,1.83
task4,20614.0,score,1.85
task4,20615.0,score,1.88
task4,20616.0,score,1.94
task4,20617.0,score,1.95
task4,20618.0,score,1.95
task4,20619.0,score,1.97
task4,20620.0,score,1.94
task4,20621.0,score,1.93
task4,20622.0,score,1.92
task4,20623.0,score,1.92
task4,20624.0,score,1.92
task4,20625.0,score,1.92
task4,20626.0,score,1.91
task4,20627.0,score,1.9
task4,20628.0,score,1.88
task4,20629.0,score,1.85
task4,20630.0,score,1.85
task4,20631.0,score,1.82
task4,20632.0,score,1.8
task4,20633.0,score,1.81
task4,20634.0,score,1.83
task4,20635.0,score,1.84
task4,20636.0,score,1.85
task4,20637.0,score,1.85
task4,20638.0,score,1.85
task4,20639.0,score,1.85
task4,20640.0,score,1.86
task4,20641.0,score,1.84
task4,20642.0,score,1.8
task4,20643.0,score,1.81
task4,20644.0,score,1.8
task4,20645.0,score,1.81
task4,20646.0,score,1.82
task4,20647.0,score,1.83
task4,20648.0,score,1.83
task4,20649.0,score,1.85
task4,20650.0,score,1.86
task4,20651.0,score,1.87
task4,20652.0,score,1.89
task4,20653.0,score,1.89
task4,20654.0,score,1.87
task4,20655.0,score,1.86
task4,20656.0,score,1.88
task4,20657.0,score,1.88
task4,20658.0,score,1.9
task4,20659.0,score,1.87
task4,20660.0,score,1.85
task4,20661.0,score,1.86
task4,20662.0,score,1.82
task4,20663.0,score,1.83
task4,20664.0,score,1.81
task4,20665.0,score,1.83
task4,20666.0,score,1.81
task4,20667.0,score,1.79
task4,20668.0,score,1.8
task4,20669.0,score,1.8
task4,20670.0,score,1.83
task4,20671.0,score,1.87
task4,20672.0,score,1.88
task4,20673.0,score,1.87
task4,20674.0,score,1.88
task4,20675.0,score,1.88
task4,20676.0,score,1.91
task4,20677.0,score,1.88
task4,20678.0,score,1.93
task4,20679.0,score,1.95
task4,20680.0,score,1.97
task4,20681.0,score,2.0
task4,20682.0,score,2.02
task4,20683.0,score,2.01
task4,20684.0,score,2.01
task4,20685.0,score,2.01
task4,20686.0,score,2.06
task4,20687.0,score,2.04
task4,20688.0,score,2.03
task4,20689.0,score,2.03
task4,20690.0,score,2.03
task4,20691.0,score,2.03
task4,20692.0,score,2.04
task4,20693.0,score,2.05
task4,20694.0,score,2.06
task4,20695.0,score,2.08
task4,20696.0,score,2.09
task4,20697.0,score,2.06
task4,20698.0,score,2.08
task4,20699.0,score,2.08
task4,20700.0,score,2.13
task4,20701.0,score,2.1
task4,20702.0,score,2.11
task4,20703.0,score,2.12
task4,20704.0,score,2.17
task4,20705.0,score,2.19
task4,20706.0,score,2.21
task4,20707.0,score,2.16
task4,20708.0,score,2.12
task4,20709.0,score,2.19
task4,20710.0,score,2.21
task4,20711.0,score,2.19
task4,20712.0,score,2.23
task4,20713.0,score,2.24
task4,20714.0,score,2.22
task4,20715.0,score,2.18
task4,20716.0,score,2.13
task4,20717.0,score,2.11
task4,20718.0,score,2.09
task4,20719.0,score,2.07
task4,20720.0,score,2.08
task4,20721.0,score,2.11
task4,20722.0,score,2.1
task4,20723.0,score,2.11
task4,20724.0,score,2.11
task4,20725.0,score,2.14
task4,20726.0,score,2.15
task4,20727.0,score,2.13
task4,20728.0,score,2.15
task4,20729.0,score,2.18
task4,20730.0,score,2.18
task4,20731.0,score,2.23
task4,20732.0,score,2.29
task4,20733.0,score,2.29
task4,20734.0,score,2.27
task4,20735.0,score,2.26
task4,20736.0,score,2.25
task4,20737.0,score,2.25
task4,20738.0,score,2.25
task4,20739.0,score,2.27
task4,20740.0,score,2.25
task4,20741.0,score,2.27
task4,20742.0,score,2.34
task4,20743.0,score,2.32
task4,20744.0,score,2.33
task4,20745.0,score,2.31
task4,20746.0,score,2.3
task4,20747.0,score,2.3
task4,20748.0,score,2.32
task4,20749.0,score,2.3
task4,20750.0,score,2.32
task4,20751.0,score,2.36
task4,20752.0,score,2.35
task4,20753.0,score,2.34
task4,20754.0,score,2.4
task4,20755.0,score,2.43
task4,20756.0,score,2.41
task4,20757.0,score,2.47
task4,20758.0,score,2.47
task4,20759.0,score,2.47
task4,20760.0,score,2.48
task4,20761.0,score,2.48
task4,20762.0,score,2.49
task4,20763.0,score,2.48
task4,20764.0,score,2.51
task4,20765.0,score,2.47
task4,20766.0,score,2.48
task4,20767.0,score,2.49
task4,20768.0,score,2.46
task4,20769.0,score,2.46
task4,20770.0,score,2.48
task4,20771.0,score,2.42
task4,20772.0,score,2.4
task4,20773.0,score,2.4
task4,20774.0,score,2.39
task4,20775.0,score,2.38
task4,20776.0,score,2.36
task4,20777.0,score,2.39
task4,20778.0,score,2.31
task4,20779.0,score,2.3
task4,20780.0,score,2.29
task4,20781.0,score,2.28
task4,20782.0,score,2.26
task4,20783.0,score,2.27
task4,20784.0,score,2.29
task4,20785.0,score,2.32
task4,20786.0,score,2.31
task4,20787.0,score,2.31
task4,20788.0,score,2.31
task4,20789.0,score,2.3
task4,20790.0,score,2.29
task4,20791.0,score,2.29
task4,20792.0,score,2.28
task4,20793.0,score,2.34
task4,20794.0,score,2.34
task4,20795.0,score,2.29
task4,20796.0,score,2.28
task4,20797.0,score,2.28
task4,20798.0,score,2.24
task4,20799.0,score,2.25
task4,20800.0,score,2.2
task4,20801.0,score,2.22
task4,20802.0,score,2.22
task4,20803.0,score,2.2
task4,20804.0,score,2.15
task4,20805.0,score,2.14
task4,20806.0,score,2.12
task4,20807.0,score,2.13
task4,20808.0,score,2.12
task4,20809.0,score,2.1
task4,20810.0,score,2.14
task4,20811.0,score,2.16
task4,20812.0,score,2.14
task4,20813.0,score,2.14
task4,20814.0,score,2.14
task4,20815.0,score,2.17
task4,20816.0,score,2.18
task4,20817.0,score,2.21
task4,20818.0,score,2.19
task4,20819.0,score,2.18
task4,20820.0,score,2.17
task4,20821.0,score,2.15
task4,20822.0,score,2.2
task4,20823.0,score,2.18
task4,20824.0,score,2.21
task4,20825.0,score,2.19
task4,20826.0,score,2.17
task4,20827.0,score,2.18
task4,20828.0,score,2.15
task4,20829.0,score,2.15
task4,20830.0,score,2.17
task4,20831.0,score,2.13
task4,20832.0,score,2.08
task4,20833.0,score,2.09
task4,20834.0,score,2.11
task4,20835.0,score,2.12
task4,20836.0,score,2.12
task4,20837.0,score,2.12
task4,20838.0,score,2.11
task4,20839.0,score,2.17
task4,20840.0,score,2.23
task4,20841.0,score,2.21
task4,20842.0,score,2.15
task4,20843.0,score,2.18
task4,20844.0,score,2.17
task4,20845.0,score,2.16
task4,20846.0,score,2.15
task4,20847.0,score,2.17
task4,20848.0,score,2.18
task4,20849.0,score,2.17
task4,20850.0,score,2.15
task4,20851.0,score,2.11
task4,20852.0,score,2.1
task4,20853.0,score,2.11
task4,20854.0,score,2.07
task4,20855.0,score,2.03
task4,20856.0,score,2.08
task4,20857.0,score,2.01
task4,20858.0,score,1.99
task4,20859.0,score,1.96
task4,20860.0,score,1.96
task4,20861.0,score,1.96
task4,20862.0,score,2.0
task4,20863.0,score,2.01
task4,20864.0,score,1.99
task4,20865.0,score,1.99
task4,20866.0,score,2.0
task4,20867.0,score,2.02
task4,20868.0,score,2.05
task4,20869.0,score,2.02
task4,20870.0,score,1.99
task4,20871.0,score,2.01
task4,20872.0,score,2.0
task4,20873.0,score,2.0
task4,20874.0,score,1.99
task4,20875.0,score,1.98
task4,20876.0,score,1.97
task4,20877.0,score,1.97
task4,20878.0,score,2.0
task4,20879.0,score,2.0
task4,20880.0,score,2.02
task4,20881.0,score,2.03
task4,20882.0,score,2.05
task4,20883.0,score,2.06
task4,20884.0,score,2.07
task4,20885.0,score,2.06
task4,20886.0,score,2.03
task4,20887.0,score,2.06
task4,20888.0,score,2.06
task4,20889.0,score,2.15
task4,20890.0,score,2.16
task4,20891.0,score,2.18
task4,20892.0,score,2.18
task4,20893.0,score,2.12
task4,20894.0,score,2.1
task4,20895.0,score,2.13
task4,20896.0,score,2.14
task4,20897.0,score,2.15
task4,20898.0,score,2.16
task4,20899.0,score,2.2
task4,20900.0,score,2.2
task4,20901.0,score,2.18
task4,20902.0,score,2.19
task4,20903.0,score,2.2
task4,20904.0,score,2.22
task4,20905.0,score,2.25
task4,20906.0,score,2.29
task4,20907.0,score,2.3
task4,20908.0,score,2.35
task4,20909.0,score,2.3
task4,20910.0,score,2.23
task4,20911.0,score,2.2
task4,20912.0,score,2.18
task4,20913.0,score,2.18
task4,20914.0,score,2.26
task4,20915.0,score,2.23
task4,20916.0,score,2.21
task4,20917.0,score,2.18
task4,20918.0,score,2.19
task4,20919.0,score,2.21
task4,20920.0,score,2.21
task4,20921.0,score,2.2
task4,20922.0,score,2.23
task4,20923.0,score,2.24
task4,20924.0,score,2.22
task4,20925.0,score,2.22
task4,20926.0,score,2.26
task4,20927.0,score,2.3
task4,20928.0,score,2.34
task4,20929.0,score,2.31
task4,20930.0,score,2.29
task4,20931.0,score,2.29
task4,20932.0,score,2.3
task4,20933.0,score,2.26
task4,20934.0,score,2.25
task4,20935.0,score,2.25
task4,20936.0,score,2.26
task4,20937.0,score,2.25
task4,20938.0,score,2.25
task4,20939.0,score,2.18
task4,20940.0,score,2.12
task4,20941.0,score,2.11
task4,20942.0,score,2.11
task4,20943.0,score,2.09
task4,20944.0,score,2.08
task4,20945.0,score,2.1
task4,20946.0,score,2.12
task4,20947.0,score,2.11
task4,20948.0,score,2.09
task4,20949.0,score,2.11
task4,20950.0,score,2.12
task4,20951.0,score,2.11
task4,20952.0,score,2.14
task4,20953.0,score,2.12
task4,20954.0,score,2.12
task4,20955.0,score,2.14
task4,20956.0,score,2.11
task4,20957.0,score,2.18
task4,20958.0,score,2.18
task4,20959.0,score,2.21
task4,20960.0,score,2.2
task4,20961.0,score,2.21
task4,20962.0,score,2.17
task4,20963.0,score,2.16
task4,20964.0,score,2.15
task4,20965.0,score,2.14
task4,20966.0,score,2.14
task4,20967.0,score,2.12
task4,20968.0,score,2.1
task4,20969.0,score,2.11
task4,20970.0,score,2.15
task4,20971.0,score,2.14
task4,20972.0,score,2.16
task4,20973.0,score,2.16
task4,20974.0,score,2.14
task4,20975.0,score,2.19
task4,20976.0,score,2.2
task4,20977.0,score,2.17
task4,20978.0,score,2.16
task4,20979.0,score,2.18
task4,20980.0,score,2.16
task4,20981.0,score,2.16
task4,20982.0,score,2.15
task4,20983.0,score,2.14
task4,20984.0,score,2.13
task4,20985.0,score,2.1
task4,20986.0,score,2.1
task4,20987.0,score,2.08
task4,20988.0,score,2.11
task4,20989.0,score,2.01
task4,20990.0,score,2.02
task4,20991.0,score,2.03
task4,20992.0,score,2.03
task4,20993.0,score,2.05
task4,20994.0,score,2.05
task4,20995.0,score,2.02
task4,20996.0,score,2.02
task4,20997.0,score,2.02
task4,20998.0,score,2.01
task4,20999.0,score,1.95
task4,21000.0,score,1.95
task4,21001.0,score,1.95
task4,21002.0,score,1.91
task4,21003.0,score,1.9
task4,21004.0,score,1.91
task4,21005.0,score,1.87
task4,21006.0,score,1.83
task4,21007.0,score,1.81
task4,21008.0,score,1.75
task4,21009.0,score,1.76
task4,21010.0,score,1.76
task4,21011.0,score,1.75
task4,21012.0,score,1.74
task4,21013.0,score,1.76
task4,21014.0,score,1.7
task4,21015.0,score,1.77
task4,21016.0,score,1.76
task4,21017.0,score,1.78
task4,21018.0,score,1.79
task4,21019.0,score,1.8
task4,21020.0,score,1.81
task4,21021.0,score,1.83
task4,21022.0,score,1.83
task4,21023.0,score,1.83
task4,21024.0,score,1.83
task4,21025.0,score,1.82
task4,21026.0,score,1.79
task4,21027.0,score,1.75
task4,21028.0,score,1.79
task4,21029.0,score,1.79
task4,21030.0,score,1.79
task4,21031.0,score,1.79
task4,21032.0,score,1.79
task4,21033.0,score,1.81
task4,21034.0,score,1.79
task4,21035.0,score,1.82
task4,21036.0,score,1.81
task4,21037.0,score,1.82
task4,21038.0,score,1.83
task4,21039.0,score,1.82
task4,21040.0,score,1.83
task4,21041.0,score,1.86
task4,21042.0,score,1.9
task4,21043.0,score,1.92
task4,21044.0,score,1.93
task4,21045.0,score,1.94
task4,21046.0,score,1.93
task4,21047.0,score,1.91
task4,21048.0,score,1.91
task4,21049.0,score,1.89
task4,21050.0,score,1.87
task4,21051.0,score,1.94
task4,21052.0,score,1.92
task4,21053.0,score,1.98
task4,21054.0,score,1.96
task4,21055.0,score,1.95
task4,21056.0,score,1.94
task4,21057.0,score,1.87
task4,21058.0,score,1.86
task4,21059.0,score,1.85
task4,21060.0,score,1.85
task4,21061.0,score,1.84
task4,21062.0,score,1.83
task4,21063.0,score,1.91
task4,21064.0,score,1.91
task4,21065.0,score,1.91
task4,21066.0,score,1.89
task4,21067.0,score,1.89
task4,21068.0,score,1.88
task4,21069.0,score,1.9
task4,21070.0,score,1.87
task4,21071.0,score,1.88
task4,21072.0,score,1.87
task4,21073.0,score,1.89
task4,21074.0,score,1.91
task4,21075.0,score,1.85
task4,21076.0,score,1.87
task4,21077.0,score,1.88
task4,21078.0,score,1.89
task4,21079.0,score,1.88
task4,21080.0,score,1.87
task4,21081.0,score,1.86
task4,21082.0,score,1.88
task4,21083.0,score,1.9
task4,21084.0,score,1.9
task4,21085.0,score,1.91
task4,21086.0,score,1.89
task4,21087.0,score,1.88
task4,21088.0,score,1.87
task4,21089.0,score,1.86
task4,21090.0,score,1.87
task4,21091.0,score,1.86
task4,21092.0,score,1.84
task4,21093.0,score,1.84
task4,21094.0,score,1.84
task4,21095.0,score,1.88
task4,21096.0,score,1.86
task4,21097.0,score,1.87
task4,21098.0,score,1.89
task4,21099.0,score,1.93
task4,21100.0,score,1.93
task4,21101.0,score,1.96
task4,21102.0,score,1.97
task4,21103.0,score,1.99
task4,21104.0,score,1.98
task4,21105.0,score,1.99
task4,21106.0,score,2.0
task4,21107.0,score,2.03
task4,21108.0,score,2.04
task4,21109.0,score,2.07
task4,21110.0,score,2.08
task4,21111.0,score,2.1
task4,21112.0,score,2.1
task4,21113.0,score,2.07
task4,21114.0,score,2.07
task4,21115.0,score,2.02
task4,21116.0,score,2.03
task4,21117.0,score,2.01
task4,21118.0,score,1.99
task4,21119.0,score,1.98
task4,21120.0,score,1.96
task4,21121.0,score,1.99
task4,21122.0,score,1.92
task4,21123.0,score,1.95
task4,21124.0,score,1.97
task4,21125.0,score,1.97
task4,21126.0,score,1.96
task4,21127.0,score,1.96
task4,21128.0,score,1.91
task4,21129.0,score,1.95
task4,21130.0,score,1.94
task4,21131.0,score,1.95
task4,21132.0,score,1.94
task4,21133.0,score,1.96
task4,21134.0,score,1.97
task4,21135.0,score,1.92
task4,21136.0,score,1.96
task4,21137.0,score,1.98
task4,21138.0,score,2.01
task4,21139.0,score,2.02
task4,21140.0,score,2.02
task4,21141.0,score,2.02
task4,21142.0,score,1.98
task4,21143.0,score,1.98
task4,21144.0,score,2.0
task4,21145.0,score,2.01
task4,21146.0,score,2.02
task4,21147.0,score,2.04
task4,21148.0,score,2.04
task4,21149.0,score,2.06
task4,21150.0,score,2.08
task4,21151.0,score,2.05
task4,21152.0,score,2.03
task4,21153.0,score,2.0
task4,21154.0,score,2.04
task4,21155.0,score,2.06
task4,21156.0,score,2.06
task4,21157.0,score,2.08
task4,21158.0,score,2.1
task4,21159.0,score,2.09
task4,21160.0,score,2.1
task4,21161.0,score,2.11
task4,21162.0,score,2.13
task4,21163.0,score,2.06
task4,21164.0,score,2.06
task4,21165.0,score,2.08
task4,21166.0,score,2.08
task4,21167.0,score,2.09
task4,21168.0,score,2.12
task4,21169.0,score,2.11
task4,21170.0,score,2.1
task4,21171.0,score,2.11
task4,21172.0,score,2.13
task4,21173.0,score,2.12
task4,21174.0,score,2.11
task4,21175.0,score,2.12
task4,21176.0,score,2.12
task4,21177.0,score,2.14
task4,21178.0,score,2.16
task4,21179.0,score,2.22
task4,21180.0,score,2.22
task4,21181.0,score,2.24
task4,21182.0,score,2.2
task4,21183.0,score,2.18
task4,21184.0,score,2.19
task4,21185.0,score,2.19
task4,21186.0,score,2.23
task4,21187.0,score,2.23
task4,21188.0,score,2.22
task4,21189.0,score,2.23
task4,21190.0,score,2.2
task4,21191.0,score,2.18
task4,21192.0,score,2.2
task4,21193.0,score,2.18
task4,21194.0,score,2.21
task4,21195.0,score,2.17
task4,21196.0,score,2.2
task4,21197.0,score,2.18
task4,21198.0,score,2.19
task4,21199.0,score,2.15
task4,21200.0,score,2.13
task4,21201.0,score,2.12
task4,21202.0,score,2.12
task4,21203.0,score,2.14
task4,21204.0,score,2.14
task4,21205.0,score,2.13
task4,21206.0,score,2.13
task4,21207.0,score,2.14
task4,21208.0,score,2.15
task4,21209.0,score,2.14
task4,21210.0,score,2.16
task4,21211.0,score,2.17
task4,21212.0,score,2.18
task4,21213.0,score,2.21
task4,21214.0,score,2.21
task4,21215.0,score,2.26
task4,21216.0,score,2.26
task4,21217.0,score,2.28
task4,21218.0,score,2.31
task4,21219.0,score,2.33
task4,21220.0,score,2.33
task4,21221.0,score,2.31
task4,21222.0,score,2.34
task4,21223.0,score,2.33
task4,21224.0,score,2.31
task4,21225.0,score,2.32
task4,21226.0,score,2.33
task4,21227.0,score,2.31
task4,21228.0,score,2.27
task4,21229.0,score,2.29
task4,21230.0,score,2.32
task4,21231.0,score,2.34
task4,21232.0,score,2.34
task4,21233.0,score,2.33
task4,21234.0,score,2.33
task4,21235.0,score,2.4
task4,21236.0,score,2.36
task4,21237.0,score,2.36
task4,21238.0,score,2.32
task4,21239.0,score,2.37
task4,21240.0,score,2.35
task4,21241.0,score,2.33
task4,21242.0,score,2.35
task4,21243.0,score,2.35
task4,21244.0,score,2.34
task4,21245.0,score,2.33
task4,21246.0,score,2.37
task4,21247.0,score,2.35
task4,21248.0,score,2.35
task4,21249.0,score,2.34
task4,21250.0,score,2.32
task4,21251.0,score,2.32
task4,21252.0,score,2.31
task4,21253.0,score,2.37
task4,21254.0,score,2.33
task4,21255.0,score,2.3
task4,21256.0,score,2.32
task4,21257.0,score,2.29
task4,21258.0,score,2.28
task4,21259.0,score,2.29
task4,21260.0,score,2.28
task4,21261.0,score,2.27
task4,21262.0,score,2.28
task4,21263.0,score,2.26
task4,21264.0,score,2.28
task4,21265.0,score,2.28
task4,21266.0,score,2.3
task4,21267.0,score,2.3
task4,21268.0,score,2.29
task4,21269.0,score,2.27
task4,21270.0,score,2.33
task4,21271.0,score,2.33
task4,21272.0,score,2.33
task4,21273.0,score,2.32
task4,21274.0,score,2.34
task4,21275.0,score,2.36
task4,21276.0,score,2.36
task4,21277.0,score,2.34
task4,21278.0,score,2.31
task4,21279.0,score,2.23
task4,21280.0,score,2.29
task4,21281.0,score,2.25
task4,21282.0,score,2.26
task4,21283.0,score,2.26
task4,21284.0,score,2.26
task4,21285.0,score,2.27
task4,21286.0,score,2.25
task4,21287.0,score,2.26
task4,21288.0,score,2.25
task4,21289.0,score,2.24
task4,21290.0,score,2.24
task4,21291.0,score,2.24
task4,21292.0,score,2.24
task4,21293.0,score,2.29
task4,21294.0,score,2.25
task4,21295.0,score,2.29
task4,21296.0,score,2.28
task4,21297.0,score,2.29
task4,21298.0,score,2.31
task4,21299.0,score,2.3
task4,21300.0,score,2.37
task4,21301.0,score,2.39
task4,21302.0,score,2.4
task4,21303.0,score,2.38
task4,21304.0,score,2.39
task4,21305.0,score,2.42
task4,21306.0,score,2.44
task4,21307.0,score,2.41
task4,21308.0,score,2.39
task4,21309.0,score,2.39
task4,21310.0,score,2.37
task4,21311.0,score,2.35
task4,21312.0,score,2.35
task4,21313.0,score,2.32
task4,21314.0,score,2.32
task4,21315.0,score,2.27
task4,21316.0,score,2.28
task4,21317.0,score,2.26
task4,21318.0,score,2.25
task4,21319.0,score,2.24
task4,21320.0,score,2.24
task4,21321.0,score,2.23
task4,21322.0,score,2.19
task4,21323.0,score,2.16
task4,21324.0,score,2.18
task4,21325.0,score,2.19
task4,21326.0,score,2.2
task4,21327.0,score,2.22
task4,21328.0,score,2.23
task4,21329.0,score,2.17
task4,21330.0,score,2.18
task4,21331.0,score,2.14
task4,21332.0,score,2.15
task4,21333.0,score,2.14
task4,21334.0,score,2.15
task4,21335.0,score,2.08
task4,21336.0,score,2.1
task4,21337.0,score,2.07
task4,21338.0,score,2.08
task4,21339.0,score,2.04
task4,21340.0,score,2.06
task4,21341.0,score,2.05
task4,21342.0,score,2.04
task4,21343.0,score,2.03
task4,21344.0,score,2.02
task4,21345.0,score,2.01
task4,21346.0,score,1.98
task4,21347.0,score,2.0
task4,21348.0,score,2.01
task4,21349.0,score,2.01
task4,21350.0,score,2.02
task4,21351.0,score,1.98
task4,21352.0,score,2.0
task4,21353.0,score,1.93
task4,21354.0,score,1.96
task4,21355.0,score,1.96
task4,21356.0,score,1.93
task4,21357.0,score,1.93
task4,21358.0,score,1.95
task4,21359.0,score,1.94
task4,21360.0,score,1.98
task4,21361.0,score,1.97
task4,21362.0,score,1.99
task4,21363.0,score,2.02
task4,21364.0,score,2.0
task4,21365.0,score,1.99
task4,21366.0,score,1.98
task4,21367.0,score,1.97
task4,21368.0,score,2.01
task4,21369.0,score,2.04
task4,21370.0,score,1.97
task4,21371.0,score,1.94
task4,21372.0,score,1.92
task4,21373.0,score,1.93
task4,21374.0,score,1.92
task4,21375.0,score,1.89
task4,21376.0,score,1.86
task4,21377.0,score,1.93
task4,21378.0,score,1.93
task4,21379.0,score,1.94
task4,21380.0,score,1.87
task4,21381.0,score,1.87
task4,21382.0,score,1.89
task4,21383.0,score,1.87
task4,21384.0,score,1.87
task4,21385.0,score,1.87
task4,21386.0,score,1.85
task4,21387.0,score,1.83
task4,21388.0,score,1.83
task4,21389.0,score,1.83
task4,21390.0,score,1.86
task4,21391.0,score,1.9
task4,21392.0,score,1.91
task4,21393.0,score,1.86
task4,21394.0,score,1.86
task4,21395.0,score,1.82
task4,21396.0,score,1.83
task4,21397.0,score,1.83
task4,21398.0,score,1.82
task4,21399.0,score,1.81
task4,21400.0,score,1.76
task4,21401.0,score,1.74
task4,21402.0,score,1.79
task4,21403.0,score,1.79
task4,21404.0,score,1.78
task4,21405.0,score,1.76
task4,21406.0,score,1.75
task4,21407.0,score,1.75
task4,21408.0,score,1.76
task4,21409.0,score,1.76
task4,21410.0,score,1.76
task4,21411.0,score,1.77
task4,21412.0,score,1.77
task4,21413.0,score,1.76
task4,21414.0,score,1.77
task4,21415.0,score,1.77
task4,21416.0,score,1.76
task4,21417.0,score,1.77
task4,21418.0,score,1.77
task4,21419.0,score,1.76
task4,21420.0,score,1.76
task4,21421.0,score,1.75
task4,21422.0,score,1.77
task4,21423.0,score,1.79
task4,21424.0,score,1.76
task4,21425.0,score,1.76
task4,21426.0,score,1.75
task4,21427.0,score,1.75
task4,21428.0,score,1.77
task4,21429.0,score,1.78
task4,21430.0,score,1.77
task4,21431.0,score,1.79
task4,21432.0,score,1.78
task4,21433.0,score,1.77
task4,21434.0,score,1.76
task4,21435.0,score,1.77
task4,21436.0,score,1.77
task4,21437.0,score,1.78
task4,21438.0,score,1.78
task4,21439.0,score,1.77
task4,21440.0,score,1.79
task4,21441.0,score,1.83
task4,21442.0,score,1.82
task4,21443.0,score,1.82
task4,21444.0,score,1.83
task4,21445.0,score,1.83
task4,21446.0,score,1.82
task4,21447.0,score,1.87
task4,21448.0,score,1.89
task4,21449.0,score,1.92
task4,21450.0,score,1.95
task4,21451.0,score,1.99
task4,21452.0,score,1.97
task4,21453.0,score,1.94
task4,21454.0,score,1.91
task4,21455.0,score,1.93
task4,21456.0,score,1.95
task4,21457.0,score,1.96
task4,21458.0,score,2.03
task4,21459.0,score,2.04
task4,21460.0,score,2.02
task4,21461.0,score,2.03
task4,21462.0,score,2.0
task4,21463.0,score,1.97
task4,21464.0,score,1.99
task4,21465.0,score,1.98
task4,21466.0,score,1.97
task4,21467.0,score,2.02
task4,21468.0,score,1.96
task4,21469.0,score,1.93
task4,21470.0,score,1.96
task4,21471.0,score,1.98
task4,21472.0,score,1.98
task4,21473.0,score,1.98
task4,21474.0,score,1.99
task4,21475.0,score,2.03
task4,21476.0,score,2.05
task4,21477.0,score,1.97
task4,21478.0,score,1.95
task4,21479.0,score,1.97
task4,21480.0,score,1.98
task4,21481.0,score,2.0
task4,21482.0,score,1.99
task4,21483.0,score,2.02
task4,21484.0,score,1.99
task4,21485.0,score,1.99
task4,21486.0,score,1.99
task4,21487.0,score,1.99
task4,21488.0,score,2.0
task4,21489.0,score,2.02
task4,21490.0,score,1.99
task4,21491.0,score,1.98
task4,21492.0,score,1.98
task4,21493.0,score,2.03
task4,21494.0,score,2.03
task4,21495.0,score,2.03
task4,21496.0,score,2.01
task4,21497.0,score,1.99
task4,21498.0,score,1.98
task4,21499.0,score,1.99
task4,21500.0,score,2.03
task4,21501.0,score,2.04
task4,21502.0,score,1.98
task4,21503.0,score,1.98
task4,21504.0,score,1.99
task4,21505.0,score,1.99
task4,21506.0,score,1.99
task4,21507.0,score,2.0
task4,21508.0,score,2.02
task4,21509.0,score,1.99
task4,21510.0,score,2.04
task4,21511.0,score,2.1
task4,21512.0,score,2.12
task4,21513.0,score,2.15
task4,21514.0,score,2.12
task4,21515.0,score,2.12
task4,21516.0,score,2.12
task4,21517.0,score,2.13
task4,21518.0,score,2.14
task4,21519.0,score,2.15
task4,21520.0,score,2.18
task4,21521.0,score,2.2
task4,21522.0,score,2.19
task4,21523.0,score,2.19
task4,21524.0,score,2.21
task4,21525.0,score,2.21
task4,21526.0,score,2.22
task4,21527.0,score,2.21
task4,21528.0,score,2.25
task4,21529.0,score,2.31
task4,21530.0,score,2.28
task4,21531.0,score,2.27
task4,21532.0,score,2.29
task4,21533.0,score,2.3
task4,21534.0,score,2.37
task4,21535.0,score,2.37
task4,21536.0,score,2.36
task4,21537.0,score,2.39
task4,21538.0,score,2.4
task4,21539.0,score,2.4
task4,21540.0,score,2.4
task4,21541.0,score,2.4
task4,21542.0,score,2.41
task4,21543.0,score,2.42
task4,21544.0,score,2.41
task4,21545.0,score,2.43
task4,21546.0,score,2.44
task4,21547.0,score,2.38
task4,21548.0,score,2.35
task4,21549.0,score,2.3
task4,21550.0,score,2.33
task4,21551.0,score,2.29
task4,21552.0,score,2.32
task4,21553.0,score,2.32
task4,21554.0,score,2.34
task4,21555.0,score,2.34
task4,21556.0,score,2.34
task4,21557.0,score,2.33
task4,21558.0,score,2.24
task4,21559.0,score,2.3
task4,21560.0,score,2.35
task4,21561.0,score,2.36
task4,21562.0,score,2.34
task4,21563.0,score,2.35
task4,21564.0,score,2.33
task4,21565.0,score,2.35
task4,21566.0,score,2.34
task4,21567.0,score,2.28
task4,21568.0,score,2.28
task4,21569.0,score,2.3
task4,21570.0,score,2.28
task4,21571.0,score,2.27
task4,21572.0,score,2.26
task4,21573.0,score,2.26
task4,21574.0,score,2.27
task4,21575.0,score,2.26
task4,21576.0,score,2.27
task4,21577.0,score,2.3
task4,21578.0,score,2.33
task4,21579.0,score,2.33
task4,21580.0,score,2.34
task4,21581.0,score,2.34
task4,21582.0,score,2.34
task4,21583.0,score,2.31
task4,21584.0,score,2.38
task4,21585.0,score,2.37
task4,21586.0,score,2.38
task4,21587.0,score,2.41
task4,21588.0,score,2.42
task4,21589.0,score,2.45
task4,21590.0,score,2.49
task4,21591.0,score,2.48
task4,21592.0,score,2.48
task4,21593.0,score,2.43
task4,21594.0,score,2.44
task4,21595.0,score,2.46
task4,21596.0,score,2.47
task4,21597.0,score,2.47
task4,21598.0,score,2.45
task4,21599.0,score,2.45
task4,21600.0,score,2.4
task4,21601.0,score,2.4
task4,21602.0,score,2.4
task4,21603.0,score,2.39
task4,21604.0,score,2.37
task4,21605.0,score,2.43
task4,21606.0,score,2.44
task4,21607.0,score,2.43
task4,21608.0,score,2.41
task4,21609.0,score,2.43
task4,21610.0,score,2.39
task4,21611.0,score,2.31
task4,21612.0,score,2.3
task4,21613.0,score,2.27
task4,21614.0,score,2.29
task4,21615.0,score,2.31
task4,21616.0,score,2.32
task4,21617.0,score,2.31
task4,21618.0,score,2.31
task4,21619.0,score,2.3
task4,21620.0,score,2.35
task4,21621.0,score,2.33
task4,21622.0,score,2.37
task4,21623.0,score,2.38
task4,21624.0,score,2.37
task4,21625.0,score,2.42
task4,21626.0,score,2.4
task4,21627.0,score,2.44
task4,21628.0,score,2.4
task4,21629.0,score,2.4
task4,21630.0,score,2.41
task4,21631.0,score,2.44
task4,21632.0,score,2.43
task4,21633.0,score,2.44
task4,21634.0,score,2.38
task4,21635.0,score,2.39
task4,21636.0,score,2.39
task4,21637.0,score,2.4
task4,21638.0,score,2.4
task4,21639.0,score,2.41
task4,21640.0,score,2.38
task4,21641.0,score,2.37
task4,21642.0,score,2.37
task4,21643.0,score,2.35
task4,21644.0,score,2.34
task4,21645.0,score,2.31
task4,21646.0,score,2.31
task4,21647.0,score,2.32
task4,21648.0,score,2.32
task4,21649.0,score,2.36
task4,21650.0,score,2.31
task4,21651.0,score,2.39
task4,21652.0,score,2.37
task4,21653.0,score,2.39
task4,21654.0,score,2.38
task4,21655.0,score,2.38
task4,21656.0,score,2.36
task4,21657.0,score,2.39
task4,21658.0,score,2.4
task4,21659.0,score,2.32
task4,21660.0,score,2.3
task4,21661.0,score,2.28
task4,21662.0,score,2.28
task4,21663.0,score,2.28
task4,21664.0,score,2.29
task4,21665.0,score,2.28
task4,21666.0,score,2.29
task4,21667.0,score,2.3
task4,21668.0,score,2.33
task4,21669.0,score,2.33
task4,21670.0,score,2.34
task4,21671.0,score,2.36
task4,21672.0,score,2.38
task4,21673.0,score,2.39
task4,21674.0,score,2.36
task4,21675.0,score,2.34
task4,21676.0,score,2.32
task4,21677.0,score,2.29
task4,21678.0,score,2.27
task4,21679.0,score,2.28
task4,21680.0,score,2.26
task4,21681.0,score,2.25
task4,21682.0,score,2.23
task4,21683.0,score,2.23
task4,21684.0,score,2.18
task4,21685.0,score,2.18
task4,21686.0,score,2.19
task4,21687.0,score,2.17
task4,21688.0,score,2.18
task4,21689.0,score,2.14
task4,21690.0,score,2.1
task4,21691.0,score,2.09
task4,21692.0,score,2.08
task4,21693.0,score,2.07
task4,21694.0,score,2.08
task4,21695.0,score,2.09
task4,21696.0,score,2.07
task4,21697.0,score,2.09
task4,21698.0,score,2.11
task4,21699.0,score,2.12
task4,21700.0,score,2.13
task4,21701.0,score,2.12
task4,21702.0,score,2.14
task4,21703.0,score,2.15
task4,21704.0,score,2.15
task4,21705.0,score,2.11
task4,21706.0,score,2.07
task4,21707.0,score,2.1
task4,21708.0,score,2.09
task4,21709.0,score,2.07
task4,21710.0,score,2.07
task4,21711.0,score,2.09
task4,21712.0,score,2.09
task4,21713.0,score,2.09
task4,21714.0,score,2.07
task4,21715.0,score,2.04
task4,21716.0,score,2.04
task4,21717.0,score,2.04
task4,21718.0,score,2.05
task4,21719.0,score,2.04
task4,21720.0,score,1.99
task4,21721.0,score,2.0
task4,21722.0,score,1.97
task4,21723.0,score,1.95
task4,21724.0,score,1.95
task4,21725.0,score,1.92
task4,21726.0,score,1.94
task4,21727.0,score,1.92
task4,21728.0,score,1.89
task4,21729.0,score,1.86
task4,21730.0,score,1.89
task4,21731.0,score,1.88
task4,21732.0,score,1.88
task4,21733.0,score,1.86
task4,21734.0,score,1.85
task4,21735.0,score,1.83
task4,21736.0,score,1.82
task4,21737.0,score,1.77
task4,21738.0,score,1.76
task4,21739.0,score,1.75
task4,21740.0,score,1.75
task4,21741.0,score,1.73
task4,21742.0,score,1.72
task4,21743.0,score,1.74
task4,21744.0,score,1.75
task4,21745.0,score,1.77
task4,21746.0,score,1.75
task4,21747.0,score,1.75
task4,21748.0,score,1.75
task4,21749.0,score,1.74
task4,21750.0,score,1.74
task4,21751.0,score,1.65
task4,21752.0,score,1.67
task4,21753.0,score,1.68
task4,21754.0,score,1.69
task4,21755.0,score,1.72
task4,21756.0,score,1.74
task4,21757.0,score,1.73
task4,21758.0,score,1.75
task4,21759.0,score,1.82
task4,21760.0,score,1.77
task4,21761.0,score,1.81
task4,21762.0,score,1.83
task4,21763.0,score,1.83
task4,21764.0,score,1.83
task4,21765.0,score,1.82
task4,21766.0,score,1.83
task4,21767.0,score,1.83
task4,21768.0,score,1.82
task4,21769.0,score,1.83
task4,21770.0,score,1.81
task4,21771.0,score,1.79
task4,21772.0,score,1.79
task4,21773.0,score,1.78
task4,21774.0,score,1.79
task4,21775.0,score,1.78
task4,21776.0,score,1.78
task4,21777.0,score,1.79
task4,21778.0,score,1.8
task4,21779.0,score,1.77
task4,21780.0,score,1.78
task4,21781.0,score,1.8
task4,21782.0,score,1.81
task4,21783.0,score,1.84
task4,21784.0,score,1.85
task4,21785.0,score,1.89
task4,21786.0,score,1.86
task4,21787.0,score,1.87
task4,21788.0,score,1.85
task4,21789.0,score,1.85
task4,21790.0,score,1.85
task4,21791.0,score,1.85
task4,21792.0,score,1.87
task4,21793.0,score,1.9
task4,21794.0,score,1.89
task4,21795.0,score,1.88
task4,21796.0,score,1.91
task4,21797.0,score,1.99
task4,21798.0,score,2.03
task4,21799.0,score,2.01
task4,21800.0,score,2.03
task4,21801.0,score,2.02
task4,21802.0,score,2.01
task4,21803.0,score,1.99
task4,21804.0,score,1.99
task4,21805.0,score,2.0
task4,21806.0,score,2.01
task4,21807.0,score,1.98
task4,21808.0,score,1.98
task4,21809.0,score,1.98
task4,21810.0,score,1.96
task4,21811.0,score,1.95
task4,21812.0,score,1.95
task4,21813.0,score,2.0
task4,21814.0,score,2.01
task4,21815.0,score,2.01
task4,21816.0,score,2.02
task4,21817.0,score,2.04
task4,21818.0,score,2.02
task4,21819.0,score,2.01
task4,21820.0,score,1.99
task4,21821.0,score,1.98
task4,21822.0,score,1.98
task4,21823.0,score,2.01
task4,21824.0,score,2.02
task4,21825.0,score,1.98
task4,21826.0,score,1.96
task4,21827.0,score,1.93
task4,21828.0,score,1.96
task4,21829.0,score,1.94
task4,21830.0,score,1.92
task4,21831.0,score,1.89
task4,21832.0,score,1.94
task4,21833.0,score,1.94
task4,21834.0,score,1.97
task4,21835.0,score,1.98
task4,21836.0,score,1.97
task4,21837.0,score,1.99
task4,21838.0,score,2.01
task4,21839.0,score,2.08
task4,21840.0,score,2.07
task4,21841.0,score,2.06
task4,21842.0,score,2.07
task4,21843.0,score,2.06
task4,21844.0,score,2.06
task4,21845.0,score,2.04
task4,21846.0,score,2.03
task4,21847.0,score,2.02
task4,21848.0,score,2.04
task4,21849.0,score,2.03
task4,21850.0,score,2.02
task4,21851.0,score,2.05
task4,21852.0,score,2.05
task4,21853.0,score,2.05
task4,21854.0,score,2.05
task4,21855.0,score,2.01
task4,21856.0,score,2.0
task4,21857.0,score,2.0
task4,21858.0,score,1.96
task4,21859.0,score,1.92
task4,21860.0,score,1.94
task4,21861.0,score,1.91
task4,21862.0,score,1.9
task4,21863.0,score,1.97
task4,21864.0,score,1.97
task4,21865.0,score,1.96
task4,21866.0,score,1.94
task4,21867.0,score,1.94
task4,21868.0,score,1.92
task4,21869.0,score,1.98
task4,21870.0,score,1.99
task4,21871.0,score,2.01
task4,21872.0,score,2.05
task4,21873.0,score,2.06
task4,21874.0,score,2.04
task4,21875.0,score,2.06
task4,21876.0,score,2.08
task4,21877.0,score,2.09
task4,21878.0,score,2.09
task4,21879.0,score,2.09
task4,21880.0,score,2.15
task4,21881.0,score,2.14
task4,21882.0,score,2.13
task4,21883.0,score,2.1
task4,21884.0,score,2.16
task4,21885.0,score,2.12
task4,21886.0,score,2.14
task4,21887.0,score,2.12
task4,21888.0,score,2.11
task4,21889.0,score,2.12
task4,21890.0,score,2.14
task4,21891.0,score,2.14
task4,21892.0,score,2.1
task4,21893.0,score,2.09
task4,21894.0,score,2.08
task4,21895.0,score,2.1
task4,21896.0,score,2.08
task4,21897.0,score,1.99
task4,21898.0,score,1.93
task4,21899.0,score,1.93
task4,21900.0,score,1.91
task4,21901.0,score,1.92
task4,21902.0,score,1.93
task4,21903.0,score,1.96
task4,21904.0,score,1.97
task4,21905.0,score,1.95
task4,21906.0,score,1.94
task4,21907.0,score,1.96
task4,21908.0,score,1.97
task4,21909.0,score,1.98
task4,21910.0,score,2.01
task4,21911.0,score,2.06
task4,21912.0,score,2.05
task4,21913.0,score,2.0
task4,21914.0,score,1.99
task4,21915.0,score,2.0
task4,21916.0,score,2.01
task4,21917.0,score,2.05
task4,21918.0,score,2.03
task4,21919.0,score,2.07
task4,21920.0,score,2.06
task4,21921.0,score,2.1
task4,21922.0,score,2.09
task4,21923.0,score,2.06
task4,21924.0,score,2.09
task4,21925.0,score,2.13
task4,21926.0,score,2.13
task4,21927.0,score,2.16
task4,21928.0,score,2.14
task4,21929.0,score,2.12
task4,21930.0,score,2.12
task4,21931.0,score,2.15
task4,21932.0,score,2.1
task4,21933.0,score,2.1
task4,21934.0,score,2.09
task4,21935.0,score,2.09
task4,21936.0,score,2.11
task4,21937.0,score,2.11
task4,21938.0,score,2.1
task4,21939.0,score,2.04
task4,21940.0,score,2.08
task4,21941.0,score,2.1
task4,21942.0,score,2.13
task4,21943.0,score,2.14
task4,21944.0,score,2.16
task4,21945.0,score,2.16
task4,21946.0,score,2.19
task4,21947.0,score,2.2
task4,21948.0,score,2.18
task4,21949.0,score,2.17
task4,21950.0,score,2.17
task4,21951.0,score,2.15
task4,21952.0,score,2.13
task4,21953.0,score,2.12
task4,21954.0,score,2.1
task4,21955.0,score,2.11
task4,21956.0,score,2.12
task4,21957.0,score,2.13
task4,21958.0,score,2.18
task4,21959.0,score,2.15
task4,21960.0,score,2.13
task4,21961.0,score,2.13
task4,21962.0,score,2.14
task4,21963.0,score,2.07
task4,21964.0,score,2.05
task4,21965.0,score,2.08
task4,21966.0,score,2.09
task4,21967.0,score,2.09
task4,21968.0,score,2.11
task4,21969.0,score,2.02
task4,21970.0,score,2.04
task4,21971.0,score,2.07
task4,21972.0,score,2.03
task4,21973.0,score,2.03
task4,21974.0,score,2.04
task4,21975.0,score,2.02
task4,21976.0,score,2.0
task4,21977.0,score,2.03
task4,21978.0,score,2.04
task4,21979.0,score,2.03
task4,21980.0,score,1.98
task4,21981.0,score,2.01
task4,21982.0,score,2.03
task4,21983.0,score,2.04
task4,21984.0,score,1.97
task4,21985.0,score,1.98
task4,21986.0,score,1.98
task4,21987.0,score,1.99
task4,21988.0,score,2.02
task4,21989.0,score,2.01
task4,21990.0,score,2.01
task4,21991.0,score,2.01
task4,21992.0,score,2.01
task4,21993.0,score,2.01
task4,21994.0,score,2.03
task4,21995.0,score,2.01
task4,21996.0,score,2.02
task4,21997.0,score,2.04
task4,21998.0,score,2.03
task4,21999.0,score,2.04
task4,22000.0,score,2.03
task4,22001.0,score,2.04
task4,22002.0,score,2.03
task4,22003.0,score,2.0
task4,22004.0,score,1.99
task4,22005.0,score,1.98
task4,22006.0,score,2.0
task4,22007.0,score,2.02
task4,22008.0,score,2.0
task4,22009.0,score,1.99
task4,22010.0,score,1.98
task4,22011.0,score,1.93
task4,22012.0,score,1.93
task4,22013.0,score,1.94
task4,22014.0,score,1.94
task4,22015.0,score,1.94
task4,22016.0,score,1.91
task4,22017.0,score,1.87
task4,22018.0,score,1.88
task4,22019.0,score,1.87
task4,22020.0,score,1.87
task4,22021.0,score,1.85
task4,22022.0,score,1.85
task4,22023.0,score,1.84
task4,22024.0,score,1.79
task4,22025.0,score,1.77
task4,22026.0,score,1.86
task4,22027.0,score,1.85
task4,22028.0,score,1.85
task4,22029.0,score,1.86
task4,22030.0,score,1.87
task4,22031.0,score,1.87
task4,22032.0,score,1.86
task4,22033.0,score,1.86
task4,22034.0,score,1.84
task4,22035.0,score,1.87
task4,22036.0,score,1.87
task4,22037.0,score,1.87
task4,22038.0,score,1.88
task4,22039.0,score,1.88
task4,22040.0,score,1.91
task4,22041.0,score,1.91
task4,22042.0,score,1.87
task4,22043.0,score,1.86
task4,22044.0,score,1.84
task4,22045.0,score,1.85
task4,22046.0,score,1.83
task4,22047.0,score,1.83
task4,22048.0,score,1.84
task4,22049.0,score,1.87
task4,22050.0,score,1.89
task4,22051.0,score,1.88
task4,22052.0,score,1.87
task4,22053.0,score,1.86
task4,22054.0,score,1.91
task4,22055.0,score,1.9
task4,22056.0,score,1.88
task4,22057.0,score,1.87
task4,22058.0,score,1.86
task4,22059.0,score,1.86
task4,22060.0,score,1.87
task4,22061.0,score,1.86
task4,22062.0,score,1.84
task4,22063.0,score,1.85
task4,22064.0,score,1.88
task4,22065.0,score,1.85
task4,22066.0,score,1.87
task4,22067.0,score,1.89
task4,22068.0,score,1.89
task4,22069.0,score,1.92
task4,22070.0,score,1.91
task4,22071.0,score,1.85
task4,22072.0,score,1.85
task4,22073.0,score,1.85
task4,22074.0,score,1.84
task4,22075.0,score,1.86
task4,22076.0,score,1.86
task4,22077.0,score,1.84
task4,22078.0,score,1.82
task4,22079.0,score,1.84
task4,22080.0,score,1.83
task4,22081.0,score,1.78
task4,22082.0,score,1.78
task4,22083.0,score,1.77
task4,22084.0,score,1.77
task4,22085.0,score,1.78
task4,22086.0,score,1.77
task4,22087.0,score,1.77
task4,22088.0,score,1.73
task4,22089.0,score,1.72
task4,22090.0,score,1.71
task4,22091.0,score,1.75
task4,22092.0,score,1.77
task4,22093.0,score,1.77
task4,22094.0,score,1.76
task4,22095.0,score,1.75
task4,22096.0,score,1.73
task4,22097.0,score,1.7
task4,22098.0,score,1.72
task4,22099.0,score,1.73
task4,22100.0,score,1.72
task4,22101.0,score,1.69
task4,22102.0,score,1.73
task4,22103.0,score,1.76
task4,22104.0,score,1.82
task4,22105.0,score,1.87
task4,22106.0,score,1.94
task4,22107.0,score,1.92
task4,22108.0,score,1.93
task4,22109.0,score,1.95
task4,22110.0,score,1.94
task4,22111.0,score,1.96
task4,22112.0,score,1.97
task4,22113.0,score,1.97
task4,22114.0,score,2.0
task4,22115.0,score,2.0
task4,22116.0,score,1.99
task4,22117.0,score,1.99
task4,22118.0,score,2.01
task4,22119.0,score,2.01
task4,22120.0,score,2.04
task4,22121.0,score,2.04
task4,22122.0,score,2.07
task4,22123.0,score,2.09
task4,22124.0,score,2.17
task4,22125.0,score,2.16
task4,22126.0,score,2.09
task4,22127.0,score,2.1
task4,22128.0,score,2.11
task4,22129.0,score,2.12
task4,22130.0,score,2.11
task4,22131.0,score,2.1
task4,22132.0,score,2.11
task4,22133.0,score,2.17
task4,22134.0,score,2.18
task4,22135.0,score,2.16
task4,22136.0,score,2.16
task4,22137.0,score,2.13
task4,22138.0,score,2.11
task4,22139.0,score,2.11
task4,22140.0,score,2.05
task4,22141.0,score,2.03
task4,22142.0,score,2.08
task4,22143.0,score,2.07
task4,22144.0,score,2.06
task4,22145.0,score,2.05
task4,22146.0,score,2.05
task4,22147.0,score,2.06
task4,22148.0,score,2.04
task4,22149.0,score,2.0
task4,22150.0,score,1.97
task4,22151.0,score,1.98
task4,22152.0,score,2.05
task4,22153.0,score,2.13
task4,22154.0,score,2.11
task4,22155.0,score,2.12
task4,22156.0,score,2.13
task4,22157.0,score,2.11
task4,22158.0,score,2.08
task4,22159.0,score,2.09
task4,22160.0,score,2.1
task4,22161.0,score,2.1
task4,22162.0,score,2.12
task4,22163.0,score,2.11
task4,22164.0,score,2.08
task4,22165.0,score,2.1
task4,22166.0,score,2.08
task4,22167.0,score,2.07
task4,22168.0,score,2.07
task4,22169.0,score,2.07
task4,22170.0,score,2.05
task4,22171.0,score,2.05
task4,22172.0,score,2.08
task4,22173.0,score,2.07
task4,22174.0,score,2.09
task4,22175.0,score,2.08
task4,22176.0,score,2.07
task4,22177.0,score,2.05
task4,22178.0,score,2.05
task4,22179.0,score,2.03
task4,22180.0,score,2.02
task4,22181.0,score,2.03
task4,22182.0,score,2.03
task4,22183.0,score,2.07
task4,22184.0,score,2.08
task4,22185.0,score,2.08
task4,22186.0,score,2.1
task4,22187.0,score,2.1
task4,22188.0,score,2.11
task4,22189.0,score,2.13
task4,22190.0,score,2.15
task4,22191.0,score,2.1
task4,22192.0,score,2.09
task4,22193.0,score,2.09
task4,22194.0,score,2.1
task4,22195.0,score,2.12
task4,22196.0,score,2.16
task4,22197.0,score,2.19
task4,22198.0,score,2.18
task4,22199.0,score,2.18
task4,22200.0,score,2.21
task4,22201.0,score,2.23
task4,22202.0,score,2.18
task4,22203.0,score,2.16
task4,22204.0,score,2.17
task4,22205.0,score,2.13
task4,22206.0,score,2.12
task4,22207.0,score,2.12
task4,22208.0,score,2.13
task4,22209.0,score,2.15
task4,22210.0,score,2.16
task4,22211.0,score,2.14
task4,22212.0,score,2.12
task4,22213.0,score,2.13
task4,22214.0,score,2.1
task4,22215.0,score,2.09
task4,22216.0,score,2.11
task4,22217.0,score,2.11
task4,22218.0,score,2.1
task4,22219.0,score,2.11
task4,22220.0,score,2.12
task4,22221.0,score,2.11
task4,22222.0,score,2.07
task4,22223.0,score,2.05
task4,22224.0,score,1.97
task4,22225.0,score,1.96
task4,22226.0,score,1.94
task4,22227.0,score,1.94
task4,22228.0,score,1.98
task4,22229.0,score,1.98
task4,22230.0,score,1.97
task4,22231.0,score,1.95
task4,22232.0,score,1.95
task4,22233.0,score,1.9
task4,22234.0,score,1.9
task4,22235.0,score,1.88
task4,22236.0,score,1.86
task4,22237.0,score,1.87
task4,22238.0,score,1.86
task4,22239.0,score,1.84
task4,22240.0,score,1.84
task4,22241.0,score,1.86
task4,22242.0,score,1.82
task4,22243.0,score,1.83
task4,22244.0,score,1.84
task4,22245.0,score,1.85
task4,22246.0,score,1.84
task4,22247.0,score,1.85
task4,22248.0,score,1.86
task4,22249.0,score,1.86
task4,22250.0,score,1.87
task4,22251.0,score,1.87
task4,22252.0,score,1.82
task4,22253.0,score,1.73
task4,22254.0,score,1.74
task4,22255.0,score,1.73
task4,22256.0,score,1.75
task4,22257.0,score,1.8
task4,22258.0,score,1.81
task4,22259.0,score,1.83
task4,22260.0,score,1.82
task4,22261.0,score,1.82
task4,22262.0,score,1.81
task4,22263.0,score,1.81
task4,22264.0,score,1.82
task4,22265.0,score,1.8
task4,22266.0,score,1.79
task4,22267.0,score,1.78
task4,22268.0,score,1.76
task4,22269.0,score,1.76
task4,22270.0,score,1.77
task4,22271.0,score,1.77
task4,22272.0,score,1.73
task4,22273.0,score,1.73
task4,22274.0,score,1.72
task4,22275.0,score,1.75
task4,22276.0,score,1.76
task4,22277.0,score,1.77
task4,22278.0,score,1.76
task4,22279.0,score,1.79
task4,22280.0,score,1.8
task4,22281.0,score,1.8
task4,22282.0,score,1.78
task4,22283.0,score,1.74
task4,22284.0,score,1.72
task4,22285.0,score,1.72
task4,22286.0,score,1.72
task4,22287.0,score,1.72
task4,22288.0,score,1.72
task4,22289.0,score,1.73
task4,22290.0,score,1.72
task4,22291.0,score,1.74
task4,22292.0,score,1.75
task4,22293.0,score,1.74
task4,22294.0,score,1.73
task4,22295.0,score,1.73
task4,22296.0,score,1.7
task4,22297.0,score,1.69
task4,22298.0,score,1.7
task4,22299.0,score,1.68
task4,22300.0,score,1.65
task4,22301.0,score,1.64
task4,22302.0,score,1.65
task4,22303.0,score,1.65
task4,22304.0,score,1.57
task4,22305.0,score,1.56
task4,22306.0,score,1.48
task4,22307.0,score,1.47
task4,22308.0,score,1.46
task4,22309.0,score,1.42
task4,22310.0,score,1.4
task4,22311.0,score,1.42
task4,22312.0,score,1.45
task4,22313.0,score,1.45
task4,22314.0,score,1.46
task4,22315.0,score,1.47
task4,22316.0,score,1.46
task4,22317.0,score,1.44
task4,22318.0,score,1.42
task4,22319.0,score,1.43
task4,22320.0,score,1.43
task4,22321.0,score,1.43
task4,22322.0,score,1.44
task4,22323.0,score,1.5
task4,22324.0,score,1.5
task4,22325.0,score,1.5
task4,22326.0,score,1.51
task4,22327.0,score,1.5
task4,22328.0,score,1.46
task4,22329.0,score,1.48
task4,22330.0,score,1.47
task4,22331.0,score,1.49
task4,22332.0,score,1.47
task4,22333.0,score,1.48
task4,22334.0,score,1.48
task4,22335.0,score,1.51
task4,22336.0,score,1.55
task4,22337.0,score,1.54
task4,22338.0,score,1.58
task4,22339.0,score,1.62
task4,22340.0,score,1.63
task4,22341.0,score,1.62
task4,22342.0,score,1.61
task4,22343.0,score,1.62
task4,22344.0,score,1.62
task4,22345.0,score,1.61
task4,22346.0,score,1.65
task4,22347.0,score,1.65
task4,22348.0,score,1.64
task4,22349.0,score,1.65
task4,22350.0,score,1.64
task4,22351.0,score,1.65
task4,22352.0,score,1.64
task4,22353.0,score,1.64
task4,22354.0,score,1.62
task4,22355.0,score,1.62
task4,22356.0,score,1.62
task4,22357.0,score,1.57
task4,22358.0,score,1.58
task4,22359.0,score,1.57
task4,22360.0,score,1.56
task4,22361.0,score,1.58
task4,22362.0,score,1.6
task4,22363.0,score,1.64
task4,22364.0,score,1.65
task4,22365.0,score,1.69
task4,22366.0,score,1.71
task4,22367.0,score,1.7
task4,22368.0,score,1.71
task4,22369.0,score,1.69
task4,22370.0,score,1.69
task4,22371.0,score,1.7
task4,22372.0,score,1.7
task4,22373.0,score,1.73
task4,22374.0,score,1.76
task4,22375.0,score,1.75
task4,22376.0,score,1.76
task4,22377.0,score,1.76
task4,22378.0,score,1.8
task4,22379.0,score,1.78
task4,22380.0,score,1.8
task4,22381.0,score,1.79
task4,22382.0,score,1.79
task4,22383.0,score,1.79
task4,22384.0,score,1.81
task4,22385.0,score,1.82
task4,22386.0,score,1.82
task4,22387.0,score,1.83
task4,22388.0,score,1.83
task4,22389.0,score,1.81
task4,22390.0,score,1.83
task4,22391.0,score,1.84
task4,22392.0,score,1.85
task4,22393.0,score,1.85
task4,22394.0,score,1.88
task4,22395.0,score,1.87
task4,22396.0,score,1.89
task4,22397.0,score,1.89
task4,22398.0,score,1.88
task4,22399.0,score,1.89
task4,22400.0,score,1.9
task4,22401.0,score,1.93
task4,22402.0,score,1.92
task4,22403.0,score,1.95
task4,22404.0,score,1.95
task4,22405.0,score,1.96
task4,22406.0,score,2.04
task4,22407.0,score,2.04
task4,22408.0,score,2.04
task4,22409.0,score,2.05
task4,22410.0,score,2.07
task4,22411.0,score,2.05
task4,22412.0,score,2.03
task4,22413.0,score,2.06
task4,22414.0,score,2.07
task4,22415.0,score,2.11
task4,22416.0,score,2.12
task4,22417.0,score,2.14
task4,22418.0,score,2.14
task4,22419.0,score,2.12
task4,22420.0,score,2.1
task4,22421.0,score,2.1
task4,22422.0,score,2.13
task4,22423.0,score,2.09
task4,22424.0,score,2.11
task4,22425.0,score,2.11
task4,22426.0,score,2.11
task4,22427.0,score,2.12
task4,22428.0,score,2.13
task4,22429.0,score,2.11
task4,22430.0,score,2.13
task4,22431.0,score,2.13
task4,22432.0,score,2.13
task4,22433.0,score,2.11
task4,22434.0,score,2.11
task4,22435.0,score,2.09
task4,22436.0,score,2.07
task4,22437.0,score,2.07
task4,22438.0,score,2.04
task4,22439.0,score,2.0
task4,22440.0,score,1.98
task4,22441.0,score,1.98
task4,22442.0,score,2.01
task4,22443.0,score,1.99
task4,22444.0,score,1.99
task4,22445.0,score,2.0
task4,22446.0,score,2.0
task4,22447.0,score,2.0
task4,22448.0,score,2.04
task4,22449.0,score,2.04
task4,22450.0,score,2.06
task4,22451.0,score,2.06
task4,22452.0,score,2.06
task4,22453.0,score,2.08
task4,22454.0,score,2.14
task4,22455.0,score,2.16
task4,22456.0,score,2.15
task4,22457.0,score,2.15
task4,22458.0,score,2.13
task4,22459.0,score,2.19
task4,22460.0,score,2.19
task4,22461.0,score,2.22
task4,22462.0,score,2.2
task4,22463.0,score,2.16
task4,22464.0,score,2.16
task4,22465.0,score,2.13
task4,22466.0,score,2.13
task4,22467.0,score,2.15
task4,22468.0,score,2.16
task4,22469.0,score,2.18
task4,22470.0,score,2.19
task4,22471.0,score,2.19
task4,22472.0,score,2.18
task4,22473.0,score,2.17
task4,22474.0,score,2.13
task4,22475.0,score,2.15
task4,22476.0,score,2.15
task4,22477.0,score,2.14
task4,22478.0,score,2.1
task4,22479.0,score,2.1
task4,22480.0,score,2.08
task4,22481.0,score,2.09
task4,22482.0,score,2.12
task4,22483.0,score,2.15
task4,22484.0,score,2.13
task4,22485.0,score,2.1
task4,22486.0,score,2.07
task4,22487.0,score,2.06
task4,22488.0,score,2.09
task4,22489.0,score,2.1
task4,22490.0,score,2.07
task4,22491.0,score,2.04
task4,22492.0,score,2.02
task4,22493.0,score,2.03
task4,22494.0,score,2.0
task4,22495.0,score,1.99
task4,22496.0,score,1.98
task4,22497.0,score,1.98
task4,22498.0,score,1.99
task4,22499.0,score,1.99
task4,22500.0,score,1.98
task4,22501.0,score,1.96
task4,22502.0,score,1.96
task4,22503.0,score,1.95
task4,22504.0,score,1.97
task4,22505.0,score,1.97
task4,22506.0,score,1.89
task4,22507.0,score,1.91
task4,22508.0,score,1.9
task4,22509.0,score,1.89
task4,22510.0,score,1.89
task4,22511.0,score,1.91
task4,22512.0,score,1.91
task4,22513.0,score,1.89
task4,22514.0,score,1.88
task4,22515.0,score,1.89
task4,22516.0,score,1.9
task4,22517.0,score,1.89
task4,22518.0,score,1.9
task4,22519.0,score,1.89
task4,22520.0,score,1.88
task4,22521.0,score,1.89
task4,22522.0,score,1.88
task4,22523.0,score,1.87
task4,22524.0,score,1.86
task4,22525.0,score,1.9
task4,22526.0,score,1.91
task4,22527.0,score,1.93
task4,22528.0,score,1.91
task4,22529.0,score,1.92
task4,22530.0,score,1.91
task4,22531.0,score,1.9
task4,22532.0,score,1.91
task4,22533.0,score,1.9
task4,22534.0,score,1.9
task4,22535.0,score,1.9
task4,22536.0,score,1.9
task4,22537.0,score,1.91
task4,22538.0,score,1.93
task4,22539.0,score,1.96
task4,22540.0,score,1.98
task4,22541.0,score,1.97
task4,22542.0,score,1.93
task4,22543.0,score,2.0
task4,22544.0,score,2.01
task4,22545.0,score,2.03
task4,22546.0,score,2.01
task4,22547.0,score,2.0
task4,22548.0,score,1.99
task4,22549.0,score,1.99
task4,22550.0,score,1.99
task4,22551.0,score,1.98
task4,22552.0,score,2.0
task4,22553.0,score,1.99
task4,22554.0,score,1.91
task4,22555.0,score,1.88
task4,22556.0,score,1.89
task4,22557.0,score,1.91
task4,22558.0,score,1.92
task4,22559.0,score,1.86
task4,22560.0,score,1.89
task4,22561.0,score,1.86
task4,22562.0,score,1.89
task4,22563.0,score,1.89
task4,22564.0,score,1.91
task4,22565.0,score,1.92
task4,22566.0,score,1.9
task4,22567.0,score,1.88
task4,22568.0,score,1.87
task4,22569.0,score,1.85
task4,22570.0,score,1.83
task4,22571.0,score,1.82
task4,22572.0,score,1.85
task4,22573.0,score,1.82
task4,22574.0,score,1.85
task4,22575.0,score,1.8
task4,22576.0,score,1.8
task4,22577.0,score,1.8
task4,22578.0,score,1.82
task4,22579.0,score,1.85
task4,22580.0,score,1.86
task4,22581.0,score,1.88
task4,22582.0,score,1.85
task4,22583.0,score,1.82
task4,22584.0,score,1.84
task4,22585.0,score,1.83
task4,22586.0,score,1.85
task4,22587.0,score,1.86
task4,22588.0,score,1.85
task4,22589.0,score,1.84
task4,22590.0,score,1.84
task4,22591.0,score,1.86
task4,22592.0,score,1.85
task4,22593.0,score,1.84
task4,22594.0,score,1.84
task4,22595.0,score,1.85
task4,22596.0,score,1.85
task4,22597.0,score,1.84
task4,22598.0,score,1.84
task4,22599.0,score,1.84
task4,22600.0,score,1.85
task4,22601.0,score,1.83
task4,22602.0,score,1.85
task4,22603.0,score,1.86
task4,22604.0,score,1.86
task4,22605.0,score,1.89
task4,22606.0,score,1.92
task4,22607.0,score,1.91
task4,22608.0,score,1.92
task4,22609.0,score,1.98
task4,22610.0,score,1.96
task4,22611.0,score,1.94
task4,22612.0,score,1.94
task4,22613.0,score,1.91
task4,22614.0,score,1.9
task4,22615.0,score,1.85
task4,22616.0,score,1.89
task4,22617.0,score,1.9
task4,22618.0,score,1.92
task4,22619.0,score,1.94
task4,22620.0,score,1.95
task4,22621.0,score,1.92
task4,22622.0,score,1.9
task4,22623.0,score,1.9
task4,22624.0,score,1.9
task4,22625.0,score,1.88
task4,22626.0,score,1.88
task4,22627.0,score,1.84
task4,22628.0,score,1.83
task4,22629.0,score,1.82
task4,22630.0,score,1.84
task4,22631.0,score,1.9
task4,22632.0,score,1.9
task4,22633.0,score,1.95
task4,22634.0,score,1.93
task4,22635.0,score,1.94
task4,22636.0,score,1.95
task4,22637.0,score,1.97
task4,22638.0,score,1.94
task4,22639.0,score,1.93
task4,22640.0,score,1.94
task4,22641.0,score,2.02
task4,22642.0,score,2.03
task4,22643.0,score,1.98
task4,22644.0,score,2.01
task4,22645.0,score,1.97
task4,22646.0,score,1.96
task4,22647.0,score,1.93
task4,22648.0,score,1.9
task4,22649.0,score,1.92
task4,22650.0,score,1.91
task4,22651.0,score,1.9
task4,22652.0,score,1.9
task4,22653.0,score,1.89
task4,22654.0,score,1.93
task4,22655.0,score,1.95
task4,22656.0,score,1.93
task4,22657.0,score,1.92
task4,22658.0,score,1.91
task4,22659.0,score,1.9
task4,22660.0,score,1.91
task4,22661.0,score,1.89
task4,22662.0,score,1.94
task4,22663.0,score,1.95
task4,22664.0,score,1.92
task4,22665.0,score,1.92
task4,22666.0,score,1.93
task4,22667.0,score,1.95
task4,22668.0,score,1.95
task4,22669.0,score,2.03
task4,22670.0,score,2.03
task4,22671.0,score,2.05
task4,22672.0,score,2.02
task4,22673.0,score,2.01
task4,22674.0,score,1.99
task4,22675.0,score,2.01
task4,22676.0,score,2.02
task4,22677.0,score,2.03
task4,22678.0,score,2.03
task4,22679.0,score,2.01
task4,22680.0,score,2.02
task4,22681.0,score,1.99
task4,22682.0,score,2.0
task4,22683.0,score,2.03
task4,22684.0,score,2.03
task4,22685.0,score,2.04
task4,22686.0,score,2.04
task4,22687.0,score,2.04
task4,22688.0,score,2.03
task4,22689.0,score,2.05
task4,22690.0,score,2.05
task4,22691.0,score,2.05
task4,22692.0,score,2.07
task4,22693.0,score,2.06
task4,22694.0,score,2.06
task4,22695.0,score,2.04
task4,22696.0,score,2.05
task4,22697.0,score,2.05
task4,22698.0,score,2.03
task4,22699.0,score,2.03
task4,22700.0,score,2.07
task4,22701.0,score,2.09
task4,22702.0,score,2.08
task4,22703.0,score,2.05
task4,22704.0,score,2.05
task4,22705.0,score,2.0
task4,22706.0,score,1.99
task4,22707.0,score,1.97
task4,22708.0,score,1.99
task4,22709.0,score,1.94
task4,22710.0,score,1.97
task4,22711.0,score,1.96
task4,22712.0,score,2.02
task4,22713.0,score,2.04
task4,22714.0,score,2.06
task4,22715.0,score,2.12
task4,22716.0,score,2.06
task4,22717.0,score,2.05
task4,22718.0,score,2.05
task4,22719.0,score,2.06
task4,22720.0,score,2.05
task4,22721.0,score,2.08
task4,22722.0,score,2.09
task4,22723.0,score,2.12
task4,22724.0,score,2.14
task4,22725.0,score,2.14
task4,22726.0,score,2.14
task4,22727.0,score,2.15
task4,22728.0,score,2.17
task4,22729.0,score,2.16
task4,22730.0,score,2.2
task4,22731.0,score,2.2
task4,22732.0,score,2.21
task4,22733.0,score,2.18
task4,22734.0,score,2.19
task4,22735.0,score,2.2
task4,22736.0,score,2.19
task4,22737.0,score,2.18
task4,22738.0,score,2.2
task4,22739.0,score,2.22
task4,22740.0,score,2.21
task4,22741.0,score,2.15
task4,22742.0,score,2.17
task4,22743.0,score,2.17
task4,22744.0,score,2.11
task4,22745.0,score,2.13
task4,22746.0,score,2.14
task4,22747.0,score,2.15
task4,22748.0,score,2.16
task4,22749.0,score,2.15
task4,22750.0,score,2.22
task4,22751.0,score,2.22
task4,22752.0,score,2.21
task4,22753.0,score,2.23
task4,22754.0,score,2.21
task4,22755.0,score,2.23
task4,22756.0,score,2.23
task4,22757.0,score,2.24
task4,22758.0,score,2.32
task4,22759.0,score,2.34
task4,22760.0,score,2.32
task4,22761.0,score,2.35
task4,22762.0,score,2.26
task4,22763.0,score,2.24
task4,22764.0,score,2.27
task4,22765.0,score,2.27
task4,22766.0,score,2.28
task4,22767.0,score,2.27
task4,22768.0,score,2.27
task4,22769.0,score,2.19
task4,22770.0,score,2.19
task4,22771.0,score,2.19
task4,22772.0,score,2.19
task4,22773.0,score,2.19
task4,22774.0,score,2.21
task4,22775.0,score,2.19
task4,22776.0,score,2.17
task4,22777.0,score,2.18
task4,22778.0,score,2.18
task4,22779.0,score,2.17
task4,22780.0,score,2.16
task4,22781.0,score,2.18
task4,22782.0,score,2.19
task4,22783.0,score,2.19
task4,22784.0,score,2.17
task4,22785.0,score,2.17
task4,22786.0,score,2.17
task4,22787.0,score,2.17
task4,22788.0,score,2.17
task4,22789.0,score,2.16
task4,22790.0,score,2.15
task4,22791.0,score,2.24
task4,22792.0,score,2.25
task4,22793.0,score,2.3
task4,22794.0,score,2.3
task4,22795.0,score,2.32
task4,22796.0,score,2.3
task4,22797.0,score,2.31
task4,22798.0,score,2.37
task4,22799.0,score,2.36
task4,22800.0,score,2.34
task4,22801.0,score,2.32
task4,22802.0,score,2.34
task4,22803.0,score,2.36
task4,22804.0,score,2.35
task4,22805.0,score,2.36
task4,22806.0,score,2.34
task4,22807.0,score,2.35
task4,22808.0,score,2.33
task4,22809.0,score,2.32
task4,22810.0,score,2.32
task4,22811.0,score,2.4
task4,22812.0,score,2.37
task4,22813.0,score,2.39
task4,22814.0,score,2.38
task4,22815.0,score,2.32
task4,22816.0,score,2.31
task4,22817.0,score,2.32
task4,22818.0,score,2.33
task4,22819.0,score,2.32
task4,22820.0,score,2.36
task4,22821.0,score,2.34
task4,22822.0,score,2.35
task4,22823.0,score,2.31
task4,22824.0,score,2.3
task4,22825.0,score,2.29
task4,22826.0,score,2.28
task4,22827.0,score,2.33
task4,22828.0,score,2.34
task4,22829.0,score,2.33
task4,22830.0,score,2.3
task4,22831.0,score,2.26
task4,22832.0,score,2.25
task4,22833.0,score,2.25
task4,22834.0,score,2.27
task4,22835.0,score,2.24
task4,22836.0,score,2.25
task4,22837.0,score,2.29
task4,22838.0,score,2.27
task4,22839.0,score,2.24
task4,22840.0,score,2.23
task4,22841.0,score,2.24
task4,22842.0,score,2.24
task4,22843.0,score,2.22
task4,22844.0,score,2.25
task4,22845.0,score,2.24
task4,22846.0,score,2.25
task4,22847.0,score,2.27
task4,22848.0,score,2.28
task4,22849.0,score,2.26
task4,22850.0,score,2.19
task4,22851.0,score,2.22
task4,22852.0,score,2.21
task4,22853.0,score,2.21
task4,22854.0,score,2.2
task4,22855.0,score,2.18
task4,22856.0,score,2.18
task4,22857.0,score,2.17
task4,22858.0,score,2.1
task4,22859.0,score,2.07
task4,22860.0,score,2.18
task4,22861.0,score,2.2
task4,22862.0,score,2.23
task4,22863.0,score,2.23
task4,22864.0,score,2.21
task4,22865.0,score,2.2
task4,22866.0,score,2.19
task4,22867.0,score,2.18
task4,22868.0,score,2.18
task4,22869.0,score,2.19
task4,22870.0,score,2.19
task4,22871.0,score,2.19
task4,22872.0,score,2.26
task4,22873.0,score,2.27
task4,22874.0,score,2.27
task4,22875.0,score,2.3
task4,22876.0,score,2.31
task4,22877.0,score,2.3
task4,22878.0,score,2.35
task4,22879.0,score,2.35
task4,22880.0,score,2.35
task4,22881.0,score,2.35
task4,22882.0,score,2.35
task4,22883.0,score,2.33
task4,22884.0,score,2.37
task4,22885.0,score,2.37
task4,22886.0,score,2.36
task4,22887.0,score,2.35
task4,22888.0,score,2.37
task4,22889.0,score,2.37
task4,22890.0,score,2.41
task4,22891.0,score,2.31
task4,22892.0,score,2.3
task4,22893.0,score,2.25
task4,22894.0,score,2.27
task4,22895.0,score,2.28
task4,22896.0,score,2.29
task4,22897.0,score,2.36
task4,22898.0,score,2.3
task4,22899.0,score,2.32
task4,22900.0,score,2.3
task4,22901.0,score,2.31
task4,22902.0,score,2.3
task4,22903.0,score,2.3
task4,22904.0,score,2.3
task4,22905.0,score,2.34
task4,22906.0,score,2.35
task4,22907.0,score,2.36
task4,22908.0,score,2.35
task4,22909.0,score,2.37
task4,22910.0,score,2.34
task4,22911.0,score,2.29
task4,22912.0,score,2.27
task4,22913.0,score,2.26
task4,22914.0,score,2.26
task4,22915.0,score,2.26
task4,22916.0,score,2.27
task4,22917.0,score,2.26
task4,22918.0,score,2.24
task4,22919.0,score,2.24
task4,22920.0,score,2.19
task4,22921.0,score,2.2
task4,22922.0,score,2.19
task4,22923.0,score,2.22
task4,22924.0,score,2.22
task4,22925.0,score,2.22
task4,22926.0,score,2.21
task4,22927.0,score,2.14
task4,22928.0,score,2.17
task4,22929.0,score,2.17
task4,22930.0,score,2.19
task4,22931.0,score,2.18
task4,22932.0,score,2.18
task4,22933.0,score,2.17
task4,22934.0,score,2.14
task4,22935.0,score,2.16
task4,22936.0,score,2.13
task4,22937.0,score,2.08
task4,22938.0,score,2.08
task4,22939.0,score,2.08
task4,22940.0,score,2.1
task4,22941.0,score,2.08
task4,22942.0,score,2.06
task4,22943.0,score,2.07
task4,22944.0,score,2.07
task4,22945.0,score,2.09
task4,22946.0,score,2.1
task4,22947.0,score,2.07
task4,22948.0,score,2.08
task4,22949.0,score,2.1
task4,22950.0,score,2.12
task4,22951.0,score,2.11
task4,22952.0,score,2.17
task4,22953.0,score,2.17
task4,22954.0,score,2.17
task4,22955.0,score,2.18
task4,22956.0,score,2.18
task4,22957.0,score,2.17
task4,22958.0,score,2.18
task4,22959.0,score,2.21
task4,22960.0,score,2.09
task4,22961.0,score,2.06
task4,22962.0,score,2.03
task4,22963.0,score,2.04
task4,22964.0,score,2.06
task4,22965.0,score,2.05
task4,22966.0,score,2.07
task4,22967.0,score,2.1
task4,22968.0,score,2.11
task4,22969.0,score,2.12
task4,22970.0,score,2.13
task4,22971.0,score,2.12
task4,22972.0,score,2.05
task4,22973.0,score,2.08
task4,22974.0,score,2.08
task4,22975.0,score,2.06
task4,22976.0,score,2.08
task4,22977.0,score,2.07
task4,22978.0,score,2.02
task4,22979.0,score,2.03
task4,22980.0,score,2.02
task4,22981.0,score,2.0
task4,22982.0,score,1.99
task4,22983.0,score,2.02
task4,22984.0,score,1.97
task4,22985.0,score,1.96
task4,22986.0,score,1.98
task4,22987.0,score,2.05
task4,22988.0,score,2.01
task4,22989.0,score,2.02
task4,22990.0,score,1.98
task4,22991.0,score,1.99
task4,22992.0,score,1.97
task4,22993.0,score,1.98
task4,22994.0,score,1.98
task4,22995.0,score,1.98
task4,22996.0,score,1.99
task4,22997.0,score,1.92
task4,22998.0,score,1.92
task4,22999.0,score,1.95
task4,23000.0,score,1.99
task4,23001.0,score,2.0
task4,23002.0,score,1.97
task4,23003.0,score,1.96
task4,23004.0,score,1.97
task4,23005.0,score,1.94
task4,23006.0,score,1.94
task4,23007.0,score,1.93
task4,23008.0,score,1.97
task4,23009.0,score,1.96
task4,23010.0,score,1.99
task4,23011.0,score,1.98
task4,23012.0,score,2.0
task4,23013.0,score,2.0
task4,23014.0,score,2.0
task4,23015.0,score,2.0
task4,23016.0,score,2.01
task4,23017.0,score,1.99
task4,23018.0,score,1.98
task4,23019.0,score,1.95
task4,23020.0,score,1.99
task4,23021.0,score,1.97
task4,23022.0,score,1.96
task4,23023.0,score,1.94
task4,23024.0,score,1.95
task4,23025.0,score,1.96
task4,23026.0,score,1.98
task4,23027.0,score,2.01
task4,23028.0,score,1.97
task4,23029.0,score,1.97
task4,23030.0,score,1.93
task4,23031.0,score,1.91
task4,23032.0,score,1.91
task4,23033.0,score,1.91
task4,23034.0,score,1.98
task4,23035.0,score,1.97
task4,23036.0,score,1.99
task4,23037.0,score,2.0
task4,23038.0,score,2.01
task4,23039.0,score,2.02
task4,23040.0,score,2.01
task4,23041.0,score,2.04
task4,23042.0,score,2.03
task4,23043.0,score,2.03
task4,23044.0,score,2.05
task4,23045.0,score,2.08
task4,23046.0,score,2.04
task4,23047.0,score,2.06
task4,23048.0,score,2.04
task4,23049.0,score,2.02
task4,23050.0,score,1.99
task4,23051.0,score,1.97
task4,23052.0,score,1.91
task4,23053.0,score,1.9
task4,23054.0,score,1.91
task4,23055.0,score,1.9
task4,23056.0,score,1.89
task4,23057.0,score,1.91
task4,23058.0,score,1.9
task4,23059.0,score,1.93
task4,23060.0,score,1.93
task4,23061.0,score,1.95
task4,23062.0,score,1.98
task4,23063.0,score,1.98
task4,23064.0,score,1.97
task4,23065.0,score,1.97
task4,23066.0,score,1.97
task4,23067.0,score,1.96
task4,23068.0,score,1.94
task4,23069.0,score,1.93
task4,23070.0,score,1.92
task4,23071.0,score,1.91
task4,23072.0,score,1.92
task4,23073.0,score,1.95
task4,23074.0,score,1.94
task4,23075.0,score,1.93
task4,23076.0,score,1.89
task4,23077.0,score,1.91
task4,23078.0,score,1.96
task4,23079.0,score,1.94
task4,23080.0,score,1.93
task4,23081.0,score,1.96
task4,23082.0,score,1.97
task4,23083.0,score,1.94
task4,23084.0,score,1.94
task4,23085.0,score,1.98
task4,23086.0,score,1.96
task4,23087.0,score,1.89
task4,23088.0,score,1.91
task4,23089.0,score,1.92
task4,23090.0,score,1.94
task4,23091.0,score,1.93
task4,23092.0,score,1.94
task4,23093.0,score,1.93
task4,23094.0,score,1.9
task4,23095.0,score,1.9
task4,23096.0,score,1.89
task4,23097.0,score,1.89
task4,23098.0,score,1.92
task4,23099.0,score,1.93
task4,23100.0,score,1.91
task4,23101.0,score,1.91
task4,23102.0,score,1.91
task4,23103.0,score,1.92
task4,23104.0,score,1.9
task4,23105.0,score,1.92
task4,23106.0,score,1.94
task4,23107.0,score,1.94
task4,23108.0,score,1.93
task4,23109.0,score,1.96
task4,23110.0,score,1.93
task4,23111.0,score,1.93
task4,23112.0,score,1.92
task4,23113.0,score,1.91
task4,23114.0,score,1.94
task4,23115.0,score,1.94
task4,23116.0,score,1.94
task4,23117.0,score,1.95
task4,23118.0,score,1.96
task4,23119.0,score,1.98
task4,23120.0,score,1.95
task4,23121.0,score,1.97
task4,23122.0,score,1.96
task4,23123.0,score,1.97
task4,23124.0,score,1.97
task4,23125.0,score,1.95
task4,23126.0,score,1.97
task4,23127.0,score,1.97
task4,23128.0,score,1.99
task4,23129.0,score,2.07
task4,23130.0,score,2.06
task4,23131.0,score,2.09
task4,23132.0,score,2.09
task4,23133.0,score,2.09
task4,23134.0,score,2.02
task4,23135.0,score,2.02
task4,23136.0,score,2.02
task4,23137.0,score,2.01
task4,23138.0,score,2.01
task4,23139.0,score,2.0
task4,23140.0,score,1.99
task4,23141.0,score,1.97
task4,23142.0,score,1.97
task4,23143.0,score,1.95
task4,23144.0,score,1.93
task4,23145.0,score,1.88
task4,23146.0,score,1.9
task4,23147.0,score,1.88
task4,23148.0,score,1.88
task4,23149.0,score,1.9
task4,23150.0,score,1.91
task4,23151.0,score,1.94
task4,23152.0,score,1.93
task4,23153.0,score,1.94
task4,23154.0,score,1.93
task4,23155.0,score,1.91
task4,23156.0,score,1.92
task4,23157.0,score,1.92
task4,23158.0,score,1.9
task4,23159.0,score,1.86
task4,23160.0,score,1.85
task4,23161.0,score,1.82
task4,23162.0,score,1.8
task4,23163.0,score,1.82
task4,23164.0,score,1.8
task4,23165.0,score,1.82
task4,23166.0,score,1.81
task4,23167.0,score,1.79
task4,23168.0,score,1.83
task4,23169.0,score,1.85
task4,23170.0,score,1.85
task4,23171.0,score,1.86
task4,23172.0,score,1.87
task4,23173.0,score,1.83
task4,23174.0,score,1.83
task4,23175.0,score,1.83
task4,23176.0,score,1.93
task4,23177.0,score,1.93
task4,23178.0,score,1.88
task4,23179.0,score,1.88
task4,23180.0,score,1.91
task4,23181.0,score,1.89
task4,23182.0,score,1.87
task4,23183.0,score,1.87
task4,23184.0,score,1.91
task4,23185.0,score,1.89
task4,23186.0,score,1.88
task4,23187.0,score,1.9
task4,23188.0,score,1.9
task4,23189.0,score,1.87
task4,23190.0,score,1.92
task4,23191.0,score,1.91
task4,23192.0,score,1.92
task4,23193.0,score,1.93
task4,23194.0,score,1.95
task4,23195.0,score,1.94
task4,23196.0,score,1.94
task4,23197.0,score,1.93
task4,23198.0,score,1.92
task4,23199.0,score,1.88
task4,23200.0,score,1.86
task4,23201.0,score,1.84
task4,23202.0,score,1.85
task4,23203.0,score,1.91
task4,23204.0,score,1.94
task4,23205.0,score,1.91
task4,23206.0,score,1.89
task4,23207.0,score,1.87
task4,23208.0,score,1.85
task4,23209.0,score,1.83
task4,23210.0,score,1.83
task4,23211.0,score,1.81
task4,23212.0,score,1.78
task4,23213.0,score,1.83
task4,23214.0,score,1.79
task4,23215.0,score,1.77
task4,23216.0,score,1.77
task4,23217.0,score,1.78
task4,23218.0,score,1.79
task4,23219.0,score,1.78
task4,23220.0,score,1.79
task4,23221.0,score,1.79
task4,23222.0,score,1.8
task4,23223.0,score,1.81
task4,23224.0,score,1.8
task4,23225.0,score,1.81
task4,23226.0,score,1.8
task4,23227.0,score,1.81
task4,23228.0,score,1.79
task4,23229.0,score,1.72
task4,23230.0,score,1.72
task4,23231.0,score,1.71
task4,23232.0,score,1.72
task4,23233.0,score,1.72
task4,23234.0,score,1.74
task4,23235.0,score,1.77
task4,23236.0,score,1.76
task4,23237.0,score,1.75
task4,23238.0,score,1.74
task4,23239.0,score,1.73
task4,23240.0,score,1.73
task4,23241.0,score,1.76
task4,23242.0,score,1.78
task4,23243.0,score,1.8
task4,23244.0,score,1.8
task4,23245.0,score,1.82
task4,23246.0,score,1.85
task4,23247.0,score,1.87
task4,23248.0,score,1.92
task4,23249.0,score,1.91
task4,23250.0,score,1.93
task4,23251.0,score,1.9
task4,23252.0,score,1.91
task4,23253.0,score,1.92
task4,23254.0,score,1.91
task4,23255.0,score,1.96
task4,23256.0,score,1.99
task4,23257.0,score,1.98
task4,23258.0,score,1.98
task4,23259.0,score,2.03
task4,23260.0,score,2.04
task4,23261.0,score,2.04
task4,23262.0,score,2.04
task4,23263.0,score,2.03
task4,23264.0,score,2.06
task4,23265.0,score,2.06
task4,23266.0,score,2.04
task4,23267.0,score,2.05
task4,23268.0,score,2.01
task4,23269.0,score,1.98
task4,23270.0,score,1.98
task4,23271.0,score,1.99
task4,23272.0,score,2.0
task4,23273.0,score,1.99
task4,23274.0,score,2.0
task4,23275.0,score,2.0
task4,23276.0,score,1.9
task4,23277.0,score,1.96
task4,23278.0,score,1.95
task4,23279.0,score,1.99
task4,23280.0,score,2.02
task4,23281.0,score,2.04
task4,23282.0,score,2.09
task4,23283.0,score,2.09
task4,23284.0,score,2.06
task4,23285.0,score,2.06
task4,23286.0,score,2.06
task4,23287.0,score,2.06
task4,23288.0,score,2.04
task4,23289.0,score,2.04
task4,23290.0,score,1.97
task4,23291.0,score,1.99
task4,23292.0,score,1.97
task4,23293.0,score,1.97
task4,23294.0,score,1.98
task4,23295.0,score,2.0
task4,23296.0,score,1.99
task4,23297.0,score,1.99
task4,23298.0,score,1.99
task4,23299.0,score,1.98
task4,23300.0,score,2.04
task4,23301.0,score,2.12
task4,23302.0,score,2.14
task4,23303.0,score,2.05
task4,23304.0,score,2.04
task4,23305.0,score,2.03
task4,23306.0,score,2.03
task4,23307.0,score,2.05
task4,23308.0,score,2.05
task4,23309.0,score,2.06
task4,23310.0,score,2.07
task4,23311.0,score,2.09
task4,23312.0,score,2.11
task4,23313.0,score,2.08
task4,23314.0,score,2.1
task4,23315.0,score,2.11
task4,23316.0,score,2.12
task4,23317.0,score,2.11
task4,23318.0,score,2.09
task4,23319.0,score,2.09
task4,23320.0,score,2.12
task4,23321.0,score,2.11
task4,23322.0,score,2.12
task4,23323.0,score,2.12
task4,23324.0,score,2.13
task4,23325.0,score,2.14
task4,23326.0,score,2.11
task4,23327.0,score,2.09
task4,23328.0,score,2.13
task4,23329.0,score,2.14
task4,23330.0,score,2.13
task4,23331.0,score,2.15
task4,23332.0,score,2.18
task4,23333.0,score,2.19
task4,23334.0,score,2.18
task4,23335.0,score,2.18
task4,23336.0,score,2.2
task4,23337.0,score,2.22
task4,23338.0,score,2.22
task4,23339.0,score,2.22
task4,23340.0,score,2.25
task4,23341.0,score,2.23
task4,23342.0,score,2.22
task4,23343.0,score,2.24
task4,23344.0,score,2.25
task4,23345.0,score,2.23
task4,23346.0,score,2.18
task4,23347.0,score,2.19
task4,23348.0,score,2.16
task4,23349.0,score,2.17
task4,23350.0,score,2.14
task4,23351.0,score,2.14
task4,23352.0,score,2.14
task4,23353.0,score,2.14
task4,23354.0,score,2.14
task4,23355.0,score,2.13
task4,23356.0,score,2.12
task4,23357.0,score,2.11
task4,23358.0,score,2.12
task4,23359.0,score,2.06
task4,23360.0,score,2.12
task4,23361.0,score,2.15
task4,23362.0,score,2.14
task4,23363.0,score,2.15
task4,23364.0,score,2.12
task4,23365.0,score,2.12
task4,23366.0,score,2.12
task4,23367.0,score,2.11
task4,23368.0,score,2.14
task4,23369.0,score,2.15
task4,23370.0,score,2.16
task4,23371.0,score,2.14
task4,23372.0,score,2.12
task4,23373.0,score,2.13
task4,23374.0,score,2.12
task4,23375.0,score,2.14
task4,23376.0,score,2.17
task4,23377.0,score,2.08
task4,23378.0,score,2.08
task4,23379.0,score,2.05
task4,23380.0,score,2.02
task4,23381.0,score,2.02
task4,23382.0,score,1.99
task4,23383.0,score,1.98
task4,23384.0,score,2.0
task4,23385.0,score,1.98
task4,23386.0,score,1.99
task4,23387.0,score,1.97
task4,23388.0,score,1.97
task4,23389.0,score,1.98
task4,23390.0,score,2.03
task4,23391.0,score,2.02
task4,23392.0,score,2.04
task4,23393.0,score,2.04
task4,23394.0,score,2.02
task4,23395.0,score,2.0
task4,23396.0,score,2.0
task4,23397.0,score,2.03
task4,23398.0,score,2.08
task4,23399.0,score,2.1
task4,23400.0,score,2.06
task4,23401.0,score,2.06
task4,23402.0,score,2.06
task4,23403.0,score,2.07
task4,23404.0,score,2.08
task4,23405.0,score,2.11
task4,23406.0,score,2.12
task4,23407.0,score,2.11
task4,23408.0,score,2.17
task4,23409.0,score,2.14
task4,23410.0,score,2.16
task4,23411.0,score,2.15
task4,23412.0,score,2.16
task4,23413.0,score,2.12
task4,23414.0,score,2.1
task4,23415.0,score,2.09
task4,23416.0,score,2.08
task4,23417.0,score,2.1
task4,23418.0,score,2.1
task4,23419.0,score,2.09
task4,23420.0,score,2.04
task4,23421.0,score,2.03
task4,23422.0,score,2.02
task4,23423.0,score,1.99
task4,23424.0,score,1.98
task4,23425.0,score,1.97
task4,23426.0,score,1.98
task4,23427.0,score,1.97
task4,23428.0,score,1.91
task4,23429.0,score,1.95
task4,23430.0,score,1.98
task4,23431.0,score,1.94
task4,23432.0,score,1.9
task4,23433.0,score,1.94
task4,23434.0,score,1.93
task4,23435.0,score,1.92
task4,23436.0,score,1.91
task4,23437.0,score,1.9
task4,23438.0,score,1.93
task4,23439.0,score,1.96
task4,23440.0,score,1.93
task4,23441.0,score,1.92
task4,23442.0,score,1.93
task4,23443.0,score,1.89
task4,23444.0,score,1.87
task4,23445.0,score,1.88
task4,23446.0,score,1.9
task4,23447.0,score,1.88
task4,23448.0,score,1.87
task4,23449.0,score,1.9
task4,23450.0,score,1.94
task4,23451.0,score,1.97
task4,23452.0,score,2.01
task4,23453.0,score,1.99
task4,23454.0,score,2.03
task4,23455.0,score,1.99
task4,23456.0,score,1.98
task4,23457.0,score,2.05
task4,23458.0,score,2.07
task4,23459.0,score,2.06
task4,23460.0,score,2.01
task4,23461.0,score,2.04
task4,23462.0,score,2.06
task4,23463.0,score,2.06
task4,23464.0,score,2.07
task4,23465.0,score,2.09
task4,23466.0,score,2.1
task4,23467.0,score,2.1
task4,23468.0,score,2.08
task4,23469.0,score,2.08
task4,23470.0,score,2.08
task4,23471.0,score,2.12
task4,23472.0,score,2.13
task4,23473.0,score,2.12
task4,23474.0,score,2.14
task4,23475.0,score,2.12
task4,23476.0,score,2.11
task4,23477.0,score,2.12
task4,23478.0,score,2.12
task4,23479.0,score,2.14
task4,23480.0,score,2.11
task4,23481.0,score,2.09
task4,23482.0,score,2.1
task4,23483.0,score,2.13
task4,23484.0,score,2.11
task4,23485.0,score,2.12
task4,23486.0,score,2.13
task4,23487.0,score,2.13
task4,23488.0,score,2.15
task4,23489.0,score,2.13
task4,23490.0,score,2.08
task4,23491.0,score,2.09
task4,23492.0,score,2.08
task4,23493.0,score,2.14
task4,23494.0,score,2.23
task4,23495.0,score,2.25
task4,23496.0,score,2.27
task4,23497.0,score,2.24
task4,23498.0,score,2.18
task4,23499.0,score,2.15
task4,23500.0,score,2.18
task4,23501.0,score,2.12
task4,23502.0,score,2.1
task4,23503.0,score,2.18
task4,23504.0,score,2.18
task4,23505.0,score,2.18
task4,23506.0,score,2.16
task4,23507.0,score,2.16
task4,23508.0,score,2.11
task4,23509.0,score,2.12
task4,23510.0,score,2.09
task4,23511.0,score,2.1
task4,23512.0,score,2.07
task4,23513.0,score,2.07
task4,23514.0,score,2.08
task4,23515.0,score,2.12
task4,23516.0,score,2.13
task4,23517.0,score,2.13
task4,23518.0,score,2.12
task4,23519.0,score,2.14
task4,23520.0,score,2.17
task4,23521.0,score,2.17
task4,23522.0,score,2.18
task4,23523.0,score,2.21
task4,23524.0,score,2.2
task4,23525.0,score,2.22
task4,23526.0,score,2.24
task4,23527.0,score,2.27
task4,23528.0,score,2.29
task4,23529.0,score,2.23
task4,23530.0,score,2.24
task4,23531.0,score,2.26
task4,23532.0,score,2.27
task4,23533.0,score,2.24
task4,23534.0,score,2.25
task4,23535.0,score,2.22
task4,23536.0,score,2.2
task4,23537.0,score,2.2
task4,23538.0,score,2.2
task4,23539.0,score,2.25
task4,23540.0,score,2.25
task4,23541.0,score,2.23
task4,23542.0,score,2.22
task4,23543.0,score,2.23
task4,23544.0,score,2.22
task4,23545.0,score,2.23
task4,23546.0,score,2.23
task4,23547.0,score,2.22
task4,23548.0,score,2.2
task4,23549.0,score,2.17
task4,23550.0,score,2.17
task4,23551.0,score,2.16
task4,23552.0,score,2.13
task4,23553.0,score,2.15
task4,23554.0,score,2.16
task4,23555.0,score,2.16
task4,23556.0,score,2.21
task4,23557.0,score,2.15
task4,23558.0,score,2.13
task4,23559.0,score,2.15
task4,23560.0,score,2.14
task4,23561.0,score,2.11
task4,23562.0,score,2.11
task4,23563.0,score,2.08
task4,23564.0,score,2.07
task4,23565.0,score,2.04
task4,23566.0,score,2.04
task4,23567.0,score,2.06
task4,23568.0,score,2.08
task4,23569.0,score,2.06
task4,23570.0,score,2.06
task4,23571.0,score,2.03
task4,23572.0,score,2.12
task4,23573.0,score,2.19
task4,23574.0,score,2.15
task4,23575.0,score,2.17
task4,23576.0,score,2.16
task4,23577.0,score,2.16
task4,23578.0,score,2.16
task4,23579.0,score,2.14
task4,23580.0,score,2.18
task4,23581.0,score,2.18
task4,23582.0,score,2.15
task4,23583.0,score,2.13
task4,23584.0,score,2.17
task4,23585.0,score,2.16
task4,23586.0,score,2.15
task4,23587.0,score,2.19
task4,23588.0,score,2.17
task4,23589.0,score,2.21
task4,23590.0,score,2.21
task4,23591.0,score,2.21
task4,23592.0,score,2.23
task4,23593.0,score,2.16
task4,23594.0,score,2.07
task4,23595.0,score,2.03
task4,23596.0,score,2.04
task4,23597.0,score,2.03
task4,23598.0,score,2.08
task4,23599.0,score,2.09
task4,23600.0,score,2.06
task4,23601.0,score,2.05
task4,23602.0,score,2.05
task4,23603.0,score,1.98
task4,23604.0,score,1.99
task4,23605.0,score,2.02
task4,23606.0,score,2.05
task4,23607.0,score,2.08
task4,23608.0,score,2.08
task4,23609.0,score,2.09
task4,23610.0,score,2.14
task4,23611.0,score,2.13
task4,23612.0,score,2.13
task4,23613.0,score,2.15
task4,23614.0,score,2.16
task4,23615.0,score,2.14
task4,23616.0,score,2.19
task4,23617.0,score,2.17
task4,23618.0,score,2.17
task4,23619.0,score,2.18
task4,23620.0,score,2.22
task4,23621.0,score,2.23
task4,23622.0,score,2.24
task4,23623.0,score,2.24
task4,23624.0,score,2.23
task4,23625.0,score,2.23
task4,23626.0,score,2.22
task4,23627.0,score,2.18
task4,23628.0,score,2.2
task4,23629.0,score,2.23
task4,23630.0,score,2.19
task4,23631.0,score,2.21
task4,23632.0,score,2.23
task4,23633.0,score,2.2
task4,23634.0,score,2.2
task4,23635.0,score,2.22
task4,23636.0,score,2.27
task4,23637.0,score,2.31
task4,23638.0,score,2.28
task4,23639.0,score,2.27
task4,23640.0,score,2.27
task4,23641.0,score,2.27
task4,23642.0,score,2.28
task4,23643.0,score,2.29
task4,23644.0,score,2.29
task4,23645.0,score,2.3
task4,23646.0,score,2.35
task4,23647.0,score,2.36
task4,23648.0,score,2.39
task4,23649.0,score,2.38
task4,23650.0,score,2.35
task4,23651.0,score,2.35
task4,23652.0,score,2.34
task4,23653.0,score,2.35
task4,23654.0,score,2.32
task4,23655.0,score,2.35
task4,23656.0,score,2.34
task4,23657.0,score,2.36
task4,23658.0,score,2.39
task4,23659.0,score,2.38
task4,23660.0,score,2.43
task4,23661.0,score,2.41
task4,23662.0,score,2.41
task4,23663.0,score,2.43
task4,23664.0,score,2.45
task4,23665.0,score,2.45
task4,23666.0,score,2.48
task4,23667.0,score,2.53
task4,23668.0,score,2.52
task4,23669.0,score,2.53
task4,23670.0,score,2.56
task4,23671.0,score,2.55
task4,23672.0,score,2.45
task4,23673.0,score,2.39
task4,23674.0,score,2.41
task4,23675.0,score,2.43
task4,23676.0,score,2.42
task4,23677.0,score,2.44
task4,23678.0,score,2.47
task4,23679.0,score,2.48
task4,23680.0,score,2.46
task4,23681.0,score,2.47
task4,23682.0,score,2.48
task4,23683.0,score,2.5
task4,23684.0,score,2.49
task4,23685.0,score,2.52
task4,23686.0,score,2.54
task4,23687.0,score,2.5
task4,23688.0,score,2.52
task4,23689.0,score,2.5
task4,23690.0,score,2.5
task4,23691.0,score,2.5
task4,23692.0,score,2.5
task4,23693.0,score,2.53
task4,23694.0,score,2.54
task4,23695.0,score,2.56
task4,23696.0,score,2.57
task4,23697.0,score,2.59
task4,23698.0,score,2.55
task4,23699.0,score,2.56
task4,23700.0,score,2.53
task4,23701.0,score,2.56
task4,23702.0,score,2.58
task4,23703.0,score,2.58
task4,23704.0,score,2.55
task4,23705.0,score,2.5
task4,23706.0,score,2.53
task4,23707.0,score,2.54
task4,23708.0,score,2.56
task4,23709.0,score,2.55
task4,23710.0,score,2.52
task4,23711.0,score,2.54
task4,23712.0,score,2.56
task4,23713.0,score,2.56
task4,23714.0,score,2.59
task4,23715.0,score,2.58
task4,23716.0,score,2.53
task4,23717.0,score,2.52
task4,23718.0,score,2.52
task4,23719.0,score,2.49
task4,23720.0,score,2.42
task4,23721.0,score,2.42
task4,23722.0,score,2.4
task4,23723.0,score,2.37
task4,23724.0,score,2.38
task4,23725.0,score,2.37
task4,23726.0,score,2.37
task4,23727.0,score,2.38
task4,23728.0,score,2.37
task4,23729.0,score,2.34
task4,23730.0,score,2.35
task4,23731.0,score,2.34
task4,23732.0,score,2.33
task4,23733.0,score,2.33
task4,23734.0,score,2.34
task4,23735.0,score,2.32
task4,23736.0,score,2.27
task4,23737.0,score,2.23
task4,23738.0,score,2.24
task4,23739.0,score,2.19
task4,23740.0,score,2.19
task4,23741.0,score,2.19
task4,23742.0,score,2.22
task4,23743.0,score,2.22
task4,23744.0,score,2.23
task4,23745.0,score,2.19
task4,23746.0,score,2.16
task4,23747.0,score,2.16
task4,23748.0,score,2.14
task4,23749.0,score,2.14
task4,23750.0,score,2.14
task4,23751.0,score,2.12
task4,23752.0,score,2.13
task4,23753.0,score,2.12
task4,23754.0,score,2.12
task4,23755.0,score,2.1
task4,23756.0,score,2.08
task4,23757.0,score,2.09
task4,23758.0,score,2.07
task4,23759.0,score,2.08
task4,23760.0,score,2.04
task4,23761.0,score,2.03
task4,23762.0,score,2.03
task4,23763.0,score,2.01
task4,23764.0,score,1.98
task4,23765.0,score,2.05
task4,23766.0,score,2.03
task4,23767.0,score,1.99
task4,23768.0,score,1.98
task4,23769.0,score,2.01
task4,23770.0,score,1.97
task4,23771.0,score,1.98
task4,23772.0,score,1.99
task4,23773.0,score,1.96
task4,23774.0,score,1.99
task4,23775.0,score,1.97
task4,23776.0,score,1.99
task4,23777.0,score,1.97
task4,23778.0,score,1.94
task4,23779.0,score,1.92
task4,23780.0,score,1.91
task4,23781.0,score,1.91
task4,23782.0,score,1.92
task4,23783.0,score,1.91
task4,23784.0,score,1.87
task4,23785.0,score,1.85
task4,23786.0,score,1.88
task4,23787.0,score,1.88
task4,23788.0,score,1.89
task4,23789.0,score,1.89
task4,23790.0,score,1.94
task4,23791.0,score,1.93
task4,23792.0,score,1.91
task4,23793.0,score,1.89
task4,23794.0,score,1.88
task4,23795.0,score,1.89
task4,23796.0,score,1.86
task4,23797.0,score,1.84
task4,23798.0,score,1.87
task4,23799.0,score,1.86
task4,23800.0,score,1.86
task4,23801.0,score,1.83
task4,23802.0,score,1.82
task4,23803.0,score,1.87
task4,23804.0,score,1.87
task4,23805.0,score,1.93
task4,23806.0,score,1.9
task4,23807.0,score,1.85
task4,23808.0,score,1.84
task4,23809.0,score,1.85
task4,23810.0,score,1.86
task4,23811.0,score,1.85
task4,23812.0,score,1.84
task4,23813.0,score,1.86
task4,23814.0,score,1.83
task4,23815.0,score,1.84
task4,23816.0,score,1.81
task4,23817.0,score,1.84
task4,23818.0,score,1.87
task4,23819.0,score,1.87
task4,23820.0,score,1.9
task4,23821.0,score,1.89
task4,23822.0,score,1.9
task4,23823.0,score,1.93
task4,23824.0,score,1.93
task4,23825.0,score,1.94
task4,23826.0,score,1.94
task4,23827.0,score,1.93
task4,23828.0,score,1.9
task4,23829.0,score,1.91
task4,23830.0,score,1.93
task4,23831.0,score,1.93
task4,23832.0,score,1.9
task4,23833.0,score,1.94
task4,23834.0,score,1.93
task4,23835.0,score,1.96
task4,23836.0,score,1.98
task4,23837.0,score,1.98
task4,23838.0,score,2.0
task4,23839.0,score,2.01
task4,23840.0,score,2.0
task4,23841.0,score,2.03
task4,23842.0,score,1.98
task4,23843.0,score,1.98
task4,23844.0,score,2.03
task4,23845.0,score,2.03
task4,23846.0,score,2.01
task4,23847.0,score,2.01
task4,23848.0,score,2.02
task4,23849.0,score,2.01
task4,23850.0,score,2.03
task4,23851.0,score,2.04
task4,23852.0,score,2.1
task4,23853.0,score,2.09
task4,23854.0,score,2.1
task4,23855.0,score,2.13
task4,23856.0,score,2.1
task4,23857.0,score,2.07
task4,23858.0,score,2.05
task4,23859.0,score,2.05
task4,23860.0,score,2.06
task4,23861.0,score,2.05
task4,23862.0,score,2.06
task4,23863.0,score,2.08
task4,23864.0,score,2.1
task4,23865.0,score,2.06
task4,23866.0,score,2.04
task4,23867.0,score,2.03
task4,23868.0,score,2.09
task4,23869.0,score,2.07
task4,23870.0,score,2.07
task4,23871.0,score,2.06
task4,23872.0,score,2.09
task4,23873.0,score,2.09
task4,23874.0,score,2.05
task4,23875.0,score,2.09
task4,23876.0,score,2.09
task4,23877.0,score,2.12
task4,23878.0,score,2.11
task4,23879.0,score,2.12
task4,23880.0,score,2.14
task4,23881.0,score,2.13
task4,23882.0,score,2.15
task4,23883.0,score,2.13
task4,23884.0,score,2.14
task4,23885.0,score,2.16
task4,23886.0,score,2.11
task4,23887.0,score,2.11
task4,23888.0,score,2.12
task4,23889.0,score,2.12
task4,23890.0,score,2.07
task4,23891.0,score,2.07
task4,23892.0,score,2.09
task4,23893.0,score,2.09
task4,23894.0,score,2.1
task4,23895.0,score,2.08
task4,23896.0,score,2.08
task4,23897.0,score,2.08
task4,23898.0,score,2.05
task4,23899.0,score,2.06
task4,23900.0,score,2.06
task4,23901.0,score,2.06
task4,23902.0,score,2.04
task4,23903.0,score,1.98
task4,23904.0,score,1.99
task4,23905.0,score,1.92
task4,23906.0,score,1.92
task4,23907.0,score,1.97
task4,23908.0,score,1.96
task4,23909.0,score,1.94
task4,23910.0,score,1.92
task4,23911.0,score,1.92
task4,23912.0,score,1.91
task4,23913.0,score,1.89
task4,23914.0,score,1.89
task4,23915.0,score,1.88
task4,23916.0,score,1.88
task4,23917.0,score,1.87
task4,23918.0,score,1.85
task4,23919.0,score,1.85
task4,23920.0,score,1.82
task4,23921.0,score,1.83
task4,23922.0,score,1.81
task4,23923.0,score,1.79
task4,23924.0,score,1.83
task4,23925.0,score,1.81
task4,23926.0,score,1.8
task4,23927.0,score,1.82
task4,23928.0,score,1.85
task4,23929.0,score,1.84
task4,23930.0,score,1.83
task4,23931.0,score,1.82
task4,23932.0,score,1.85
task4,23933.0,score,1.84
task4,23934.0,score,1.86
task4,23935.0,score,1.85
task4,23936.0,score,1.86
task4,23937.0,score,1.86
task4,23938.0,score,1.83
task4,23939.0,score,1.83
task4,23940.0,score,1.85
task4,23941.0,score,1.84
task4,23942.0,score,1.87
task4,23943.0,score,1.88
task4,23944.0,score,1.83
task4,23945.0,score,1.83
task4,23946.0,score,1.83
task4,23947.0,score,1.85
task4,23948.0,score,1.86
task4,23949.0,score,1.89
task4,23950.0,score,1.88
task4,23951.0,score,1.89
task4,23952.0,score,1.82
task4,23953.0,score,1.84
task4,23954.0,score,1.82
task4,23955.0,score,1.82
task4,23956.0,score,1.85
task4,23957.0,score,1.84
task4,23958.0,score,1.84
task4,23959.0,score,1.83
task4,23960.0,score,1.84
task4,23961.0,score,1.86
task4,23962.0,score,1.86
task4,23963.0,score,1.84
task4,23964.0,score,1.82
task4,23965.0,score,1.82
task4,23966.0,score,1.86
task4,23967.0,score,1.84
task4,23968.0,score,1.82
task4,23969.0,score,1.83
task4,23970.0,score,1.83
task4,23971.0,score,1.84
task4,23972.0,score,1.8
task4,23973.0,score,1.81
task4,23974.0,score,1.81
task4,23975.0,score,1.77
task4,23976.0,score,1.77
task4,23977.0,score,1.74
task4,23978.0,score,1.74
task4,23979.0,score,1.78
task4,23980.0,score,1.79
task4,23981.0,score,1.78
task4,23982.0,score,1.75
task4,23983.0,score,1.76
task4,23984.0,score,1.79
task4,23985.0,score,1.81
task4,23986.0,score,1.8
task4,23987.0,score,1.79
task4,23988.0,score,1.77
task4,23989.0,score,1.78
task4,23990.0,score,1.79
task4,23991.0,score,1.79
task4,23992.0,score,1.79
task4,23993.0,score,1.79
task4,23994.0,score,1.78
task4,23995.0,score,1.78
task4,23996.0,score,1.83
task4,23997.0,score,1.87
task4,23998.0,score,1.86
task4,23999.0,score,1.85
task4,24000.0,score,1.86
task4,24001.0,score,1.88
task4,24002.0,score,1.91
task4,24003.0,score,1.92
task4,24004.0,score,1.9
task4,24005.0,score,1.93
task4,24006.0,score,1.91
task4,24007.0,score,1.87
task4,24008.0,score,1.85
task4,24009.0,score,1.87
task4,24010.0,score,1.89
task4,24011.0,score,1.88
task4,24012.0,score,1.89
task4,24013.0,score,1.89
task4,24014.0,score,1.87
task4,24015.0,score,1.89
task4,24016.0,score,1.91
task4,24017.0,score,1.9
task4,24018.0,score,1.91
task4,24019.0,score,1.92
task4,24020.0,score,1.94
task4,24021.0,score,1.96
task4,24022.0,score,2.04
task4,24023.0,score,2.04
task4,24024.0,score,2.07
task4,24025.0,score,2.08
task4,24026.0,score,2.12
task4,24027.0,score,2.11
task4,24028.0,score,2.08
task4,24029.0,score,2.13
task4,24030.0,score,2.13
task4,24031.0,score,2.15
task4,24032.0,score,2.17
task4,24033.0,score,2.16
task4,24034.0,score,2.14
task4,24035.0,score,2.14
task4,24036.0,score,2.15
task4,24037.0,score,2.15
task4,24038.0,score,2.17
task4,24039.0,score,2.15
task4,24040.0,score,2.16
task4,24041.0,score,2.16
task4,24042.0,score,2.13
task4,24043.0,score,2.11
task4,24044.0,score,2.12
task4,24045.0,score,2.15
task4,24046.0,score,2.14
task4,24047.0,score,2.17
task4,24048.0,score,2.15
task4,24049.0,score,2.12
task4,24050.0,score,2.12
task4,24051.0,score,2.11
task4,24052.0,score,2.12
task4,24053.0,score,2.09
task4,24054.0,score,2.09
task4,24055.0,score,2.05
task4,24056.0,score,2.01
task4,24057.0,score,2.04
task4,24058.0,score,2.09
task4,24059.0,score,2.09
task4,24060.0,score,2.05
task4,24061.0,score,2.04
task4,24062.0,score,2.09
task4,24063.0,score,2.1
task4,24064.0,score,2.11
task4,24065.0,score,2.08
task4,24066.0,score,2.07
task4,24067.0,score,2.09
task4,24068.0,score,2.06
task4,24069.0,score,2.06
task4,24070.0,score,2.07
task4,24071.0,score,2.08
task4,24072.0,score,2.1
task4,24073.0,score,2.11
task4,24074.0,score,2.13
task4,24075.0,score,2.17
task4,24076.0,score,2.16
task4,24077.0,score,2.21
task4,24078.0,score,2.25
task4,24079.0,score,2.21
task4,24080.0,score,2.27
task4,24081.0,score,2.28
task4,24082.0,score,2.34
task4,24083.0,score,2.35
task4,24084.0,score,2.38
task4,24085.0,score,2.34
task4,24086.0,score,2.34
task4,24087.0,score,2.34
task4,24088.0,score,2.34
task4,24089.0,score,2.33
task4,24090.0,score,2.45
task4,24091.0,score,2.51
task4,24092.0,score,2.49
task4,24093.0,score,2.54
task4,24094.0,score,2.55
task4,24095.0,score,2.54
task4,24096.0,score,2.49
task4,24097.0,score,2.45
task4,24098.0,score,2.45
task4,24099.0,score,2.45
task4,24100.0,score,2.46
task4,24101.0,score,2.44
task4,24102.0,score,2.43
task4,24103.0,score,2.43
task4,24104.0,score,2.46
task4,24105.0,score,2.44
task4,24106.0,score,2.43
task4,24107.0,score,2.5
task4,24108.0,score,2.51
task4,24109.0,score,2.49
task4,24110.0,score,2.47
task4,24111.0,score,2.49
task4,24112.0,score,2.5
task4,24113.0,score,2.51
task4,24114.0,score,2.52
task4,24115.0,score,2.51
task4,24116.0,score,2.52
task4,24117.0,score,2.51
task4,24118.0,score,2.51
task4,24119.0,score,2.49
task4,24120.0,score,2.48
task4,24121.0,score,2.47
task4,24122.0,score,2.4
task4,24123.0,score,2.4
task4,24124.0,score,2.32
task4,24125.0,score,2.31
task4,24126.0,score,2.27
task4,24127.0,score,2.27
task4,24128.0,score,2.3
task4,24129.0,score,2.29
task4,24130.0,score,2.29
task4,24131.0,score,2.26
task4,24132.0,score,2.28
task4,24133.0,score,2.28
task4,24134.0,score,2.3
task4,24135.0,score,2.31
task4,24136.0,score,2.29
task4,24137.0,score,2.31
task4,24138.0,score,2.36
task4,24139.0,score,2.37
task4,24140.0,score,2.35
task4,24141.0,score,2.34
task4,24142.0,score,2.34
task4,24143.0,score,2.35
task4,24144.0,score,2.33
task4,24145.0,score,2.32
task4,24146.0,score,2.32
task4,24147.0,score,2.28
task4,24148.0,score,2.35
task4,24149.0,score,2.38
task4,24150.0,score,2.38
task4,24151.0,score,2.38
task4,24152.0,score,2.38
task4,24153.0,score,2.38
task4,24154.0,score,2.43
task4,24155.0,score,2.45
task4,24156.0,score,2.47
task4,24157.0,score,2.47
task4,24158.0,score,2.45
task4,24159.0,score,2.46
task4,24160.0,score,2.5
task4,24161.0,score,2.5
task4,24162.0,score,2.43
task4,24163.0,score,2.44
task4,24164.0,score,2.45
task4,24165.0,score,2.47
task4,24166.0,score,2.47
task4,24167.0,score,2.47
task4,24168.0,score,2.51
task4,24169.0,score,2.48
task4,24170.0,score,2.51
task4,24171.0,score,2.49
task4,24172.0,score,2.48
task4,24173.0,score,2.48
task4,24174.0,score,2.46
task4,24175.0,score,2.42
task4,24176.0,score,2.41
task4,24177.0,score,2.38
task4,24178.0,score,2.37
task4,24179.0,score,2.36
task4,24180.0,score,2.26
task4,24181.0,score,2.26
task4,24182.0,score,2.21
task4,24183.0,score,2.22
task4,24184.0,score,2.16
task4,24185.0,score,2.15
task4,24186.0,score,2.2
task4,24187.0,score,2.21
task4,24188.0,score,2.21
task4,24189.0,score,2.2
task4,24190.0,score,2.1
task4,24191.0,score,2.06
task4,24192.0,score,2.08
task4,24193.0,score,2.03
task4,24194.0,score,2.02
task4,24195.0,score,2.05
task4,24196.0,score,2.03
task4,24197.0,score,2.04
task4,24198.0,score,2.03
task4,24199.0,score,2.06
task4,24200.0,score,2.06
task4,24201.0,score,2.06
task4,24202.0,score,2.05
task4,24203.0,score,2.06
task4,24204.0,score,2.03
task4,24205.0,score,2.03
task4,24206.0,score,2.04
task4,24207.0,score,2.0
task4,24208.0,score,2.01
task4,24209.0,score,2.01
task4,24210.0,score,2.0
task4,24211.0,score,1.99
task4,24212.0,score,2.01
task4,24213.0,score,2.03
task4,24214.0,score,2.04
task4,24215.0,score,2.04
task4,24216.0,score,2.02
task4,24217.0,score,2.04
task4,24218.0,score,2.05
task4,24219.0,score,2.06
task4,24220.0,score,2.07
task4,24221.0,score,2.08
task4,24222.0,score,2.16
task4,24223.0,score,2.18
task4,24224.0,score,2.2
task4,24225.0,score,2.2
task4,24226.0,score,2.23
task4,24227.0,score,2.23
task4,24228.0,score,2.28
task4,24229.0,score,2.25
task4,24230.0,score,2.26
task4,24231.0,score,2.3
task4,24232.0,score,2.24
task4,24233.0,score,2.24
task4,24234.0,score,2.23
task4,24235.0,score,2.22
task4,24236.0,score,2.21
task4,24237.0,score,2.19
task4,24238.0,score,2.15
task4,24239.0,score,2.16
task4,24240.0,score,2.16
task4,24241.0,score,2.16
task4,24242.0,score,2.23
task4,24243.0,score,2.28
task4,24244.0,score,2.33
task4,24245.0,score,2.32
task4,24246.0,score,2.34
task4,24247.0,score,2.35
task4,24248.0,score,2.3
task4,24249.0,score,2.32
task4,24250.0,score,2.33
task4,24251.0,score,2.32
task4,24252.0,score,2.32
task4,24253.0,score,2.32
task4,24254.0,score,2.27
task4,24255.0,score,2.28
task4,24256.0,score,2.27
task4,24257.0,score,2.26
task4,24258.0,score,2.23
task4,24259.0,score,2.21
task4,24260.0,score,2.19
task4,24261.0,score,2.2
task4,24262.0,score,2.22
task4,24263.0,score,2.21
task4,24264.0,score,2.2
task4,24265.0,score,2.18
task4,24266.0,score,2.18
task4,24267.0,score,2.16
task4,24268.0,score,2.13
task4,24269.0,score,2.14
task4,24270.0,score,2.09
task4,24271.0,score,2.1
task4,24272.0,score,2.09
task4,24273.0,score,2.08
task4,24274.0,score,2.09
task4,24275.0,score,2.09
task4,24276.0,score,2.12
task4,24277.0,score,2.1
task4,24278.0,score,2.12
task4,24279.0,score,2.13
task4,24280.0,score,2.15
task4,24281.0,score,2.14
task4,24282.0,score,2.13
task4,24283.0,score,2.12
task4,24284.0,score,2.13
task4,24285.0,score,2.13
task4,24286.0,score,2.08
task4,24287.0,score,2.1
task4,24288.0,score,2.09
task4,24289.0,score,2.1
task4,24290.0,score,2.09
task4,24291.0,score,2.17
task4,24292.0,score,2.15
task4,24293.0,score,2.18
task4,24294.0,score,2.19
task4,24295.0,score,2.18
task4,24296.0,score,2.18
task4,24297.0,score,2.18
task4,24298.0,score,2.19
task4,24299.0,score,2.18
task4,24300.0,score,2.18
task4,24301.0,score,2.22
task4,24302.0,score,2.23
task4,24303.0,score,2.22
task4,24304.0,score,2.23
task4,24305.0,score,2.22
task4,24306.0,score,2.21
task4,24307.0,score,2.21
task4,24308.0,score,2.22
task4,24309.0,score,2.26
task4,24310.0,score,2.28
task4,24311.0,score,2.26
task4,24312.0,score,2.22
task4,24313.0,score,2.19
task4,24314.0,score,2.18
task4,24315.0,score,2.19
task4,24316.0,score,2.21
task4,24317.0,score,2.19
task4,24318.0,score,2.16
task4,24319.0,score,2.18
task4,24320.0,score,2.17
task4,24321.0,score,2.18
task4,24322.0,score,2.09
task4,24323.0,score,2.08
task4,24324.0,score,2.08
task4,24325.0,score,2.1
task4,24326.0,score,2.06
task4,24327.0,score,2.07
task4,24328.0,score,2.0
task4,24329.0,score,2.03
task4,24330.0,score,2.0
task4,24331.0,score,1.96
task4,24332.0,score,1.96
task4,24333.0,score,1.95
task4,24334.0,score,2.03
task4,24335.0,score,2.03
task4,24336.0,score,2.04
task4,24337.0,score,2.03
task4,24338.0,score,2.03
task4,24339.0,score,2.01
task4,24340.0,score,2.02
task4,24341.0,score,2.01
task4,24342.0,score,1.95
task4,24343.0,score,1.9
task4,24344.0,score,1.84
task4,24345.0,score,1.86
task4,24346.0,score,1.84
task4,24347.0,score,1.81
task4,24348.0,score,1.79
task4,24349.0,score,1.78
task4,24350.0,score,1.79
task4,24351.0,score,1.82
task4,24352.0,score,1.8
task4,24353.0,score,1.8
task4,24354.0,score,1.84
task4,24355.0,score,1.81
task4,24356.0,score,1.81
task4,24357.0,score,1.81
task4,24358.0,score,1.82
task4,24359.0,score,1.9
task4,24360.0,score,1.88
task4,24361.0,score,1.89
task4,24362.0,score,1.88
task4,24363.0,score,1.89
task4,24364.0,score,1.89
task4,24365.0,score,1.88
task4,24366.0,score,1.88
task4,24367.0,score,1.9
task4,24368.0,score,1.88
task4,24369.0,score,1.89
task4,24370.0,score,1.93
task4,24371.0,score,1.95
task4,24372.0,score,1.95
task4,24373.0,score,1.98
task4,24374.0,score,1.97
task4,24375.0,score,1.96
task4,24376.0,score,1.93
task4,24377.0,score,1.92
task4,24378.0,score,1.89
task4,24379.0,score,1.92
task4,24380.0,score,1.92
task4,24381.0,score,1.93
task4,24382.0,score,1.94
task4,24383.0,score,1.93
task4,24384.0,score,1.93
task4,24385.0,score,1.94
task4,24386.0,score,1.96
task4,24387.0,score,1.96
task4,24388.0,score,1.98
task4,24389.0,score,1.97
task4,24390.0,score,1.97
task4,24391.0,score,1.89
task4,24392.0,score,1.89
task4,24393.0,score,1.87
task4,24394.0,score,1.87
task4,24395.0,score,1.86
task4,24396.0,score,1.87
task4,24397.0,score,1.9
task4,24398.0,score,1.93
task4,24399.0,score,1.9
task4,24400.0,score,1.9
task4,24401.0,score,1.86
task4,24402.0,score,1.85
task4,24403.0,score,1.85
task4,24404.0,score,1.91
task4,24405.0,score,1.92
task4,24406.0,score,1.99
task4,24407.0,score,1.98
task4,24408.0,score,1.97
task4,24409.0,score,1.96
task4,24410.0,score,1.96
task4,24411.0,score,1.99
task4,24412.0,score,2.02
task4,24413.0,score,2.07
task4,24414.0,score,2.08
task4,24415.0,score,2.07
task4,24416.0,score,2.08
task4,24417.0,score,2.1
task4,24418.0,score,2.11
task4,24419.0,score,2.08
task4,24420.0,score,2.07
task4,24421.0,score,2.05
task4,24422.0,score,2.06
task4,24423.0,score,2.09
task4,24424.0,score,2.09
task4,24425.0,score,2.08
task4,24426.0,score,2.09
task4,24427.0,score,2.1
task4,24428.0,score,2.11
task4,24429.0,score,2.08
task4,24430.0,score,2.08
task4,24431.0,score,2.08
task4,24432.0,score,2.08
task4,24433.0,score,2.15
task4,24434.0,score,2.06
task4,24435.0,score,2.1
task4,24436.0,score,2.09
task4,24437.0,score,2.11
task4,24438.0,score,2.1
task4,24439.0,score,2.09
task4,24440.0,score,2.1
task4,24441.0,score,2.1
task4,24442.0,score,2.09
task4,24443.0,score,2.1
task4,24444.0,score,2.21
task4,24445.0,score,2.26
task4,24446.0,score,2.27
task4,24447.0,score,2.3
task4,24448.0,score,2.41
task4,24449.0,score,2.45
task4,24450.0,score,2.44
task4,24451.0,score,2.44
task4,24452.0,score,2.44
task4,24453.0,score,2.47
task4,24454.0,score,2.46
task4,24455.0,score,2.46
task4,24456.0,score,2.46
task4,24457.0,score,2.45
task4,24458.0,score,2.47
task4,24459.0,score,2.4
task4,24460.0,score,2.41
task4,24461.0,score,2.38
task4,24462.0,score,2.38
task4,24463.0,score,2.37
task4,24464.0,score,2.37
task4,24465.0,score,2.4
task4,24466.0,score,2.39
task4,24467.0,score,2.37
task4,24468.0,score,2.38
task4,24469.0,score,2.42
task4,24470.0,score,2.39
task4,24471.0,score,2.37
task4,24472.0,score,2.37
task4,24473.0,score,2.36
task4,24474.0,score,2.38
task4,24475.0,score,2.39
task4,24476.0,score,2.41
task4,24477.0,score,2.44
task4,24478.0,score,2.43
task4,24479.0,score,2.4
task4,24480.0,score,2.38
task4,24481.0,score,2.41
task4,24482.0,score,2.39
task4,24483.0,score,2.39
task4,24484.0,score,2.4
task4,24485.0,score,2.41
task4,24486.0,score,2.42
task4,24487.0,score,2.43
task4,24488.0,score,2.47
task4,24489.0,score,2.46
task4,24490.0,score,2.44
task4,24491.0,score,2.43
task4,24492.0,score,2.48
task4,24493.0,score,2.47
task4,24494.0,score,2.46
task4,24495.0,score,2.49
task4,24496.0,score,2.49
task4,24497.0,score,2.46
task4,24498.0,score,2.42
task4,24499.0,score,2.45
task4,24500.0,score,2.44
task4,24501.0,score,2.44
task4,24502.0,score,2.45
task4,24503.0,score,2.51
task4,24504.0,score,2.45
task4,24505.0,score,2.47
task4,24506.0,score,2.43
task4,24507.0,score,2.42
task4,24508.0,score,2.42
task4,24509.0,score,2.39
task4,24510.0,score,2.41
task4,24511.0,score,2.4
task4,24512.0,score,2.38
task4,24513.0,score,2.32
task4,24514.0,score,2.34
task4,24515.0,score,2.41
task4,24516.0,score,2.39
task4,24517.0,score,2.41
task4,24518.0,score,2.43
task4,24519.0,score,2.43
task4,24520.0,score,2.43
task4,24521.0,score,2.43
task4,24522.0,score,2.43
task4,24523.0,score,2.38
task4,24524.0,score,2.39
task4,24525.0,score,2.4
task4,24526.0,score,2.4
task4,24527.0,score,2.41
task4,24528.0,score,2.42
task4,24529.0,score,2.43
task4,24530.0,score,2.44
task4,24531.0,score,2.43
task4,24532.0,score,2.46
task4,24533.0,score,2.39
task4,24534.0,score,2.4
task4,24535.0,score,2.37
task4,24536.0,score,2.36
task4,24537.0,score,2.35
task4,24538.0,score,2.35
task4,24539.0,score,2.37
task4,24540.0,score,2.36
task4,24541.0,score,2.39
task4,24542.0,score,2.41
task4,24543.0,score,2.38
task4,24544.0,score,2.29
task4,24545.0,score,2.21
task4,24546.0,score,2.26
task4,24547.0,score,2.24
task4,24548.0,score,2.12
task4,24549.0,score,2.07
task4,24550.0,score,2.07
task4,24551.0,score,2.07
task4,24552.0,score,2.07
task4,24553.0,score,2.05
task4,24554.0,score,2.02
task4,24555.0,score,2.08
task4,24556.0,score,2.11
task4,24557.0,score,2.12
task4,24558.0,score,2.13
task4,24559.0,score,2.15
task4,24560.0,score,2.17
task4,24561.0,score,2.2
task4,24562.0,score,2.18
task4,24563.0,score,2.17
task4,24564.0,score,2.17
task4,24565.0,score,2.17
task4,24566.0,score,2.19
task4,24567.0,score,2.2
task4,24568.0,score,2.2
task4,24569.0,score,2.15
task4,24570.0,score,2.18
task4,24571.0,score,2.17
task4,24572.0,score,2.2
task4,24573.0,score,2.19
task4,24574.0,score,2.18
task4,24575.0,score,2.17
task4,24576.0,score,2.22
task4,24577.0,score,2.3
task4,24578.0,score,2.32
task4,24579.0,score,2.35
task4,24580.0,score,2.37
task4,24581.0,score,2.37
task4,24582.0,score,2.39
task4,24583.0,score,2.41
task4,24584.0,score,2.42
task4,24585.0,score,2.42
task4,24586.0,score,2.45
task4,24587.0,score,2.42
task4,24588.0,score,2.39
task4,24589.0,score,2.4
task4,24590.0,score,2.46
task4,24591.0,score,2.45
task4,24592.0,score,2.4
task4,24593.0,score,2.41
task4,24594.0,score,2.42
task4,24595.0,score,2.41
task4,24596.0,score,2.42
task4,24597.0,score,2.42
task4,24598.0,score,2.43
task4,24599.0,score,2.42
task4,24600.0,score,2.44
task4,24601.0,score,2.43
task4,24602.0,score,2.47
task4,24603.0,score,2.4
task4,24604.0,score,2.39
task4,24605.0,score,2.38
task4,24606.0,score,2.37
task4,24607.0,score,2.41
task4,24608.0,score,2.46
task4,24609.0,score,2.48
task4,24610.0,score,2.44
task4,24611.0,score,2.43
task4,24612.0,score,2.42
task4,24613.0,score,2.42
task4,24614.0,score,2.41
task4,24615.0,score,2.34
task4,24616.0,score,2.33
task4,24617.0,score,2.3
task4,24618.0,score,2.28
task4,24619.0,score,2.35
task4,24620.0,score,2.37
task4,24621.0,score,2.38
task4,24622.0,score,2.37
task4,24623.0,score,2.39
task4,24624.0,score,2.38
task4,24625.0,score,2.36
task4,24626.0,score,2.35
task4,24627.0,score,2.31
task4,24628.0,score,2.29
task4,24629.0,score,2.29
task4,24630.0,score,2.28
task4,24631.0,score,2.32
task4,24632.0,score,2.31
task4,24633.0,score,2.31
task4,24634.0,score,2.3
task4,24635.0,score,2.31
task4,24636.0,score,2.31
task4,24637.0,score,2.31
task4,24638.0,score,2.31
task4,24639.0,score,2.29
task4,24640.0,score,2.29
task4,24641.0,score,2.3
task4,24642.0,score,2.28
task4,24643.0,score,2.28
task4,24644.0,score,2.28
task4,24645.0,score,2.3
task4,24646.0,score,2.24
task4,24647.0,score,2.27
task4,24648.0,score,2.28
task4,24649.0,score,2.27
task4,24650.0,score,2.24
task4,24651.0,score,2.24
task4,24652.0,score,2.27
task4,24653.0,score,2.32
task4,24654.0,score,2.36
task4,24655.0,score,2.32
task4,24656.0,score,2.29
task4,24657.0,score,2.28
task4,24658.0,score,2.25
task4,24659.0,score,2.26
task4,24660.0,score,2.26
task4,24661.0,score,2.23
task4,24662.0,score,2.3
task4,24663.0,score,2.36
task4,24664.0,score,2.36
task4,24665.0,score,2.34
task4,24666.0,score,2.33
task4,24667.0,score,2.35
task4,24668.0,score,2.34
task4,24669.0,score,2.34
task4,24670.0,score,2.31
task4,24671.0,score,2.37
task4,24672.0,score,2.36
task4,24673.0,score,2.42
task4,24674.0,score,2.47
task4,24675.0,score,2.48
task4,24676.0,score,2.47
task4,24677.0,score,2.37
task4,24678.0,score,2.36
task4,24679.0,score,2.36
task4,24680.0,score,2.35
task4,24681.0,score,2.35
task4,24682.0,score,2.39
task4,24683.0,score,2.37
task4,24684.0,score,2.43
task4,24685.0,score,2.44
task4,24686.0,score,2.41
task4,24687.0,score,2.41
task4,24688.0,score,2.4
task4,24689.0,score,2.4
task4,24690.0,score,2.34
task4,24691.0,score,2.34
task4,24692.0,score,2.34
task4,24693.0,score,2.34
task4,24694.0,score,2.34
task4,24695.0,score,2.36
task4,24696.0,score,2.34
task4,24697.0,score,2.36
task4,24698.0,score,2.36
task4,24699.0,score,2.34
task4,24700.0,score,2.31
task4,24701.0,score,2.34
task4,24702.0,score,2.35
task4,24703.0,score,2.36
task4,24704.0,score,2.36
task4,24705.0,score,2.36
task4,24706.0,score,2.37
task4,24707.0,score,2.32
task4,24708.0,score,2.29
task4,24709.0,score,2.27
task4,24710.0,score,2.29
task4,24711.0,score,2.33
task4,24712.0,score,2.34
task4,24713.0,score,2.34
task4,24714.0,score,2.33
task4,24715.0,score,2.34
task4,24716.0,score,2.35
task4,24717.0,score,2.36
task4,24718.0,score,2.35
task4,24719.0,score,2.31
task4,24720.0,score,2.31
task4,24721.0,score,2.31
task4,24722.0,score,2.31
task4,24723.0,score,2.29
task4,24724.0,score,2.27
task4,24725.0,score,2.27
task4,24726.0,score,2.33
task4,24727.0,score,2.33
task4,24728.0,score,2.34
task4,24729.0,score,2.33
task4,24730.0,score,2.41
task4,24731.0,score,2.39
task4,24732.0,score,2.38
task4,24733.0,score,2.39
task4,24734.0,score,2.4
task4,24735.0,score,2.38
task4,24736.0,score,2.42
task4,24737.0,score,2.44
task4,24738.0,score,2.48
task4,24739.0,score,2.51
task4,24740.0,score,2.53
task4,24741.0,score,2.56
task4,24742.0,score,2.57
task4,24743.0,score,2.59
task4,24744.0,score,2.58
task4,24745.0,score,2.59
task4,24746.0,score,2.59
task4,24747.0,score,2.57
task4,24748.0,score,2.59
task4,24749.0,score,2.59
task4,24750.0,score,2.61
task4,24751.0,score,2.58
task4,24752.0,score,2.57
task4,24753.0,score,2.52
task4,24754.0,score,2.5
task4,24755.0,score,2.52
task4,24756.0,score,2.51
task4,24757.0,score,2.58
task4,24758.0,score,2.59
task4,24759.0,score,2.6
task4,24760.0,score,2.59
task4,24761.0,score,2.62
task4,24762.0,score,2.59
task4,24763.0,score,2.55
task4,24764.0,score,2.54
task4,24765.0,score,2.57
task4,24766.0,score,2.55
task4,24767.0,score,2.53
task4,24768.0,score,2.53
task4,24769.0,score,2.54
task4,24770.0,score,2.57
task4,24771.0,score,2.56
task4,24772.0,score,2.54
task4,24773.0,score,2.51
task4,24774.0,score,2.47
task4,24775.0,score,2.46
task4,24776.0,score,2.4
task4,24777.0,score,2.41
task4,24778.0,score,2.4
task4,24779.0,score,2.36
task4,24780.0,score,2.38
task4,24781.0,score,2.36
task4,24782.0,score,2.32
task4,24783.0,score,2.34
task4,24784.0,score,2.27
task4,24785.0,score,2.28
task4,24786.0,score,2.26
task4,24787.0,score,2.27
task4,24788.0,score,2.25
task4,24789.0,score,2.25
task4,24790.0,score,2.25
task4,24791.0,score,2.27
task4,24792.0,score,2.27
task4,24793.0,score,2.26
task4,24794.0,score,2.25
task4,24795.0,score,2.21
task4,24796.0,score,2.24
task4,24797.0,score,2.24
task4,24798.0,score,2.23
task4,24799.0,score,2.25
task4,24800.0,score,2.29
task4,24801.0,score,2.26
task4,24802.0,score,2.21
task4,24803.0,score,2.2
task4,24804.0,score,2.2
task4,24805.0,score,2.18
task4,24806.0,score,2.18
task4,24807.0,score,2.17
task4,24808.0,score,2.15
task4,24809.0,score,2.19
task4,24810.0,score,2.2
task4,24811.0,score,2.24
task4,24812.0,score,2.26
task4,24813.0,score,2.25
task4,24814.0,score,2.24
task4,24815.0,score,2.23
task4,24816.0,score,2.21
task4,24817.0,score,2.2
task4,24818.0,score,2.2
task4,24819.0,score,2.19
task4,24820.0,score,2.19
task4,24821.0,score,2.17
task4,24822.0,score,2.19
task4,24823.0,score,2.22
task4,24824.0,score,2.28
task4,24825.0,score,2.31
task4,24826.0,score,2.26
task4,24827.0,score,2.27
task4,24828.0,score,2.29
task4,24829.0,score,2.29
task4,24830.0,score,2.23
task4,24831.0,score,2.22
task4,24832.0,score,2.22
task4,24833.0,score,2.24
task4,24834.0,score,2.25
task4,24835.0,score,2.24
task4,24836.0,score,2.23
task4,24837.0,score,2.24
task4,24838.0,score,2.19
task4,24839.0,score,2.19
task4,24840.0,score,2.19
task4,24841.0,score,2.14
task4,24842.0,score,2.16
task4,24843.0,score,2.18
task4,24844.0,score,2.18
task4,24845.0,score,2.18
task4,24846.0,score,2.18
task4,24847.0,score,2.16
task4,24848.0,score,2.14
task4,24849.0,score,2.12
task4,24850.0,score,2.18
task4,24851.0,score,2.21
task4,24852.0,score,2.2
task4,24853.0,score,2.2
task4,24854.0,score,2.25
task4,24855.0,score,2.21
task4,24856.0,score,2.23
task4,24857.0,score,2.18
task4,24858.0,score,2.17
task4,24859.0,score,2.12
task4,24860.0,score,2.1
task4,24861.0,score,2.09
task4,24862.0,score,2.07
task4,24863.0,score,2.08
task4,24864.0,score,2.09
task4,24865.0,score,2.07
task4,24866.0,score,2.09
task4,24867.0,score,2.08
task4,24868.0,score,2.07
task4,24869.0,score,2.05
task4,24870.0,score,2.04
task4,24871.0,score,2.0
task4,24872.0,score,2.0
task4,24873.0,score,1.97
task4,24874.0,score,1.95
task4,24875.0,score,1.97
task4,24876.0,score,1.99
task4,24877.0,score,1.99
task4,24878.0,score,1.99
task4,24879.0,score,2.0
task4,24880.0,score,1.98
task4,24881.0,score,1.97
task4,24882.0,score,1.96
task4,24883.0,score,1.94
task4,24884.0,score,1.93
task4,24885.0,score,1.9
task4,24886.0,score,1.9
task4,24887.0,score,1.91
task4,24888.0,score,1.9
task4,24889.0,score,1.91
task4,24890.0,score,1.91
task4,24891.0,score,1.89
task4,24892.0,score,1.92
task4,24893.0,score,1.95
task4,24894.0,score,1.96
task4,24895.0,score,2.0
task4,24896.0,score,2.0
task4,24897.0,score,1.99
task4,24898.0,score,2.01
task4,24899.0,score,1.99
task4,24900.0,score,1.98
task4,24901.0,score,1.99
task4,24902.0,score,1.98
task4,24903.0,score,1.98
task4,24904.0,score,2.0
task4,24905.0,score,2.0
task4,24906.0,score,2.0
task4,24907.0,score,2.01
task4,24908.0,score,2.03
task4,24909.0,score,2.02
task4,24910.0,score,2.03
task4,24911.0,score,1.94
task4,24912.0,score,1.92
task4,24913.0,score,1.94
task4,24914.0,score,1.95
task4,24915.0,score,1.94
task4,24916.0,score,1.95
task4,24917.0,score,1.96
task4,24918.0,score,1.96
task4,24919.0,score,2.04
task4,24920.0,score,2.07
task4,24921.0,score,2.07
task4,24922.0,score,2.09
task4,24923.0,score,2.07
task4,24924.0,score,2.03
task4,24925.0,score,2.02
task4,24926.0,score,2.02
task4,24927.0,score,2.05
task4,24928.0,score,2.01
task4,24929.0,score,2.0
task4,24930.0,score,2.01
task4,24931.0,score,2.02
task4,24932.0,score,2.01
task4,24933.0,score,2.01
task4,24934.0,score,2.01
task4,24935.0,score,2.02
task4,24936.0,score,2.0
task4,24937.0,score,1.97
task4,24938.0,score,1.97
task4,24939.0,score,1.97
task4,24940.0,score,1.95
task4,24941.0,score,1.96
task4,24942.0,score,1.99
task4,24943.0,score,1.98
task4,24944.0,score,1.98
task4,24945.0,score,1.97
task4,24946.0,score,1.97
task4,24947.0,score,1.97
task4,24948.0,score,1.97
task4,24949.0,score,1.98
task4,24950.0,score,1.94
task4,24951.0,score,1.93
task4,24952.0,score,1.92
task4,24953.0,score,1.9
task4,24954.0,score,1.83
task4,24955.0,score,1.84
task4,24956.0,score,1.86
task4,24957.0,score,1.84
task4,24958.0,score,1.87
task4,24959.0,score,1.89
task4,24960.0,score,1.92
task4,24961.0,score,1.9
task4,24962.0,score,1.88
task4,24963.0,score,1.91
task4,24964.0,score,1.97
task4,24965.0,score,1.96
task4,24966.0,score,1.93
task4,24967.0,score,1.97
task4,24968.0,score,1.98
task4,24969.0,score,2.01
task4,24970.0,score,2.01
task4,24971.0,score,2.03
task4,24972.0,score,2.04
task4,24973.0,score,2.04
task4,24974.0,score,2.06
task4,24975.0,score,2.06
task4,24976.0,score,2.06
task4,24977.0,score,2.06
task4,24978.0,score,2.07
task4,24979.0,score,2.08
task4,24980.0,score,2.08
task4,24981.0,score,2.1
task4,24982.0,score,2.19
task4,24983.0,score,2.21
task4,24984.0,score,2.21
task4,24985.0,score,2.24
task4,24986.0,score,2.25
task4,24987.0,score,2.23
task4,24988.0,score,2.24
task4,24989.0,score,2.25
task4,24990.0,score,2.3
task4,24991.0,score,2.31
task4,24992.0,score,2.29
task4,24993.0,score,2.26
task4,24994.0,score,2.27
task4,24995.0,score,2.24
task4,24996.0,score,2.25
task4,24997.0,score,2.29
task4,24998.0,score,2.31
task4,24999.0,score,2.31
task4,25000.0,score,2.29
task4,25001.0,score,2.28
task4,25002.0,score,2.28
task4,25003.0,score,2.29
task4,25004.0,score,2.28
task4,25005.0,score,2.29
task4,25006.0,score,2.28
task4,25007.0,score,2.29
task4,25008.0,score,2.28
task4,25009.0,score,2.28
task4,25010.0,score,2.25
task4,25011.0,score,2.27
task4,25012.0,score,2.29
task4,25013.0,score,2.27
task4,25014.0,score,2.28
task4,25015.0,score,2.29
task4,25016.0,score,2.3
task4,25017.0,score,2.29
task4,25018.0,score,2.3
task4,25019.0,score,2.22
task4,25020.0,score,2.17
task4,25021.0,score,2.16
task4,25022.0,score,2.15
task4,25023.0,score,2.16
task4,25024.0,score,2.17
task4,25025.0,score,2.16
task4,25026.0,score,2.16
task4,25027.0,score,2.13
task4,25028.0,score,2.14
task4,25029.0,score,2.16
task4,25030.0,score,2.17
task4,25031.0,score,2.16
task4,25032.0,score,2.16
task4,25033.0,score,2.14
task4,25034.0,score,2.14
task4,25035.0,score,2.13
task4,25036.0,score,2.15
task4,25037.0,score,2.14
task4,25038.0,score,2.13
task4,25039.0,score,2.11
task4,25040.0,score,2.15
task4,25041.0,score,2.14
task4,25042.0,score,2.09
task4,25043.0,score,2.08
task4,25044.0,score,2.08
task4,25045.0,score,2.07
task4,25046.0,score,2.09
task4,25047.0,score,2.09
task4,25048.0,score,2.09
task4,25049.0,score,2.09
task4,25050.0,score,2.08
task4,25051.0,score,2.1
task4,25052.0,score,2.12
task4,25053.0,score,2.14
task4,25054.0,score,2.15
task4,25055.0,score,2.14
task4,25056.0,score,2.1
task4,25057.0,score,2.09
task4,25058.0,score,2.05
task4,25059.0,score,2.03
task4,25060.0,score,2.01
task4,25061.0,score,2.01
task4,25062.0,score,2.02
task4,25063.0,score,1.97
task4,25064.0,score,1.9
task4,25065.0,score,1.89
task4,25066.0,score,1.9
task4,25067.0,score,1.88
task4,25068.0,score,1.89
task4,25069.0,score,1.87
task4,25070.0,score,1.86
task4,25071.0,score,1.86
task4,25072.0,score,1.86
task4,25073.0,score,1.93
task4,25074.0,score,1.95
task4,25075.0,score,1.96
task4,25076.0,score,1.95
task4,25077.0,score,1.96
task4,25078.0,score,1.95
task4,25079.0,score,2.02
task4,25080.0,score,2.02
task4,25081.0,score,2.02
task4,25082.0,score,1.93
task4,25083.0,score,1.9
task4,25084.0,score,1.89
task4,25085.0,score,1.87
task4,25086.0,score,1.87
task4,25087.0,score,1.88
task4,25088.0,score,1.87
task4,25089.0,score,1.86
task4,25090.0,score,1.85
task4,25091.0,score,1.84
task4,25092.0,score,1.86
task4,25093.0,score,1.85
task4,25094.0,score,1.84
task4,25095.0,score,1.9
task4,25096.0,score,1.9
task4,25097.0,score,1.86
task4,25098.0,score,1.82
task4,25099.0,score,1.83
task4,25100.0,score,1.84
task4,25101.0,score,1.85
task4,25102.0,score,1.85
task4,25103.0,score,1.85
task4,25104.0,score,1.87
task4,25105.0,score,1.9
task4,25106.0,score,1.88
task4,25107.0,score,1.91
task4,25108.0,score,1.88
task4,25109.0,score,1.91
task4,25110.0,score,1.91
task4,25111.0,score,1.91
task4,25112.0,score,1.91
task4,25113.0,score,1.94
task4,25114.0,score,1.95
task4,25115.0,score,2.0
task4,25116.0,score,2.0
task4,25117.0,score,2.01
task4,25118.0,score,2.03
task4,25119.0,score,2.01
task4,25120.0,score,2.01
task4,25121.0,score,2.02
task4,25122.0,score,2.01
task4,25123.0,score,2.01
task4,25124.0,score,2.0
task4,25125.0,score,1.98
task4,25126.0,score,1.98
task4,25127.0,score,1.98
task4,25128.0,score,1.98
task4,25129.0,score,1.96
task4,25130.0,score,1.94
task4,25131.0,score,1.96
task4,25132.0,score,2.03
task4,25133.0,score,2.01
task4,25134.0,score,2.0
task4,25135.0,score,2.0
task4,25136.0,score,1.97
task4,25137.0,score,2.0
task4,25138.0,score,2.0
task4,25139.0,score,2.0
task4,25140.0,score,1.95
task4,25141.0,score,1.94
task4,25142.0,score,1.94
task4,25143.0,score,1.94
task4,25144.0,score,1.97
task4,25145.0,score,1.97
task4,25146.0,score,1.96
task4,25147.0,score,1.99
task4,25148.0,score,2.01
task4,25149.0,score,2.03
task4,25150.0,score,2.03
task4,25151.0,score,2.0
task4,25152.0,score,2.0
task4,25153.0,score,2.03
task4,25154.0,score,2.02
task4,25155.0,score,2.05
task4,25156.0,score,2.09
task4,25157.0,score,2.1
task4,25158.0,score,2.11
task4,25159.0,score,2.11
task4,25160.0,score,2.12
task4,25161.0,score,2.17
task4,25162.0,score,2.17
task4,25163.0,score,2.16
task4,25164.0,score,2.17
task4,25165.0,score,2.18
task4,25166.0,score,2.17
task4,25167.0,score,2.17
task4,25168.0,score,2.15
task4,25169.0,score,2.14
task4,25170.0,score,2.19
task4,25171.0,score,2.18
task4,25172.0,score,2.17
task4,25173.0,score,2.08
task4,25174.0,score,2.04
task4,25175.0,score,2.0
task4,25176.0,score,2.01
task4,25177.0,score,1.99
task4,25178.0,score,2.02
task4,25179.0,score,1.93
task4,25180.0,score,1.95
task4,25181.0,score,1.93
task4,25182.0,score,1.94
task4,25183.0,score,1.99
task4,25184.0,score,2.0
task4,25185.0,score,2.0
task4,25186.0,score,1.99
task4,25187.0,score,2.01
task4,25188.0,score,2.08
task4,25189.0,score,2.07
task4,25190.0,score,2.06
task4,25191.0,score,2.07
task4,25192.0,score,2.04
task4,25193.0,score,2.04
task4,25194.0,score,2.12
task4,25195.0,score,2.04
task4,25196.0,score,2.01
task4,25197.0,score,2.01
task4,25198.0,score,2.03
task4,25199.0,score,2.04
task4,25200.0,score,2.02
task4,25201.0,score,2.01
task4,25202.0,score,2.03
task4,25203.0,score,2.08
task4,25204.0,score,2.07
task4,25205.0,score,2.06
task4,25206.0,score,2.07
task4,25207.0,score,2.03
task4,25208.0,score,2.04
task4,25209.0,score,1.99
task4,25210.0,score,2.02
task4,25211.0,score,2.04
task4,25212.0,score,2.04
task4,25213.0,score,2.02
task4,25214.0,score,2.0
task4,25215.0,score,1.95
task4,25216.0,score,1.94
task4,25217.0,score,1.97
task4,25218.0,score,1.95
task4,25219.0,score,1.97
task4,25220.0,score,1.97
task4,25221.0,score,1.98
task4,25222.0,score,1.98
task4,25223.0,score,2.01
task4,25224.0,score,2.01
task4,25225.0,score,2.03
task4,25226.0,score,2.03
task4,25227.0,score,2.03
task4,25228.0,score,2.05
task4,25229.0,score,2.06
task4,25230.0,score,2.04
task4,25231.0,score,2.03
task4,25232.0,score,1.97
task4,25233.0,score,1.99
task4,25234.0,score,1.97
task4,25235.0,score,1.97
task4,25236.0,score,1.98
task4,25237.0,score,1.98
task4,25238.0,score,2.02
task4,25239.0,score,2.02
task4,25240.0,score,2.04
task4,25241.0,score,2.05
task4,25242.0,score,2.08
task4,25243.0,score,2.08
task4,25244.0,score,2.1
task4,25245.0,score,2.12
task4,25246.0,score,2.11
task4,25247.0,score,2.11
task4,25248.0,score,2.1
task4,25249.0,score,2.09
task4,25250.0,score,2.08
task4,25251.0,score,2.08
task4,25252.0,score,2.08
task4,25253.0,score,2.03
task4,25254.0,score,2.05
task4,25255.0,score,2.03
task4,25256.0,score,2.01
task4,25257.0,score,2.04
task4,25258.0,score,2.04
task4,25259.0,score,2.06
task4,25260.0,score,2.04
task4,25261.0,score,2.01
task4,25262.0,score,2.02
task4,25263.0,score,2.03
task4,25264.0,score,2.02
task4,25265.0,score,2.04
task4,25266.0,score,2.04
task4,25267.0,score,2.03
task4,25268.0,score,2.05
task4,25269.0,score,2.05
task4,25270.0,score,2.01
task4,25271.0,score,1.99
task4,25272.0,score,2.01
task4,25273.0,score,2.03
task4,25274.0,score,2.04
task4,25275.0,score,2.05
task4,25276.0,score,2.04
task4,25277.0,score,2.06
task4,25278.0,score,2.04
task4,25279.0,score,2.06
task4,25280.0,score,2.04
task4,25281.0,score,2.07
task4,25282.0,score,2.05
task4,25283.0,score,2.02
task4,25284.0,score,2.01
task4,25285.0,score,1.99
task4,25286.0,score,1.99
task4,25287.0,score,1.99
task4,25288.0,score,2.0
task4,25289.0,score,2.0
task4,25290.0,score,1.97
task4,25291.0,score,1.98
task4,25292.0,score,1.98
task4,25293.0,score,2.01
task4,25294.0,score,1.94
task4,25295.0,score,2.05
task4,25296.0,score,2.05
task4,25297.0,score,2.05
task4,25298.0,score,2.04
task4,25299.0,score,2.02
task4,25300.0,score,2.05
task4,25301.0,score,2.11
task4,25302.0,score,2.09
task4,25303.0,score,2.1
task4,25304.0,score,2.11
task4,25305.0,score,2.08
task4,25306.0,score,2.1
task4,25307.0,score,2.13
task4,25308.0,score,2.13
task4,25309.0,score,2.2
task4,25310.0,score,2.18
task4,25311.0,score,2.16
task4,25312.0,score,2.13
task4,25313.0,score,2.14
task4,25314.0,score,2.15
task4,25315.0,score,2.14
task4,25316.0,score,2.16
task4,25317.0,score,2.13
task4,25318.0,score,2.16
task4,25319.0,score,2.17
task4,25320.0,score,2.21
task4,25321.0,score,2.19
task4,25322.0,score,2.18
task4,25323.0,score,2.13
task4,25324.0,score,2.11
task4,25325.0,score,2.14
task4,25326.0,score,2.14
task4,25327.0,score,2.13
task4,25328.0,score,2.11
task4,25329.0,score,2.15
task4,25330.0,score,2.16
task4,25331.0,score,2.15
task4,25332.0,score,2.13
task4,25333.0,score,2.13
task4,25334.0,score,2.15
task4,25335.0,score,2.15
task4,25336.0,score,2.15
task4,25337.0,score,2.15
task4,25338.0,score,2.13
task4,25339.0,score,2.12
task4,25340.0,score,2.11
task4,25341.0,score,2.1
task4,25342.0,score,2.08
task4,25343.0,score,2.07
task4,25344.0,score,2.03
task4,25345.0,score,2.03
task4,25346.0,score,2.04
task4,25347.0,score,2.02
task4,25348.0,score,2.05
task4,25349.0,score,2.04
task4,25350.0,score,2.06
task4,25351.0,score,2.07
task4,25352.0,score,2.06
task4,25353.0,score,2.08
task4,25354.0,score,2.06
task4,25355.0,score,2.05
task4,25356.0,score,2.04
task4,25357.0,score,2.02
task4,25358.0,score,2.05
task4,25359.0,score,2.08
task4,25360.0,score,2.09
task4,25361.0,score,2.08
task4,25362.0,score,2.09
task4,25363.0,score,2.12
task4,25364.0,score,2.13
task4,25365.0,score,2.1
task4,25366.0,score,2.11
task4,25367.0,score,2.13
task4,25368.0,score,2.14
task4,25369.0,score,2.15
task4,25370.0,score,2.13
task4,25371.0,score,2.14
task4,25372.0,score,2.12
task4,25373.0,score,2.13
task4,25374.0,score,2.13
task4,25375.0,score,2.18
task4,25376.0,score,2.17
task4,25377.0,score,2.15
task4,25378.0,score,2.14
task4,25379.0,score,2.15
task4,25380.0,score,2.14
task4,25381.0,score,2.12
task4,25382.0,score,2.15
task4,25383.0,score,2.14
task4,25384.0,score,2.15
task4,25385.0,score,2.17
task4,25386.0,score,2.23
task4,25387.0,score,2.21
task4,25388.0,score,2.15
task4,25389.0,score,2.14
task4,25390.0,score,2.15
task4,25391.0,score,2.13
task4,25392.0,score,2.16
task4,25393.0,score,2.13
task4,25394.0,score,2.13
task4,25395.0,score,2.02
task4,25396.0,score,2.02
task4,25397.0,score,2.0
task4,25398.0,score,1.99
task4,25399.0,score,1.99
task4,25400.0,score,1.97
task4,25401.0,score,1.94
task4,25402.0,score,1.93
task4,25403.0,score,1.85
task4,25404.0,score,1.83
task4,25405.0,score,1.86
task4,25406.0,score,1.86
task4,25407.0,score,1.84
task4,25408.0,score,1.85
task4,25409.0,score,1.79
task4,25410.0,score,1.8
task4,25411.0,score,1.78
task4,25412.0,score,1.78
task4,25413.0,score,1.78
task4,25414.0,score,1.77
task4,25415.0,score,1.78
task4,25416.0,score,1.75
task4,25417.0,score,1.73
task4,25418.0,score,1.7
task4,25419.0,score,1.68
task4,25420.0,score,1.65
task4,25421.0,score,1.72
task4,25422.0,score,1.73
task4,25423.0,score,1.77
task4,25424.0,score,1.79
task4,25425.0,score,1.76
task4,25426.0,score,1.77
task4,25427.0,score,1.79
task4,25428.0,score,1.8
task4,25429.0,score,1.77
task4,25430.0,score,1.79
task4,25431.0,score,1.79
task4,25432.0,score,1.8
task4,25433.0,score,1.79
task4,25434.0,score,1.77
task4,25435.0,score,1.78
task4,25436.0,score,1.8
task4,25437.0,score,1.8
task4,25438.0,score,1.82
task4,25439.0,score,1.83
task4,25440.0,score,1.84
task4,25441.0,score,1.86
task4,25442.0,score,1.86
task4,25443.0,score,1.86
task4,25444.0,score,1.84
task4,25445.0,score,1.86
task4,25446.0,score,1.87
task4,25447.0,score,1.87
task4,25448.0,score,1.85
task4,25449.0,score,1.84
task4,25450.0,score,1.83
task4,25451.0,score,1.81
task4,25452.0,score,1.82
task4,25453.0,score,1.82
task4,25454.0,score,1.81
task4,25455.0,score,1.83
task4,25456.0,score,1.84
task4,25457.0,score,1.83
task4,25458.0,score,1.79
task4,25459.0,score,1.75
task4,25460.0,score,1.75
task4,25461.0,score,1.77
task4,25462.0,score,1.77
task4,25463.0,score,1.75
task4,25464.0,score,1.76
task4,25465.0,score,1.76
task4,25466.0,score,1.76
task4,25467.0,score,1.74
task4,25468.0,score,1.74
task4,25469.0,score,1.75
task4,25470.0,score,1.75
task4,25471.0,score,1.76
task4,25472.0,score,1.77
task4,25473.0,score,1.77
task4,25474.0,score,1.79
task4,25475.0,score,1.75
task4,25476.0,score,1.77
task4,25477.0,score,1.79
task4,25478.0,score,1.79
task4,25479.0,score,1.77
task4,25480.0,score,1.81
task4,25481.0,score,1.82
task4,25482.0,score,1.81
task4,25483.0,score,1.81
task4,25484.0,score,1.79
task4,25485.0,score,1.79
task4,25486.0,score,1.73
task4,25487.0,score,1.73
task4,25488.0,score,1.71
task4,25489.0,score,1.74
task4,25490.0,score,1.76
task4,25491.0,score,1.75
task4,25492.0,score,1.72
task4,25493.0,score,1.73
task4,25494.0,score,1.71
task4,25495.0,score,1.73
task4,25496.0,score,1.73
task4,25497.0,score,1.73
task4,25498.0,score,1.75
task4,25499.0,score,1.76
task4,25500.0,score,1.76
task4,25501.0,score,1.73
task4,25502.0,score,1.74
task4,25503.0,score,1.75
task4,25504.0,score,1.78
task4,25505.0,score,1.77
task4,25506.0,score,1.78
task4,25507.0,score,1.77
task4,25508.0,score,1.79
task4,25509.0,score,1.78
task4,25510.0,score,1.75
task4,25511.0,score,1.75
task4,25512.0,score,1.82
task4,25513.0,score,1.81
task4,25514.0,score,1.8
task4,25515.0,score,1.8
task4,25516.0,score,1.83
task4,25517.0,score,1.84
task4,25518.0,score,1.84
task4,25519.0,score,1.85
task4,25520.0,score,1.93
task4,25521.0,score,1.88
task4,25522.0,score,1.89
task4,25523.0,score,1.87
task4,25524.0,score,1.9
task4,25525.0,score,1.93
task4,25526.0,score,1.95
task4,25527.0,score,1.93
task4,25528.0,score,1.94
task4,25529.0,score,1.96
task4,25530.0,score,1.94
task4,25531.0,score,1.94
task4,25532.0,score,2.0
task4,25533.0,score,1.99
task4,25534.0,score,2.0
task4,25535.0,score,1.99
task4,25536.0,score,1.97
task4,25537.0,score,1.96
task4,25538.0,score,1.95
task4,25539.0,score,1.95
task4,25540.0,score,1.94
task4,25541.0,score,1.93
task4,25542.0,score,1.98
task4,25543.0,score,1.99
task4,25544.0,score,2.03
task4,25545.0,score,2.0
task4,25546.0,score,1.98
task4,25547.0,score,1.99
task4,25548.0,score,1.98
task4,25549.0,score,2.0
task4,25550.0,score,1.98
task4,25551.0,score,1.99
task4,25552.0,score,1.98
task4,25553.0,score,1.99
task4,25554.0,score,2.01
task4,25555.0,score,2.01
task4,25556.0,score,1.99
task4,25557.0,score,2.01
task4,25558.0,score,2.03
task4,25559.0,score,2.04
task4,25560.0,score,2.04
task4,25561.0,score,2.03
task4,25562.0,score,2.01
task4,25563.0,score,2.02
task4,25564.0,score,2.03
task4,25565.0,score,2.05
task4,25566.0,score,2.09
task4,25567.0,score,2.08
task4,25568.0,score,2.07
task4,25569.0,score,2.05
task4,25570.0,score,2.06
task4,25571.0,score,2.08
task4,25572.0,score,2.08
task4,25573.0,score,2.06
task4,25574.0,score,2.05
task4,25575.0,score,2.06
task4,25576.0,score,2.06
task4,25577.0,score,2.04
task4,25578.0,score,2.05
task4,25579.0,score,2.07
task4,25580.0,score,2.07
task4,25581.0,score,2.12
task4,25582.0,score,2.12
task4,25583.0,score,2.13
task4,25584.0,score,2.17
task4,25585.0,score,2.18
task4,25586.0,score,2.19
task4,25587.0,score,2.19
task4,25588.0,score,2.21
task4,25589.0,score,2.2
task4,25590.0,score,2.18
task4,25591.0,score,2.21
task4,25592.0,score,2.22
task4,25593.0,score,2.28
task4,25594.0,score,2.31
task4,25595.0,score,2.3
task4,25596.0,score,2.3
task4,25597.0,score,2.31
task4,25598.0,score,2.29
task4,25599.0,score,2.28
task4,25600.0,score,2.28
task4,25601.0,score,2.34
task4,25602.0,score,2.34
task4,25603.0,score,2.33
task4,25604.0,score,2.3
task4,25605.0,score,2.32
task4,25606.0,score,2.28
task4,25607.0,score,2.3
task4,25608.0,score,2.27
task4,25609.0,score,2.27
task4,25610.0,score,2.3
task4,25611.0,score,2.36
task4,25612.0,score,2.3
task4,25613.0,score,2.3
task4,25614.0,score,2.32
task4,25615.0,score,2.31
task4,25616.0,score,2.31
task4,25617.0,score,2.31
task4,25618.0,score,2.32
task4,25619.0,score,2.36
task4,25620.0,score,2.3
task4,25621.0,score,2.33
task4,25622.0,score,2.33
task4,25623.0,score,2.32
task4,25624.0,score,2.3
task4,25625.0,score,2.26
task4,25626.0,score,2.25
task4,25627.0,score,2.3
task4,25628.0,score,2.29
task4,25629.0,score,2.25
task4,25630.0,score,2.27
task4,25631.0,score,2.27
task4,25632.0,score,2.23
task4,25633.0,score,2.24
task4,25634.0,score,2.23
task4,25635.0,score,2.3
task4,25636.0,score,2.31
task4,25637.0,score,2.32
task4,25638.0,score,2.31
task4,25639.0,score,2.31
task4,25640.0,score,2.29
task4,25641.0,score,2.28
task4,25642.0,score,2.23
task4,25643.0,score,2.22
task4,25644.0,score,2.2
task4,25645.0,score,2.19
task4,25646.0,score,2.23
task4,25647.0,score,2.22
task4,25648.0,score,2.21
task4,25649.0,score,2.2
task4,25650.0,score,2.22
task4,25651.0,score,2.21
task4,25652.0,score,2.2
task4,25653.0,score,2.2
task4,25654.0,score,2.2
task4,25655.0,score,2.18
task4,25656.0,score,2.21
task4,25657.0,score,2.19
task4,25658.0,score,2.19
task4,25659.0,score,2.17
task4,25660.0,score,2.18
task4,25661.0,score,2.17
task4,25662.0,score,2.19
task4,25663.0,score,2.18
task4,25664.0,score,2.16
task4,25665.0,score,2.15
task4,25666.0,score,2.12
task4,25667.0,score,2.12
task4,25668.0,score,2.13
task4,25669.0,score,2.13
task4,25670.0,score,2.12
task4,25671.0,score,2.11
task4,25672.0,score,2.11
task4,25673.0,score,2.11
task4,25674.0,score,2.16
task4,25675.0,score,2.13
task4,25676.0,score,2.12
task4,25677.0,score,2.13
task4,25678.0,score,2.15
task4,25679.0,score,2.14
task4,25680.0,score,2.12
task4,25681.0,score,2.06
task4,25682.0,score,2.06
task4,25683.0,score,2.06
task4,25684.0,score,2.02
task4,25685.0,score,2.01
task4,25686.0,score,1.99
task4,25687.0,score,1.98
task4,25688.0,score,2.05
task4,25689.0,score,2.04
task4,25690.0,score,2.05
task4,25691.0,score,2.02
task4,25692.0,score,2.04
task4,25693.0,score,1.98
task4,25694.0,score,1.99
task4,25695.0,score,2.0
task4,25696.0,score,2.0
task4,25697.0,score,2.03
task4,25698.0,score,2.06
task4,25699.0,score,2.08
task4,25700.0,score,2.07
task4,25701.0,score,2.01
task4,25702.0,score,2.01
task4,25703.0,score,2.01
task4,25704.0,score,2.03
task4,25705.0,score,1.99
task4,25706.0,score,2.02
task4,25707.0,score,2.01
task4,25708.0,score,2.01
task4,25709.0,score,2.01
task4,25710.0,score,1.98
task4,25711.0,score,1.94
task4,25712.0,score,1.95
task4,25713.0,score,1.97
task4,25714.0,score,1.96
task4,25715.0,score,1.96
task4,25716.0,score,2.0
task4,25717.0,score,2.0
task4,25718.0,score,1.99
task4,25719.0,score,1.95
task4,25720.0,score,1.94
task4,25721.0,score,1.89
task4,25722.0,score,1.86
task4,25723.0,score,1.87
task4,25724.0,score,1.84
task4,25725.0,score,1.84
task4,25726.0,score,1.82
task4,25727.0,score,1.8
task4,25728.0,score,1.81
task4,25729.0,score,1.81
task4,25730.0,score,1.82
task4,25731.0,score,1.84
task4,25732.0,score,1.81
task4,25733.0,score,1.84
task4,25734.0,score,1.87
task4,25735.0,score,1.82
task4,25736.0,score,1.86
task4,25737.0,score,1.83
task4,25738.0,score,1.84
task4,25739.0,score,1.83
task4,25740.0,score,1.85
task4,25741.0,score,1.87
task4,25742.0,score,1.86
task4,25743.0,score,1.86
task4,25744.0,score,1.87
task4,25745.0,score,1.88
task4,25746.0,score,1.84
task4,25747.0,score,1.83
task4,25748.0,score,1.9
task4,25749.0,score,1.91
task4,25750.0,score,1.9
task4,25751.0,score,1.91
task4,25752.0,score,1.91
task4,25753.0,score,1.89
task4,25754.0,score,1.87
task4,25755.0,score,1.91
task4,25756.0,score,1.89
task4,25757.0,score,1.9
task4,25758.0,score,1.9
task4,25759.0,score,1.9
task4,25760.0,score,1.88
task4,25761.0,score,1.88
task4,25762.0,score,1.85
task4,25763.0,score,1.87
task4,25764.0,score,1.87
task4,25765.0,score,1.89
task4,25766.0,score,1.91
task4,25767.0,score,1.91
task4,25768.0,score,1.93
task4,25769.0,score,1.97
task4,25770.0,score,1.99
task4,25771.0,score,1.97
task4,25772.0,score,1.98
task4,25773.0,score,1.98
task4,25774.0,score,1.9
task4,25775.0,score,1.93
task4,25776.0,score,1.95
task4,25777.0,score,1.97
task4,25778.0,score,1.95
task4,25779.0,score,1.94
task4,25780.0,score,1.92
task4,25781.0,score,1.96
task4,25782.0,score,1.95
task4,25783.0,score,1.95
task4,25784.0,score,1.95
task4,25785.0,score,1.94
task4,25786.0,score,1.94
task4,25787.0,score,1.96
task4,25788.0,score,1.88
task4,25789.0,score,1.87
task4,25790.0,score,1.85
task4,25791.0,score,1.86
task4,25792.0,score,1.82
task4,25793.0,score,1.82
task4,25794.0,score,1.81
task4,25795.0,score,1.79
task4,25796.0,score,1.83
task4,25797.0,score,1.81
task4,25798.0,score,1.78
task4,25799.0,score,1.81
task4,25800.0,score,1.83
task4,25801.0,score,1.89
task4,25802.0,score,1.91
task4,25803.0,score,1.91
task4,25804.0,score,1.93
task4,25805.0,score,1.95
task4,25806.0,score,1.93
task4,25807.0,score,1.91
task4,25808.0,score,1.92
task4,25809.0,score,1.91
task4,25810.0,score,1.92
task4,25811.0,score,1.94
task4,25812.0,score,1.96
task4,25813.0,score,1.95
task4,25814.0,score,1.95
task4,25815.0,score,1.94
task4,25816.0,score,1.9
task4,25817.0,score,1.9
task4,25818.0,score,1.91
task4,25819.0,score,2.0
task4,25820.0,score,1.98
task4,25821.0,score,2.04
task4,25822.0,score,2.04
task4,25823.0,score,2.1
task4,25824.0,score,2.12
task4,25825.0,score,2.12
task4,25826.0,score,2.12
task4,25827.0,score,2.09
task4,25828.0,score,2.07
task4,25829.0,score,2.08
task4,25830.0,score,2.04
task4,25831.0,score,2.04
task4,25832.0,score,2.05
task4,25833.0,score,2.04
task4,25834.0,score,2.01
task4,25835.0,score,2.01
task4,25836.0,score,1.98
task4,25837.0,score,2.01
task4,25838.0,score,2.01
task4,25839.0,score,2.05
task4,25840.0,score,2.03
task4,25841.0,score,2.01
task4,25842.0,score,2.02
task4,25843.0,score,2.01
task4,25844.0,score,2.01
task4,25845.0,score,2.0
task4,25846.0,score,2.07
task4,25847.0,score,2.09
task4,25848.0,score,2.01
task4,25849.0,score,2.02
task4,25850.0,score,2.07
task4,25851.0,score,2.11
task4,25852.0,score,2.14
task4,25853.0,score,2.16
task4,25854.0,score,2.18
task4,25855.0,score,2.14
task4,25856.0,score,2.17
task4,25857.0,score,2.18
task4,25858.0,score,2.17
task4,25859.0,score,2.23
task4,25860.0,score,2.25
task4,25861.0,score,2.24
task4,25862.0,score,2.25
task4,25863.0,score,2.23
task4,25864.0,score,2.23
task4,25865.0,score,2.21
task4,25866.0,score,2.18
task4,25867.0,score,2.19
task4,25868.0,score,2.16
task4,25869.0,score,2.12
task4,25870.0,score,2.12
task4,25871.0,score,2.13
task4,25872.0,score,2.12
task4,25873.0,score,2.12
task4,25874.0,score,2.13
task4,25875.0,score,2.1
task4,25876.0,score,2.09
task4,25877.0,score,2.09
task4,25878.0,score,2.15
task4,25879.0,score,2.17
task4,25880.0,score,2.18
task4,25881.0,score,2.13
task4,25882.0,score,2.13
task4,25883.0,score,2.19
task4,25884.0,score,2.19
task4,25885.0,score,2.22
task4,25886.0,score,2.22
task4,25887.0,score,2.22
task4,25888.0,score,2.21
task4,25889.0,score,2.23
task4,25890.0,score,2.25
task4,25891.0,score,2.26
task4,25892.0,score,2.27
task4,25893.0,score,2.3
task4,25894.0,score,2.29
task4,25895.0,score,2.32
task4,25896.0,score,2.28
task4,25897.0,score,2.27
task4,25898.0,score,2.29
task4,25899.0,score,2.24
task4,25900.0,score,2.23
task4,25901.0,score,2.17
task4,25902.0,score,2.14
task4,25903.0,score,2.16
task4,25904.0,score,2.12
task4,25905.0,score,2.11
task4,25906.0,score,2.13
task4,25907.0,score,2.14
task4,25908.0,score,2.12
task4,25909.0,score,2.14
task4,25910.0,score,2.14
task4,25911.0,score,2.13
task4,25912.0,score,2.12
task4,25913.0,score,2.11
task4,25914.0,score,2.12
task4,25915.0,score,2.16
task4,25916.0,score,2.13
task4,25917.0,score,2.12
task4,25918.0,score,2.11
task4,25919.0,score,2.01
task4,25920.0,score,2.05
task4,25921.0,score,1.99
task4,25922.0,score,2.0
task4,25923.0,score,1.93
task4,25924.0,score,1.93
task4,25925.0,score,1.94
task4,25926.0,score,1.95
task4,25927.0,score,1.95
task4,25928.0,score,1.95
task4,25929.0,score,1.96
task4,25930.0,score,1.99
task4,25931.0,score,1.99
task4,25932.0,score,1.98
task4,25933.0,score,1.96
task4,25934.0,score,1.97
task4,25935.0,score,1.95
task4,25936.0,score,1.92
task4,25937.0,score,1.9
task4,25938.0,score,1.9
task4,25939.0,score,1.89
task4,25940.0,score,1.89
task4,25941.0,score,1.88
task4,25942.0,score,1.9
task4,25943.0,score,1.93
task4,25944.0,score,1.92
task4,25945.0,score,1.93
task4,25946.0,score,1.87
task4,25947.0,score,1.86
task4,25948.0,score,1.87
task4,25949.0,score,1.85
task4,25950.0,score,1.8
task4,25951.0,score,1.78
task4,25952.0,score,1.82
task4,25953.0,score,1.81
task4,25954.0,score,1.81
task4,25955.0,score,1.81
task4,25956.0,score,1.79
task4,25957.0,score,1.78
task4,25958.0,score,1.8
task4,25959.0,score,1.74
task4,25960.0,score,1.73
task4,25961.0,score,1.75
task4,25962.0,score,1.75
task4,25963.0,score,1.76
task4,25964.0,score,1.78
task4,25965.0,score,1.79
task4,25966.0,score,1.81
task4,25967.0,score,1.8
task4,25968.0,score,1.79
task4,25969.0,score,1.8
task4,25970.0,score,1.79
task4,25971.0,score,1.78
task4,25972.0,score,1.76
task4,25973.0,score,1.78
task4,25974.0,score,1.8
task4,25975.0,score,1.8
task4,25976.0,score,1.78
task4,25977.0,score,1.74
task4,25978.0,score,1.68
task4,25979.0,score,1.68
task4,25980.0,score,1.69
task4,25981.0,score,1.71
task4,25982.0,score,1.71
task4,25983.0,score,1.67
task4,25984.0,score,1.7
task4,25985.0,score,1.67
task4,25986.0,score,1.69
task4,25987.0,score,1.68
task4,25988.0,score,1.74
task4,25989.0,score,1.73
task4,25990.0,score,1.73
task4,25991.0,score,1.84
task4,25992.0,score,1.86
task4,25993.0,score,1.86
task4,25994.0,score,1.84
task4,25995.0,score,1.82
task4,25996.0,score,1.84
task4,25997.0,score,1.85
task4,25998.0,score,1.83
task4,25999.0,score,1.85
task4,26000.0,score,1.85
task4,26001.0,score,1.87
task4,26002.0,score,1.89
task4,26003.0,score,1.89
task4,26004.0,score,1.91
task4,26005.0,score,1.91
task4,26006.0,score,1.9
task4,26007.0,score,1.9
task4,26008.0,score,1.92
task4,26009.0,score,1.93
task4,26010.0,score,1.93
task4,26011.0,score,1.92
task4,26012.0,score,1.93
task4,26013.0,score,1.95
task4,26014.0,score,1.92
task4,26015.0,score,1.92
task4,26016.0,score,1.94
task4,26017.0,score,1.99
task4,26018.0,score,2.01
task4,26019.0,score,2.0
task4,26020.0,score,1.97
task4,26021.0,score,1.97
task4,26022.0,score,1.97
task4,26023.0,score,2.0
task4,26024.0,score,1.98
task4,26025.0,score,1.97
task4,26026.0,score,1.95
task4,26027.0,score,1.98
task4,26028.0,score,1.97
task4,26029.0,score,1.99
task4,26030.0,score,1.98
task4,26031.0,score,2.04
task4,26032.0,score,2.05
task4,26033.0,score,2.06
task4,26034.0,score,2.05
task4,26035.0,score,2.05
task4,26036.0,score,2.07
task4,26037.0,score,2.08
task4,26038.0,score,2.05
task4,26039.0,score,2.03
task4,26040.0,score,2.03
task4,26041.0,score,2.07
task4,26042.0,score,2.11
task4,26043.0,score,2.09
task4,26044.0,score,2.07
task4,26045.0,score,2.05
task4,26046.0,score,2.06
task4,26047.0,score,2.08
task4,26048.0,score,2.09
task4,26049.0,score,2.15
task4,26050.0,score,2.15
task4,26051.0,score,2.15
task4,26052.0,score,2.1
task4,26053.0,score,2.09
task4,26054.0,score,2.08
task4,26055.0,score,2.1
task4,26056.0,score,2.12
task4,26057.0,score,2.12
task4,26058.0,score,2.13
task4,26059.0,score,2.19
task4,26060.0,score,2.27
task4,26061.0,score,2.32
task4,26062.0,score,2.32
task4,26063.0,score,2.3
task4,26064.0,score,2.29
task4,26065.0,score,2.29
task4,26066.0,score,2.27
task4,26067.0,score,2.29
task4,26068.0,score,2.3
task4,26069.0,score,2.3
task4,26070.0,score,2.28
task4,26071.0,score,2.29
task4,26072.0,score,2.31
task4,26073.0,score,2.28
task4,26074.0,score,2.28
task4,26075.0,score,2.29
task4,26076.0,score,2.37
task4,26077.0,score,2.39
task4,26078.0,score,2.38
task4,26079.0,score,2.35
task4,26080.0,score,2.33
task4,26081.0,score,2.33
task4,26082.0,score,2.36
task4,26083.0,score,2.33
task4,26084.0,score,2.31
task4,26085.0,score,2.3
task4,26086.0,score,2.29
task4,26087.0,score,2.3
task4,26088.0,score,2.24
task4,26089.0,score,2.31
task4,26090.0,score,2.3
task4,26091.0,score,2.2
task4,26092.0,score,2.18
task4,26093.0,score,2.14
task4,26094.0,score,2.15
task4,26095.0,score,2.14
task4,26096.0,score,2.13
task4,26097.0,score,2.13
task4,26098.0,score,2.14
task4,26099.0,score,2.15
task4,26100.0,score,2.14
task4,26101.0,score,2.12
task4,26102.0,score,2.13
task4,26103.0,score,2.13
task4,26104.0,score,2.11
task4,26105.0,score,2.1
task4,26106.0,score,2.09
task4,26107.0,score,2.11
task4,26108.0,score,2.14
task4,26109.0,score,2.13
task4,26110.0,score,2.2
task4,26111.0,score,2.21
task4,26112.0,score,2.19
task4,26113.0,score,2.19
task4,26114.0,score,2.21
task4,26115.0,score,2.19
task4,26116.0,score,2.2
task4,26117.0,score,2.15
task4,26118.0,score,2.15
task4,26119.0,score,2.17
task4,26120.0,score,2.18
task4,26121.0,score,2.2
task4,26122.0,score,2.2
task4,26123.0,score,2.17
task4,26124.0,score,2.2
task4,26125.0,score,2.19
task4,26126.0,score,2.21
task4,26127.0,score,2.18
task4,26128.0,score,2.19
task4,26129.0,score,2.18
task4,26130.0,score,2.18
task4,26131.0,score,2.13
task4,26132.0,score,2.14
task4,26133.0,score,2.12
task4,26134.0,score,2.13
task4,26135.0,score,2.15
task4,26136.0,score,2.17
task4,26137.0,score,2.17
task4,26138.0,score,2.23
task4,26139.0,score,2.24
task4,26140.0,score,2.25
task4,26141.0,score,2.23
task4,26142.0,score,2.17
task4,26143.0,score,2.16
task4,26144.0,score,2.17
task4,26145.0,score,2.2
task4,26146.0,score,2.19
task4,26147.0,score,2.17
task4,26148.0,score,2.15
task4,26149.0,score,2.08
task4,26150.0,score,2.09
task4,26151.0,score,2.08
task4,26152.0,score,2.08
task4,26153.0,score,2.11
task4,26154.0,score,2.12
task4,26155.0,score,2.11
task4,26156.0,score,2.11
task4,26157.0,score,2.1
task4,26158.0,score,2.07
task4,26159.0,score,2.02
task4,26160.0,score,1.96
task4,26161.0,score,1.92
task4,26162.0,score,1.93
task4,26163.0,score,1.93
task4,26164.0,score,1.94
task4,26165.0,score,1.94
task4,26166.0,score,1.96
task4,26167.0,score,1.96
task4,26168.0,score,1.96
task4,26169.0,score,1.96
task4,26170.0,score,1.96
task4,26171.0,score,1.97
task4,26172.0,score,1.95
task4,26173.0,score,2.0
task4,26174.0,score,2.0
task4,26175.0,score,2.01
task4,26176.0,score,1.97
task4,26177.0,score,1.97
task4,26178.0,score,1.97
task4,26179.0,score,1.99
task4,26180.0,score,2.01
task4,26181.0,score,2.01
task4,26182.0,score,1.98
task4,26183.0,score,1.98
task4,26184.0,score,1.98
task4,26185.0,score,2.04
task4,26186.0,score,2.04
task4,26187.0,score,2.02
task4,26188.0,score,2.04
task4,26189.0,score,1.97
task4,26190.0,score,2.0
task4,26191.0,score,1.97
task4,26192.0,score,1.96
task4,26193.0,score,1.99
task4,26194.0,score,1.98
task4,26195.0,score,2.0
task4,26196.0,score,2.01
task4,26197.0,score,2.03
task4,26198.0,score,2.06
task4,26199.0,score,2.03
task4,26200.0,score,2.04
task4,26201.0,score,2.04
task4,26202.0,score,2.01
task4,26203.0,score,2.02
task4,26204.0,score,2.01
task4,26205.0,score,2.01
task4,26206.0,score,2.01
task4,26207.0,score,2.02
task4,26208.0,score,1.98
task4,26209.0,score,2.02
task4,26210.0,score,1.97
task4,26211.0,score,1.95
task4,26212.0,score,1.96
task4,26213.0,score,1.93
task4,26214.0,score,1.91
task4,26215.0,score,1.89
task4,26216.0,score,1.87
task4,26217.0,score,1.88
task4,26218.0,score,1.92
task4,26219.0,score,1.9
task4,26220.0,score,1.9
task4,26221.0,score,1.91
task4,26222.0,score,1.92
task4,26223.0,score,1.92
task4,26224.0,score,1.91
task4,26225.0,score,2.01
task4,26226.0,score,2.02
task4,26227.0,score,2.03
task4,26228.0,score,2.04
task4,26229.0,score,2.01
task4,26230.0,score,1.99
task4,26231.0,score,1.97
task4,26232.0,score,1.98
task4,26233.0,score,1.99
task4,26234.0,score,1.98
task4,26235.0,score,1.95
task4,26236.0,score,1.93
task4,26237.0,score,1.92
task4,26238.0,score,1.87
task4,26239.0,score,1.87
task4,26240.0,score,1.89
task4,26241.0,score,1.88
task4,26242.0,score,1.89
task4,26243.0,score,1.92
task4,26244.0,score,1.92
task4,26245.0,score,1.89
task4,26246.0,score,1.88
task4,26247.0,score,1.9
task4,26248.0,score,1.92
task4,26249.0,score,1.94
task4,26250.0,score,1.93
task4,26251.0,score,1.92
task4,26252.0,score,1.94
task4,26253.0,score,1.92
task4,26254.0,score,1.91
task4,26255.0,score,1.91
task4,26256.0,score,1.87
task4,26257.0,score,1.89
task4,26258.0,score,1.89
task4,26259.0,score,1.91
task4,26260.0,score,1.88
task4,26261.0,score,1.9
task4,26262.0,score,1.95
task4,26263.0,score,1.97
task4,26264.0,score,1.96
task4,26265.0,score,1.96
task4,26266.0,score,1.95
task4,26267.0,score,1.94
task4,26268.0,score,1.98
task4,26269.0,score,2.0
task4,26270.0,score,2.09
task4,26271.0,score,2.08
task4,26272.0,score,2.09
task4,26273.0,score,2.11
task4,26274.0,score,2.1
task4,26275.0,score,2.1
task4,26276.0,score,2.07
task4,26277.0,score,2.07
task4,26278.0,score,2.08
task4,26279.0,score,2.06
task4,26280.0,score,2.05
task4,26281.0,score,2.04
task4,26282.0,score,2.06
task4,26283.0,score,2.06
task4,26284.0,score,2.07
task4,26285.0,score,2.04
task4,26286.0,score,2.08
task4,26287.0,score,2.09
task4,26288.0,score,2.08
task4,26289.0,score,2.08
task4,26290.0,score,2.05
task4,26291.0,score,2.06
task4,26292.0,score,2.09
task4,26293.0,score,2.06
task4,26294.0,score,2.08
task4,26295.0,score,2.09
task4,26296.0,score,2.07
task4,26297.0,score,2.03
task4,26298.0,score,2.02
task4,26299.0,score,2.03
task4,26300.0,score,2.04
task4,26301.0,score,2.04
task4,26302.0,score,2.09
task4,26303.0,score,2.07
task4,26304.0,score,2.09
task4,26305.0,score,2.09
task4,26306.0,score,2.09
task4,26307.0,score,2.14
task4,26308.0,score,2.14
task4,26309.0,score,2.11
task4,26310.0,score,2.09
task4,26311.0,score,2.09
task4,26312.0,score,2.06
task4,26313.0,score,2.07
task4,26314.0,score,2.09
task4,26315.0,score,2.1
task4,26316.0,score,2.09
task4,26317.0,score,2.11
task4,26318.0,score,2.06
task4,26319.0,score,2.08
task4,26320.0,score,2.06
task4,26321.0,score,2.06
task4,26322.0,score,2.06
task4,26323.0,score,2.06
task4,26324.0,score,2.07
task4,26325.0,score,1.99
task4,26326.0,score,2.01
task4,26327.0,score,2.04
task4,26328.0,score,2.03
task4,26329.0,score,2.04
task4,26330.0,score,2.05
task4,26331.0,score,2.04
task4,26332.0,score,2.02
task4,26333.0,score,2.02
task4,26334.0,score,2.03
task4,26335.0,score,2.06
task4,26336.0,score,2.05
task4,26337.0,score,2.06
task4,26338.0,score,2.06
task4,26339.0,score,2.07
task4,26340.0,score,2.04
task4,26341.0,score,2.1
task4,26342.0,score,2.1
task4,26343.0,score,2.1
task4,26344.0,score,2.12
task4,26345.0,score,2.12
task4,26346.0,score,2.12
task4,26347.0,score,2.11
task4,26348.0,score,2.09
task4,26349.0,score,2.12
task4,26350.0,score,2.1
task4,26351.0,score,2.15
task4,26352.0,score,2.13
task4,26353.0,score,2.11
task4,26354.0,score,2.11
task4,26355.0,score,2.12
task4,26356.0,score,2.18
task4,26357.0,score,2.16
task4,26358.0,score,2.15
task4,26359.0,score,2.24
task4,26360.0,score,2.24
task4,26361.0,score,2.2
task4,26362.0,score,2.17
task4,26363.0,score,2.15
task4,26364.0,score,2.14
task4,26365.0,score,2.12
task4,26366.0,score,2.11
task4,26367.0,score,2.19
task4,26368.0,score,2.13
task4,26369.0,score,2.11
task4,26370.0,score,2.03
task4,26371.0,score,2.04
task4,26372.0,score,2.04
task4,26373.0,score,1.98
task4,26374.0,score,2.02
task4,26375.0,score,2.0
task4,26376.0,score,2.0
task4,26377.0,score,2.01
task4,26378.0,score,1.99
task4,26379.0,score,2.02
task4,26380.0,score,2.03
task4,26381.0,score,2.03
task4,26382.0,score,2.02
task4,26383.0,score,2.03
task4,26384.0,score,2.02
task4,26385.0,score,1.99
task4,26386.0,score,1.99
task4,26387.0,score,2.01
task4,26388.0,score,2.01
task4,26389.0,score,2.03
task4,26390.0,score,2.02
task4,26391.0,score,2.01
task4,26392.0,score,2.06
task4,26393.0,score,2.07
task4,26394.0,score,2.06
task4,26395.0,score,2.03
task4,26396.0,score,2.03
task4,26397.0,score,2.05
task4,26398.0,score,2.04
task4,26399.0,score,2.05
task4,26400.0,score,2.03
task4,26401.0,score,2.09
task4,26402.0,score,2.05
task4,26403.0,score,2.06
task4,26404.0,score,2.07
task4,26405.0,score,2.08
task4,26406.0,score,2.1
task4,26407.0,score,2.07
task4,26408.0,score,2.06
task4,26409.0,score,2.08
task4,26410.0,score,2.1
task4,26411.0,score,2.09
task4,26412.0,score,2.11
task4,26413.0,score,2.12
task4,26414.0,score,2.12
task4,26415.0,score,2.11
task4,26416.0,score,2.12
task4,26417.0,score,2.12
task4,26418.0,score,2.11
task4,26419.0,score,2.1
task4,26420.0,score,2.11
task4,26421.0,score,2.08
task4,26422.0,score,2.09
task4,26423.0,score,2.08
task4,26424.0,score,2.08
task4,26425.0,score,2.07
task4,26426.0,score,2.04
task4,26427.0,score,2.02
task4,26428.0,score,2.03
task4,26429.0,score,2.03
task4,26430.0,score,2.05
task4,26431.0,score,2.06
task4,26432.0,score,2.08
task4,26433.0,score,2.1
task4,26434.0,score,2.12
task4,26435.0,score,2.1
task4,26436.0,score,2.12
task4,26437.0,score,2.17
task4,26438.0,score,2.2
task4,26439.0,score,2.19
task4,26440.0,score,2.21
task4,26441.0,score,2.15
task4,26442.0,score,2.13
task4,26443.0,score,2.12
task4,26444.0,score,2.15
task4,26445.0,score,2.22
task4,26446.0,score,2.27
task4,26447.0,score,2.3
task4,26448.0,score,2.32
task4,26449.0,score,2.35
task4,26450.0,score,2.36
task4,26451.0,score,2.31
task4,26452.0,score,2.33
task4,26453.0,score,2.34
task4,26454.0,score,2.37
task4,26455.0,score,2.38
task4,26456.0,score,2.35
task4,26457.0,score,2.34
task4,26458.0,score,2.37
task4,26459.0,score,2.27
task4,26460.0,score,2.29
task4,26461.0,score,2.29
task4,26462.0,score,2.26
task4,26463.0,score,2.26
task4,26464.0,score,2.25
task4,26465.0,score,2.26
task4,26466.0,score,2.28
task4,26467.0,score,2.19
task4,26468.0,score,2.21
task4,26469.0,score,2.22
task4,26470.0,score,2.25
task4,26471.0,score,2.25
task4,26472.0,score,2.24
task4,26473.0,score,2.26
task4,26474.0,score,2.2
task4,26475.0,score,2.22
task4,26476.0,score,2.23
task4,26477.0,score,2.22
task4,26478.0,score,2.23
task4,26479.0,score,2.21
task4,26480.0,score,2.22
task4,26481.0,score,2.21
task4,26482.0,score,2.22
task4,26483.0,score,2.24
task4,26484.0,score,2.24
task4,26485.0,score,2.25
task4,26486.0,score,2.2
task4,26487.0,score,2.17
task4,26488.0,score,2.17
task4,26489.0,score,2.15
task4,26490.0,score,2.17
task4,26491.0,score,2.19
task4,26492.0,score,2.11
task4,26493.0,score,2.12
task4,26494.0,score,2.14
task4,26495.0,score,2.16
task4,26496.0,score,2.16
task4,26497.0,score,2.15
task4,26498.0,score,2.15
task4,26499.0,score,2.16
task4,26500.0,score,2.17
task4,26501.0,score,2.13
task4,26502.0,score,2.15
task4,26503.0,score,2.14
task4,26504.0,score,2.11
task4,26505.0,score,2.11
task4,26506.0,score,2.09
task4,26507.0,score,2.04
task4,26508.0,score,2.05
task4,26509.0,score,2.03
task4,26510.0,score,2.0
task4,26511.0,score,2.02
task4,26512.0,score,2.0
task4,26513.0,score,2.01
task4,26514.0,score,1.99
task4,26515.0,score,2.02
task4,26516.0,score,2.05
task4,26517.0,score,2.06
task4,26518.0,score,2.05
task4,26519.0,score,2.04
task4,26520.0,score,2.05
task4,26521.0,score,2.07
task4,26522.0,score,2.04
task4,26523.0,score,2.05
task4,26524.0,score,2.04
task4,26525.0,score,2.07
task4,26526.0,score,2.07
task4,26527.0,score,2.06
task4,26528.0,score,2.04
task4,26529.0,score,2.07
task4,26530.0,score,2.05
task4,26531.0,score,2.03
task4,26532.0,score,2.02
task4,26533.0,score,2.01
task4,26534.0,score,2.0
task4,26535.0,score,2.0
task4,26536.0,score,1.99
task4,26537.0,score,1.94
task4,26538.0,score,1.9
task4,26539.0,score,1.9
task4,26540.0,score,1.88
task4,26541.0,score,1.91
task4,26542.0,score,1.91
task4,26543.0,score,1.91
task4,26544.0,score,1.87
task4,26545.0,score,1.81
task4,26546.0,score,1.75
task4,26547.0,score,1.7
task4,26548.0,score,1.7
task4,26549.0,score,1.63
task4,26550.0,score,1.64
task4,26551.0,score,1.65
task4,26552.0,score,1.62
task4,26553.0,score,1.61
task4,26554.0,score,1.6
task4,26555.0,score,1.58
task4,26556.0,score,1.62
task4,26557.0,score,1.65
task4,26558.0,score,1.65
task4,26559.0,score,1.63
task4,26560.0,score,1.62
task4,26561.0,score,1.62
task4,26562.0,score,1.62
task4,26563.0,score,1.65
task4,26564.0,score,1.66
task4,26565.0,score,1.69
task4,26566.0,score,1.69
task4,26567.0,score,1.69
task4,26568.0,score,1.71
task4,26569.0,score,1.75
task4,26570.0,score,1.74
task4,26571.0,score,1.71
task4,26572.0,score,1.71
task4,26573.0,score,1.72
task4,26574.0,score,1.73
task4,26575.0,score,1.72
task4,26576.0,score,1.73
task4,26577.0,score,1.73
task4,26578.0,score,1.75
task4,26579.0,score,1.79
task4,26580.0,score,1.78
task4,26581.0,score,1.78
task4,26582.0,score,1.76
task4,26583.0,score,1.75
task4,26584.0,score,1.75
task4,26585.0,score,1.74
task4,26586.0,score,1.77
task4,26587.0,score,1.77
task4,26588.0,score,1.76
task4,26589.0,score,1.76
task4,26590.0,score,1.75
task4,26591.0,score,1.74
task4,26592.0,score,1.77
task4,26593.0,score,1.79
task4,26594.0,score,1.76
task4,26595.0,score,1.74
task4,26596.0,score,1.76
task4,26597.0,score,1.76
task4,26598.0,score,1.74
task4,26599.0,score,1.72
task4,26600.0,score,1.74
task4,26601.0,score,1.75
task4,26602.0,score,1.73
task4,26603.0,score,1.73
task4,26604.0,score,1.75
task4,26605.0,score,1.75
task4,26606.0,score,1.76
task4,26607.0,score,1.79
task4,26608.0,score,1.78
task4,26609.0,score,1.79
task4,26610.0,score,1.81
task4,26611.0,score,1.8
task4,26612.0,score,1.8
task4,26613.0,score,1.77
task4,26614.0,score,1.77
task4,26615.0,score,1.76
task4,26616.0,score,1.76
task4,26617.0,score,1.74
task4,26618.0,score,1.75
task4,26619.0,score,1.77
task4,26620.0,score,1.76
task4,26621.0,score,1.74
task4,26622.0,score,1.74
task4,26623.0,score,1.73
task4,26624.0,score,1.71
task4,26625.0,score,1.7
task4,26626.0,score,1.69
task4,26627.0,score,1.68
task4,26628.0,score,1.69
task4,26629.0,score,1.65
task4,26630.0,score,1.73
task4,26631.0,score,1.78
task4,26632.0,score,1.77
task4,26633.0,score,1.77
task4,26634.0,score,1.75
task4,26635.0,score,1.76
task4,26636.0,score,1.76
task4,26637.0,score,1.76
task4,26638.0,score,1.77
task4,26639.0,score,1.77
task4,26640.0,score,1.77
task4,26641.0,score,1.74
task4,26642.0,score,1.76
task4,26643.0,score,1.78
task4,26644.0,score,1.76
task4,26645.0,score,1.82
task4,26646.0,score,1.83
task4,26647.0,score,1.84
task4,26648.0,score,1.83
task4,26649.0,score,1.85
task4,26650.0,score,1.85
task4,26651.0,score,1.85
task4,26652.0,score,1.85
task4,26653.0,score,1.87
task4,26654.0,score,1.84
task4,26655.0,score,1.84
task4,26656.0,score,1.78
task4,26657.0,score,1.76
task4,26658.0,score,1.75
task4,26659.0,score,1.75
task4,26660.0,score,1.75
task4,26661.0,score,1.75
task4,26662.0,score,1.78
task4,26663.0,score,1.75
task4,26664.0,score,1.75
task4,26665.0,score,1.72
task4,26666.0,score,1.73
task4,26667.0,score,1.76
task4,26668.0,score,1.73
task4,26669.0,score,1.69
task4,26670.0,score,1.67
task4,26671.0,score,1.68
task4,26672.0,score,1.76
task4,26673.0,score,1.73
task4,26674.0,score,1.75
task4,26675.0,score,1.74
task4,26676.0,score,1.76
task4,26677.0,score,1.74
task4,26678.0,score,1.74
task4,26679.0,score,1.74
task4,26680.0,score,1.75
task4,26681.0,score,1.78
task4,26682.0,score,1.77
task4,26683.0,score,1.75
task4,26684.0,score,1.77
task4,26685.0,score,1.79
task4,26686.0,score,1.77
task4,26687.0,score,1.78
task4,26688.0,score,1.82
task4,26689.0,score,1.83
task4,26690.0,score,1.85
task4,26691.0,score,1.87
task4,26692.0,score,1.88
task4,26693.0,score,1.85
task4,26694.0,score,1.86
task4,26695.0,score,1.86
task4,26696.0,score,1.84
task4,26697.0,score,1.86
task4,26698.0,score,1.88
task4,26699.0,score,1.9
task4,26700.0,score,1.88
task4,26701.0,score,1.88
task4,26702.0,score,1.9
task4,26703.0,score,1.89
task4,26704.0,score,1.87
task4,26705.0,score,1.89
task4,26706.0,score,1.88
task4,26707.0,score,1.87
task4,26708.0,score,1.89
task4,26709.0,score,1.92
task4,26710.0,score,1.95
task4,26711.0,score,1.94
task4,26712.0,score,1.96
task4,26713.0,score,1.99
task4,26714.0,score,2.01
task4,26715.0,score,2.01
task4,26716.0,score,1.98
task4,26717.0,score,2.01
task4,26718.0,score,2.03
task4,26719.0,score,2.03
task4,26720.0,score,2.03
task4,26721.0,score,2.05
task4,26722.0,score,2.05
task4,26723.0,score,2.08
task4,26724.0,score,2.11
task4,26725.0,score,2.08
task4,26726.0,score,2.09
task4,26727.0,score,2.11
task4,26728.0,score,2.12
task4,26729.0,score,2.2
task4,26730.0,score,2.12
task4,26731.0,score,2.14
task4,26732.0,score,2.14
task4,26733.0,score,2.14
task4,26734.0,score,2.14
task4,26735.0,score,2.14
task4,26736.0,score,2.15
task4,26737.0,score,2.21
task4,26738.0,score,2.21
task4,26739.0,score,2.2
task4,26740.0,score,2.2
task4,26741.0,score,2.21
task4,26742.0,score,2.23
task4,26743.0,score,2.21
task4,26744.0,score,2.26
task4,26745.0,score,2.22
task4,26746.0,score,2.22
task4,26747.0,score,2.27
task4,26748.0,score,2.34
task4,26749.0,score,2.33
task4,26750.0,score,2.34
task4,26751.0,score,2.32
task4,26752.0,score,2.34
task4,26753.0,score,2.36
task4,26754.0,score,2.37
task4,26755.0,score,2.4
task4,26756.0,score,2.41
task4,26757.0,score,2.44
task4,26758.0,score,2.43
task4,26759.0,score,2.44
task4,26760.0,score,2.45
task4,26761.0,score,2.47
task4,26762.0,score,2.46
task4,26763.0,score,2.47
task4,26764.0,score,2.46
task4,26765.0,score,2.45
task4,26766.0,score,2.44
task4,26767.0,score,2.42
task4,26768.0,score,2.43
task4,26769.0,score,2.46
task4,26770.0,score,2.45
task4,26771.0,score,2.44
task4,26772.0,score,2.39
task4,26773.0,score,2.41
task4,26774.0,score,2.39
task4,26775.0,score,2.43
task4,26776.0,score,2.41
task4,26777.0,score,2.43
task4,26778.0,score,2.42
task4,26779.0,score,2.38
task4,26780.0,score,2.4
task4,26781.0,score,2.38
task4,26782.0,score,2.38
task4,26783.0,score,2.39
task4,26784.0,score,2.39
task4,26785.0,score,2.4
task4,26786.0,score,2.41
task4,26787.0,score,2.41
task4,26788.0,score,2.39
task4,26789.0,score,2.4
task4,26790.0,score,2.42
task4,26791.0,score,2.39
task4,26792.0,score,2.37
task4,26793.0,score,2.39
task4,26794.0,score,2.37
task4,26795.0,score,2.4
task4,26796.0,score,2.4
task4,26797.0,score,2.38
task4,26798.0,score,2.37
task4,26799.0,score,2.37
task4,26800.0,score,2.38
task4,26801.0,score,2.35
task4,26802.0,score,2.32
task4,26803.0,score,2.35
task4,26804.0,score,2.37
task4,26805.0,score,2.37
task4,26806.0,score,2.4
task4,26807.0,score,2.4
task4,26808.0,score,2.39
task4,26809.0,score,2.32
task4,26810.0,score,2.3
task4,26811.0,score,2.33
task4,26812.0,score,2.35
task4,26813.0,score,2.34
task4,26814.0,score,2.35
task4,26815.0,score,2.34
task4,26816.0,score,2.34
